drug,adverse_event,report_count
vedolizumab,off label use,32249
dupilumab,pruritus,20807
vedolizumab,colitis ulcerative,19255
vedolizumab,diarrhoea,18758
dupilumab,dermatitis atopic,18172
vedolizumab,crohn's disease,17356
vedolizumab,abdominal pain,16597
dupilumab,injection site pain,13360
dupilumab,product use in unapproved indication,12263
dupilumab,rash,12083
tirzepatide,incorrect dose administered,11583
vedolizumab,haematochezia,11309
vedolizumab,fatigue,10570
vedolizumab,frequent bowel movements,10457
dupilumab,eczema,10344
dupilumab,condition aggravated,9359
vedolizumab,malaise,8709
dupilumab,drug ineffective,8300
vedolizumab,drug ineffective,8259
vedolizumab,blood pressure increased,8141
dupilumab,dry skin,7882
relugolix,hot flush,7744
vedolizumab,therapeutic reaction time decreased,7555
vedolizumab,product dose omission issue,7490
dupilumab,inappropriate schedule of product administration,7481
vedolizumab,arthralgia,7033
dupilumab,asthma,6845
dupilumab,accidental exposure to product,6838
dupilumab,exposure via skin contact,6789
vedolizumab,nausea,6749
human c1-esterase inhibitor,hereditary angioedema,6692
infliximab-dyyb,off label use,6311
somatropin,drug dose omission by device,6258
dupilumab,arthralgia,6133
treprostinil,cough,6115
relugolix,fatigue,6013
tirzepatide,nausea,5878
vedolizumab,inappropriate schedule of product administration,5872
dupilumab,dyspnoea,5861
vedolizumab,constipation,5819
treprostinil,dyspnoea,5777
dupilumab,product dose omission issue,5769
treprostinil,headache,5761
vedolizumab,headache,5322
vedolizumab,nasopharyngitis,5060
vedolizumab,vomiting,5002
human immunoglobulin g,headache,4976
human immunoglobulin g,fatigue,4970
dupilumab,incorrect dose administered,4955
albuterol sulfate,wrong technique in product usage process,4807
human immunoglobulin g,covid-19,4791
human immunoglobulin g,sinusitis,4784
dupilumab,erythema,4767
tirzepatide,injection site pain,4735
dupilumab,cough,4724
dupilumab,off label use,4712
albuterol sulfate,drug dose omission by device,4685
treprostinil,diarrhoea,4521
insulin glargine,off label use,4491
vedolizumab,stress,4447
vedolizumab,defaecation urgency,4395
human immunoglobulin g,product dose omission issue,4297
dupilumab,product dose omission in error,4265
dapagliflozin,death,4225
dupilumab,skin exfoliation,4197
vedolizumab,abdominal distension,4034
dupilumab,therapeutic response shortened,4007
tirzepatide,extra dose administered,4006
infliximab-dyyb,condition aggravated,3965
somatropin,device leakage,3926
human immunoglobulin g,inappropriate schedule of product administration,3891
vedolizumab,abdominal pain upper,3869
dupilumab,dry eye,3868
vedolizumab,rectal haemorrhage,3844
teduglutide,product dose omission issue,3824
dupilumab,injection site swelling,3812
treprostinil,nausea,3798
teduglutide,weight decreased,3782
vedolizumab,asthenia,3770
rituximab,off label use,3721
treprostinil,fatigue,3677
tirzepatide,diarrhoea,3652
dupilumab,sleep disorder due to a general medical condition,3581
vedolizumab,pyrexia,3532
vedolizumab,weight decreased,3520
teduglutide,diarrhoea,3515
vedolizumab,pneumonia,3504
treprostinil,dizziness,3458
human immunoglobulin g,pneumonia,3427
vedolizumab,dizziness,3416
dupilumab,rash erythematous,3371
somatropin,device breakage,3346
"antihemophilic factor, human recombinant",haemarthrosis,3341
human immunoglobulin g,pain,3296
vedolizumab,cough,3296
human immunoglobulin g,illness,3293
vedolizumab,abdominal discomfort,3282
semaglutide,nausea,3260
vedolizumab,covid-19,3244
tirzepatide,vomiting,3190
vedolizumab,heart rate increased,3177
vedolizumab,influenza,3154
dupilumab,injection site erythema,3115
albuterol sulfate,device delivery system issue,3107
infliximab,off label use,3107
lenalidomide,off label use,3103
lenalidomide,diarrhoea,3089
albuterol sulfate,no adverse event,3035
tislelizumab,myelosuppression,3023
vedolizumab,mucous stools,2993
dupilumab,headache,2938
human immunoglobulin g,nasopharyngitis,2915
vedolizumab,faeces soft,2913
human immunoglobulin g,nausea,2896
somatropin,device mechanical issue,2892
teduglutide,weight increased,2865
semaglutide,off label use,2833
dupilumab,pain,2827
human immunoglobulin g,malaise,2823
human immunoglobulin g,urinary tract infection,2820
evolocumab,device difficult to use,2808
copper,complication of device removal,2777
idursulfase,inappropriate schedule of product administration,2744
copper,device breakage,2741
human immunoglobulin g,infection,2741
human immunoglobulin g,fall,2722
guselkumab,product dose omission issue,2718
dupilumab,rebound effect,2700
lenalidomide,fatigue,2689
dupilumab,nasopharyngitis,2675
dupilumab,therapeutic response decreased,2665
emicizumab-kxwh,haemorrhage,2665
vedolizumab,pain,2652
"antihemophilic factor, human recombinant",haemorrhage,2649
abatacept,arthralgia,2646
ruxolitinib,off label use,2641
lutetium lu-177 vipivotide tetraxetan,general physical health deterioration,2619
vedolizumab,flatulence,2590
acetaminophen,exposure during pregnancy,2587
tirzepatide,drug ineffective,2572
albuterol sulfate,dyspnoea,2564
dupilumab,skin burning sensation,2554
human immunoglobulin g,pyrexia,2553
dupilumab,eye pruritus,2542
idursulfase,product dose omission issue,2528
dupilumab,fatigue,2520
vedolizumab,illness,2504
bimekizumab-bkzx,product dose omission issue,2489
pimavanserin tartrate,hallucination,2484
vedolizumab,poor venous access,2470
idursulfase,pyrexia,2440
copper,foreign body in reproductive tract,2429
vedolizumab,intestinal obstruction,2412
human immunoglobulin g,cough,2410
vedolizumab,fall,2394
icatibant acetate,hereditary angioedema,2382
vedolizumab,back pain,2376
vedolizumab,decreased appetite,2361
somatropin,device information output issue,2344
abatacept,joint swelling,2341
certolizumab pegol,rheumatoid arthritis,2336
lenalidomide,product dose omission issue,2336
lanadelumab,hereditary angioedema,2322
human immunoglobulin g,off label use,2278
tirzepatide,constipation,2274
teduglutide,nausea,2273
treprostinil,oxygen saturation decreased,2269
vedolizumab,oropharyngeal pain,2269
teduglutide,vascular device infection,2263
teduglutide,decreased appetite,2234
tirzepatide,accidental underdose,2224
nintedanib,diarrhoea,2223
human immunoglobulin g\hyaluronidase (human recombinant),inappropriate schedule of product administration,2222
fenfluramine,seizure,2220
dupilumab,nasal congestion,2211
teduglutide,abdominal pain,2179
omalizumab,urticaria,2157
human immunoglobulin g,dyspnoea,2156
vedolizumab,pregnancy,2140
human immunoglobulin g,influenza,2139
treprostinil,therapy non-responder,2134
vedolizumab,urinary tract infection,2127
vedolizumab,abdominal pain lower,2125
acetaminophen,toxicity to various agents,2122
infliximab-dyyb,intentional product use issue,2118
human immunoglobulin g,bronchitis,2117
vedolizumab,haemorrhoids,2099
albuterol,device delivery system issue,2098
semaglutide,vomiting,2091
teduglutide,vomiting,2085
dupilumab,skin fissures,2079
dupilumab,urticaria,2078
esketamine,dissociation,2065
human immunoglobulin g,infusion related reaction,2063
human immunoglobulin g,infusion site pain,2059
idursulfase,cough,2043
human immunoglobulin g,upper respiratory tract infection,2037
dupilumab,illness,2019
infliximab-dyyb,arthralgia,2011
teduglutide,dehydration,1955
osimertinib,death,1946
dupilumab,rebound atopic dermatitis,1945
dupilumab,ocular hyperaemia,1941
human immunoglobulin g,insurance issue,1931
mepolizumab,product dose omission issue,1930
human immunoglobulin g,weight decreased,1915
omalizumab,off label use,1913
leuprolide acetate,intercepted product preparation error,1900
teduglutide,product use issue,1899
relugolix,asthenia,1896
vedolizumab,anxiety,1895
human immunoglobulin g,diarrhoea,1881
vedolizumab,dyspnoea,1878
dupilumab,injection site bruising,1869
human immunoglobulin g,pruritus,1865
relugolix,incorrect dose administered,1865
dupilumab,vision blurred,1861
omalizumab,no adverse event,1849
tirzepatide,product dose omission issue,1840
human immunoglobulin g,product use issue,1838
treprostinil,hypotension,1832
bevacizumab,off label use,1828
human immunoglobulin g,back pain,1818
copper,reproductive complication associated with device,1817
tirzepatide,off label use,1817
semaglutide,diarrhoea,1816
treprostinil,vomiting,1812
dupilumab,hypersensitivity,1810
semaglutide,constipation,1806
dupilumab,rebound eczema,1802
vedolizumab,sinusitis,1791
semaglutide,decreased appetite,1788
lenalidomide,therapy interrupted,1786
velaglucerase alfa,inappropriate schedule of product administration,1782
teduglutide,abdominal distension,1781
pimavanserin tartrate,death,1775
cenegermin-bkbj,eye pain,1770
semaglutide,impaired gastric emptying,1767
nemolizumab-ilto,product dose omission issue,1763
dupilumab,injection site pruritus,1762
finasteride,adverse drug reaction,1762
human immunoglobulin g,arthralgia,1761
human immunoglobulin g,infusion site swelling,1759
treprostinil,dyspnoea exertional,1756
dupilumab,rhinorrhoea,1733
evolocumab,drug dose omission by device,1732
vedolizumab,anal incontinence,1727
tirzepatide,injection site erythema,1711
lenalidomide,rash,1707
trofinetide,diarrhoea,1699
bimekizumab-bkzx,psoriasis,1696
human immunoglobulin g,rash,1693
dupilumab,rash pruritic,1692
esketamine,sedation,1678
vedolizumab,drug level decreased,1677
human immunoglobulin g,infusion site erythema,1674
infliximab-dyyb,inappropriate schedule of product administration,1667
budesonide\formoterol\glycopyrronium,death,1666
human immunoglobulin g,blood pressure increased,1657
.alpha.1-proteinase inhibitor human,inappropriate schedule of product administration,1652
human immunoglobulin g,vomiting,1648
medroxyprogesterone acetate,meningioma,1645
dupilumab,dizziness,1642
teduglutide,fatigue,1639
treprostinil,throat irritation,1637
metformin hydrochloride,lactic acidosis,1635
dupilumab,pyrexia,1629
idursulfase,poor venous access,1625
rituximab,intentional product use issue,1616
ustekinumab,product dose omission issue,1613
tirzepatide,injection site haemorrhage,1605
dupilumab,influenza,1604
tirzepatide,fatigue,1603
vedolizumab,hypertension,1601
belimumab,systemic lupus erythematosus,1592
vedolizumab,blood pressure decreased,1589
vedolizumab,dehydration,1587
albuterol,drug dose omission by device,1578
pembrolizumab,malignant neoplasm progression,1575
vedolizumab,lower respiratory tract infection,1566
treprostinil,infusion site pain,1560
treprostinil,asthenia,1558
human immunoglobulin g,pain in extremity,1557
relugolix,arthralgia,1552
human immunoglobulin g,respiratory tract infection,1551
abemaciclib,diarrhoea,1550
treprostinil,weight decreased,1548
dupilumab,eye irritation,1543
tofacitinib citrate,condition aggravated,1534
dupilumab,nausea,1531
vedolizumab,bronchitis,1526
dupilumab,pneumonia,1519
treprostinil,feeling abnormal,1508
durvalumab,death,1507
human immunoglobulin g\hyaluronidase (human recombinant),pneumonia,1506
dupilumab,diarrhoea,1505
vedolizumab,pain in extremity,1503
teduglutide,malaise,1498
human immunoglobulin g,asthenia,1496
"antihemophilic factor, human recombinant",fall,1489
insulin lispro,haemorrhage,1489
treprostinil,productive cough,1489
cabozantinib s-malate,off label use,1488
relugolix,diarrhoea,1488
insulin glargine,product storage error,1485
teduglutide,illness,1482
treprostinil,pain,1480
dupilumab,dermatitis,1477
human immunoglobulin g,viral infection,1474
certolizumab pegol,drug ineffective,1470
teduglutide,pyrexia,1469
dupilumab,rash macular,1468
semaglutide,wrong technique in product usage process,1464
dupilumab,impaired quality of life,1458
mycophenolate mofetil,off label use,1456
levonorgestrel,device expulsion,1455
vedolizumab,clostridium difficile infection,1454
certolizumab pegol,off label use,1452
teduglutide,covid-19,1451
idursulfase,malaise,1438
teduglutide,inappropriate schedule of product administration,1436
adalimumab,drug ineffective,1433
dupilumab,pain in extremity,1429
human immunoglobulin g,dizziness,1429
idursulfase,covid-19,1428
estradiol,product adhesion issue,1412
teduglutide,abdominal pain upper,1412
ponatinib,product dose omission issue,1411
treprostinil,off label use,1404
copper,pain,1403
teduglutide,flatulence,1401
human immunoglobulin g\hyaluronidase (human recombinant),infusion site erythema,1399
human immunoglobulin g\hyaluronidase (human recombinant),covid-19,1398
human immunoglobulin g,ear infection,1396
human immunoglobulin g\hyaluronidase (human recombinant),sinusitis,1394
nemolizumab-ilto,inappropriate schedule of product administration,1393
certolizumab pegol,product dose omission issue,1389
somatropin,device issue,1387
teduglutide,pain,1385
idursulfase,nasopharyngitis,1379
budesonide\formoterol\glycopyrrolate,device delivery system issue,1375
dupilumab,sinusitis,1373
clozapine,neutropenia,1371
human immunoglobulin g,multiple allergies,1370
treprostinil,pain in extremity,1369
somatropin,device physical property issue,1367
vedolizumab,weight increased,1363
treprostinil,decreased appetite,1360
human immunoglobulin g\hyaluronidase (human recombinant),fatigue,1359
golimumab,product dose omission issue,1358
insulin lispro,blood glucose increased,1356
vedolizumab,dyspepsia,1351
human immunoglobulin g,seasonal allergy,1341
infliximab,intentional product use issue,1341
dupilumab,neurodermatitis,1328
teduglutide,nasopharyngitis,1326
dupilumab,myalgia,1325
idursulfase,weight increased,1324
ruxolitinib,fatigue,1322
rituximab-pvvr,off label use,1321
.alpha.1-proteinase inhibitor human,dyspnoea,1320
somatropin,device use error,1316
human immunoglobulin g,migraine,1315
palbociclib,fatigue,1314
relugolix,product dose omission issue,1312
belimumab,product dose omission issue,1309
tirzepatide,injection site bruising,1304
vedolizumab,anal fissure,1302
treprostinil,pneumonia,1301
vedolizumab,loss of therapeutic response,1297
treprostinil,chest pain,1294
human immunoglobulin g\hyaluronidase (human recombinant),malaise,1293
nemolizumab-ilto,device malfunction,1290
teduglutide,abnormal faeces,1283
dupilumab,wheezing,1281
human immunoglobulin g,urticaria,1277
idursulfase,dyspnoea,1276
galcanezumab-gnlm,injection site pain,1275
teduglutide,weight fluctuation,1274
albuterol sulfate,device deposit issue,1265
human immunoglobulin g,infusion site pruritus,1264
mepolizumab,asthma,1264
tirzepatide,abdominal pain upper,1259
human immunoglobulin g,contusion,1258
velaglucerase alfa,product dose omission issue,1258
lenalidomide,constipation,1257
dupilumab,dysphagia,1255
semaglutide,product use in unapproved indication,1253
vedolizumab,rhinorrhoea,1253
dupilumab,discomfort,1252
clozapine,hospitalisation,1251
tofacitinib citrate,pain,1249
dupilumab,injection site reaction,1248
pomalidomide,fatigue,1242
infliximab,condition aggravated,1241
vedolizumab,heart rate decreased,1241
"antihemophilic factor, human recombinant",joint injury,1240
dupilumab,product preparation error,1239
treprostinil,arthralgia,1239
dupilumab,oropharyngeal pain,1236
vedolizumab,product availability issue,1234
abatacept,rheumatoid arthritis,1232
adalimumab,off label use,1229
dupilumab,covid-19,1229
vedolizumab,nasal congestion,1225
prednisone,off label use,1221
vedolizumab,myalgia,1220
acetaminophen,foetal exposure during pregnancy,1219
human immunoglobulin g,oropharyngeal pain,1217
human immunoglobulin g,asthma,1216
risankizumab-rzaa,psoriasis,1214
somatropin,wrong technique in device usage process,1214
mepolizumab,off label use,1213
abaloparatide,headache,1208
vedolizumab,arthritis,1206
treprostinil,seasonal allergy,1205
cannabidiol,hospitalisation,1204
tirzepatide,therapeutic response changed,1204
tirzepatide,weight increased,1204
bimekizumab-bkzx,drug ineffective,1203
cannabidiol,seizure,1198
human immunoglobulin g\hyaluronidase (human recombinant),product dose omission issue,1197
dulaglutide,nausea,1196
tirzepatide,abdominal pain,1196
fenfluramine,tricuspid valve incompetence,1193
"antihemophilic factor, human recombinant",limb injury,1183
copper,emotional distress,1181
lanadelumab,product dose omission issue,1181
lenalidomide,death,1181
palbociclib,white blood cell count decreased,1180
budesonide\formoterol\glycopyrrolate,product dose omission issue,1178
human immunoglobulin g,weight increased,1178
vedolizumab,influenza like illness,1175
"antihemophilic factor, human recombinant",arthralgia,1174
teduglutide,asthenia,1174
treprostinil,malaise,1174
human immunoglobulin g\hyaluronidase (human recombinant),headache,1173
acetaminophen,overdose,1171
idursulfase,incorrect dose administered,1171
bimekizumab-bkzx,hidradenitis,1169
sarilumab,arthralgia,1169
treprostinil,oropharyngeal pain,1168
dupilumab,skin haemorrhage,1165
dupilumab,weight increased,1164
methotrexate,drug ineffective,1161
abatacept,pain,1158
tirzepatide,headache,1157
acetaminophen,autism spectrum disorder,1156
vedolizumab,anaemia,1155
dulaglutide,vomiting,1154
vedolizumab,chills,1154
.alpha.1-proteinase inhibitor human,pneumonia,1152
relugolix,dizziness,1148
teduglutide,muscle spasms,1148
clozapine,death,1146
treprostinil,abdominal discomfort,1145
icatibant acetate,weight increased,1144
.alpha.1-proteinase inhibitor human,blood pressure increased,1143
semaglutide,weight decreased,1142
cyclosporine,eye irritation,1139
copper,embedded device,1135
dupilumab,intentional dose omission,1134
insulin glargine,blood glucose increased,1131
somatropin,device defective,1129
dupilumab,injection site urticaria,1128
icatibant acetate,weight decreased,1128
tirzepatide,accidental overdose,1128
icatibant acetate,product use issue,1125
adalimumab,arthralgia,1124
dupilumab,back pain,1122
lanadelumab,weight decreased,1120
human immunoglobulin g,chills,1119
human immunoglobulin g\hyaluronidase (human recombinant),infusion site pain,1119
human immunoglobulin g,productive cough,1116
somatropin,device delivery system issue,1116
adalimumab,pain,1113
vedolizumab,peripheral swelling,1109
tirzepatide,injection site reaction,1108
dupilumab,nasal polyps,1106
vedolizumab,gastrointestinal inflammation,1105
dupilumab,eosinophilic oesophagitis,1100
semaglutide,weight increased,1100
treprostinil,peripheral swelling,1098
diclofenac sodium,product use in unapproved indication,1095
dupilumab,injection site rash,1095
human immunoglobulin g,feeling abnormal,1094
rituximab,pneumonia,1093
dupilumab,insomnia,1090
human immunoglobulin g,gastrointestinal disorder,1090
venetoclax,death,1088
acetaminophen,intentional overdose,1087
levonorgestrel,device dislocation,1087
semaglutide,inappropriate schedule of product administration,1087
teduglutide,stoma complication,1087
vedolizumab,colitis,1084
vedolizumab,faeces discoloured,1084
leuprolide acetate,death,1081
teduglutide,abdominal discomfort,1081
idursulfase,diarrhoea,1080
vedolizumab,chest pain,1078
vedolizumab,oxygen saturation decreased,1075
human immunoglobulin g\hyaluronidase (human recombinant),infusion site swelling,1074
pimavanserin tartrate,drug ineffective,1073
vedolizumab,gastrooesophageal reflux disease,1073
teduglutide,incorrect dose administered,1071
treprostinil,epistaxis,1065
velaglucerase alfa,fatigue,1064
human immunoglobulin g,infusion site discharge,1062
calcium oxybate\magnesium oxybate\potassium oxybate\sodium oxybate,surgery,1060
human immunoglobulin g\hyaluronidase (human recombinant),pyrexia,1060
dupilumab,skin swelling,1059
dupilumab,productive cough,1058
human immunoglobulin g,arthritis,1057
teduglutide,peripheral swelling,1056
vedolizumab,infection,1056
lanadelumab,weight increased,1055
human immunoglobulin g,infusion site haemorrhage,1053
idursulfase,vomiting,1053
secukinumab,accidental exposure to product,1051
methotrexate,off label use,1050
cyclosporine,drug ineffective,1045
vedolizumab,pruritus,1045
human immunoglobulin g,drug hypersensitivity,1044
omalizumab,asthma,1041
vedolizumab,gastrointestinal disorder,1041
somatropin,incorrect dose administered by device,1038
vedolizumab,insomnia,1038
human immunoglobulin g,dermatitis contact,1037
tirzepatide,dizziness,1037
semaglutide,abdominal pain upper,1036
tirzepatide,eructation,1031
"antihemophilic factor, human recombinant",muscle haemorrhage,1030
human immunoglobulin g,incorrect dose administered,1025
dupilumab,peripheral swelling,1024
emtricitabine\tenofovir disoproxil fumarate,bone density decreased,1020
tirzepatide,alopecia,1020
upadacitinib,arthralgia,1020
dupilumab,stress,1016
idursulfase,fatigue,1013
lenalidomide,white blood cell count decreased,1012
treprostinil,product dose omission issue,1012
vedolizumab,drug effect less than expected,1012
vedolizumab,mouth ulceration,1010
certolizumab pegol,maternal exposure during pregnancy,1009
certolizumab pegol,psoriatic arthropathy,1009
dupilumab,malaise,1009
dupilumab,vomiting,1006
tirzepatide,illness,1006
treprostinil,device issue,1006
dulaglutide,impaired gastric emptying,1000
certolizumab pegol,therapy interrupted,999
relugolix,constipation,999
icatibant acetate,treatment noncompliance,997
ramipril,recalled product administered,997
treprostinil,flushing,997
human immunoglobulin g,infusion site bruising,996
ofatumumab,fatigue,996
vedolizumab,migraine,993
human immunoglobulin g,peripheral swelling,992
abaloparatide,dizziness,989
velaglucerase alfa,weight increased,989
velaglucerase alfa,bone pain,984
infliximab,overdose,982
teduglutide,frequent bowel movements,982
clozapine,off label use,981
dupilumab,conjunctivitis,979
human immunoglobulin g,erythema,977
teduglutide,urinary tract infection,975
vedolizumab,gastrointestinal infection,974
"antihemophilic factor, human recombinant",contusion,972
ramipril,no adverse event,970
vedolizumab,fistula,967
guselkumab,device deployment issue,966
treprostinil,chest discomfort,963
omalizumab,pruritus,962
sarilumab,pain,962
treprostinil,nasopharyngitis,957
teduglutide,pneumonia,956
albuterol sulfate,wrong technique in device usage process,955
leuprolide acetate,syringe issue,954
tirzepatide,injection site pruritus,954
.alpha.1-proteinase inhibitor human,cough,953
certolizumab pegol,ankylosing spondylitis,952
vedolizumab,gastroenteritis,952
idursulfase,influenza,951
tirzepatide,dyspepsia,950
treprostinil,fluid retention,950
leuprolide acetate,device leakage,949
dupilumab,skin irritation,948
guselkumab,accidental exposure to product,946
copper,anxiety,943
omalizumab,drug ineffective,942
treprostinil,inappropriate schedule of product administration,942
idursulfase,ear infection,941
risankizumab-rzaa,arthralgia,940
dupilumab,chest discomfort,939
dupilumab,sleep disorder,937
ethinyl estradiol\norelgestromin,product adhesion issue,936
prednisone,drug ineffective,935
budesonide\formoterol\glycopyrrolate,dyspnoea,934
diclofenac sodium,drug effective for unapproved indication,934
vedolizumab,large intestine polyp,933
budesonide\formoterol\glycopyrrolate,wrong technique in device usage process,932
vedolizumab,productive cough,932
pimavanserin tartrate,product use issue,931
lenalidomide,neuropathy peripheral,929
metformin hydrochloride,acute kidney injury,929
velaglucerase alfa,nausea,928
human immunoglobulin g,incorrect drug administration rate,927
infliximab-dyyb,fatigue,926
golimumab,device issue,924
upadacitinib,pain,922
velaglucerase alfa,covid-19,921
treprostinil,infusion site erythema,916
risankizumab-rzaa,device issue,913
human immunoglobulin g,lower respiratory tract infection,911
leuprolide acetate,hot flush,911
vedolizumab,diverticulitis,911
treprostinil,fall,910
lenalidomide,pneumonia,908
pimavanserin tartrate,product dose omission issue,907
dupilumab,drug hypersensitivity,906
vedolizumab,feeling abnormal,905
bimekizumab-bkzx,off label use,903
certolizumab pegol,inappropriate schedule of product administration,902
icatibant acetate,stress,901
relugolix,pain,901
teduglutide,constipation,901
treprostinil,abdominal pain upper,899
leuprolide acetate,injection site pain,896
teduglutide,sepsis,896
levetiracetam,drug ineffective,895
velaglucerase alfa,blood pressure increased,894
ruxolitinib,product dose omission issue,893
tirzepatide,blood glucose increased,891
vedolizumab,nephrolithiasis,891
vedolizumab,rash,891
human immunoglobulin g\hyaluronidase (human recombinant),nasopharyngitis,890
adalimumab,fatigue,886
relugolix,weight increased,886
tirzepatide,decreased appetite,886
abaloparatide,nausea,884
idursulfase,pain,884
dupilumab,oral herpes,883
fentanyl,drug abuse,882
relugolix,therapy interrupted,882
velaglucerase alfa,abdominal pain,882
nintedanib,nausea,881
omalizumab,dyspnoea,881
risankizumab-rzaa,pain,879
vedolizumab,maternal exposure during breast feeding,879
lenalidomide,nausea,876
.alpha.1-proteinase inhibitor human,product dose omission issue,875
abaloparatide,fatigue,875
teduglutide,insurance issue,875
dupilumab,fall,874
cenobamate,seizure,873
idursulfase,product availability issue,872
acetaminophen,drug ineffective,869
infliximab,crohn's disease,869
tofacitinib citrate,drug ineffective,869
idursulfase,rhinorrhoea,868
icatibant acetate,product dose omission issue,867
vedolizumab,intestinal stenosis,866
dupilumab,chronic obstructive pulmonary disease,864
idursulfase,weight decreased,864
human immunoglobulin g,gastroenteritis viral,862
human immunoglobulin g\hyaluronidase (human recombinant),incorrect dose administered,862
relugolix,insomnia,862
vedolizumab,abnormal faeces,862
idursulfase,productive cough,861
vedolizumab,haemoglobin decreased,860
trofinetide,underdose,858
ocrelizumab,fatigue,857
semaglutide,dehydration,857
teduglutide,influenza,857
.alpha.1-proteinase inhibitor human,oxygen saturation decreased,855
tacrolimus,off label use,854
risankizumab-rzaa,crohn's disease,852
dupilumab,alopecia,851
bimekizumab,psoriatic arthropathy,850
dupilumab,intentional product misuse,845
ponatinib,off label use,842
bimekizumab-bkzx,product availability issue,838
dupilumab,scratch,838
teduglutide,fall,837
icatibant acetate,malaise,835
teduglutide,cough,835
human immunoglobulin g\hyaluronidase (human recombinant),infection,834
evolocumab,injection site pain,833
dupilumab,visual impairment,832
idursulfase,heart rate increased,832
oxycodone hydrochloride,drug dependence,832
cabozantinib s-malate,diarrhoea,831
dupilumab,infection,829
rituximab,fatigue,828
dupilumab,psoriasis,827
tocilizumab,off label use,827
dupilumab,lacrimation increased,826
risankizumab-rzaa,surgery,826
teduglutide,gastrointestinal disorder,826
human immunoglobulin g,drug ineffective,825
icatibant acetate,inappropriate schedule of product administration,825
tofacitinib citrate,illness,825
sarilumab,drug ineffective,821
lanadelumab,inappropriate schedule of product administration,820
dinutuximab,pyrexia,819
apixaban,death,818
treprostinil,anxiety,818
human immunoglobulin g,limb injury,816
risankizumab-rzaa,fall,814
treprostinil,oedema peripheral,813
ethinyl estradiol\norelgestromin,no adverse event,812
human immunoglobulin g,sinus disorder,812
nemolizumab-ilto,incorrect dose administered,812
relugolix,myalgia,811
cenobamate,product dose omission issue,809
dulaglutide,abdominal pain,806
human immunoglobulin g\hyaluronidase (human recombinant),nausea,806
dupilumab,blister,805
dupilumab,abdominal pain upper,803
dupilumab,skin discolouration,803
human immunoglobulin g,anxiety,802
human immunoglobulin g\hyaluronidase (human recombinant),weight increased,802
ofatumumab,headache,802
tofacitinib citrate,off label use,801
infliximab-dyyb,therapeutic response shortened,799
human immunoglobulin g,poor venous access,798
omalizumab,product dose omission issue,798
teduglutide,drug ineffective,797
olaparib,death,795
icatibant acetate,headache,794
treprostinil,pain in jaw,792
idursulfase,blood pressure increased,790
teduglutide,gastrointestinal stoma output increased,789
infliximab,drug ineffective,787
dupilumab,weight decreased,786
teduglutide,insomnia,786
risankizumab-rzaa,fatigue,785
relugolix,hyperhidrosis,784
erenumab-aooe,device difficult to use,780
levetiracetam,seizure,780
omalizumab,cough,780
human immunoglobulin g,muscle spasms,779
human immunoglobulin g\hyaluronidase (human recombinant),pain,778
infliximab-dyyb,blood pressure increased,778
semaglutide,headache,778
teduglutide,injection site pain,778
human immunoglobulin g\hyaluronidase (human recombinant),weight decreased,776
copper,abnormal uterine bleeding,775
idursulfase,agitation,774
risankizumab-rzaa,diarrhoea,774
teduglutide,intestinal obstruction,774
icatibant acetate,product availability issue,773
semaglutide,dizziness,772
copper,emotional disorder,771
onabotulinumtoxina,drug ineffective,771
vedolizumab,viral infection,771
"antihemophilic factor, human recombinant",joint swelling,770
"antihemophilic factor, human recombinant",head injury,768
dulaglutide,diarrhoea,768
propranolol hydrochloride,off label use,768
tirzepatide,dehydration,767
teduglutide,needle issue,766
human immunoglobulin g\hyaluronidase (human recombinant),insurance issue,765
semaglutide,intestinal obstruction,765
teduglutide,urine output increased,765
human immunoglobulin g\hyaluronidase (human recombinant),product use issue,764
vedolizumab,gastrointestinal pain,764
secukinumab,pain,762
carbidopa\levodopa,death,761
treprostinil,hypoxia,761
semaglutide,fatigue,760
dupilumab,swelling,759
human immunoglobulin g,chest discomfort,759
pomalidomide,off label use,759
rituximab,drug ineffective,758
estradiol,device adhesion issue,757
human immunoglobulin g\hyaluronidase (human recombinant),illness,755
lenalidomide,pruritus,755
teduglutide,headache,754
dupilumab,injection site mass,752
human immunoglobulin g,product use in unapproved indication,752
infliximab-dyyb,weight increased,752
tirzepatide,impaired gastric emptying,751
teduglutide,pain in extremity,749
vedolizumab,abscess,749
treprostinil,incorrect dose administered,747
nirmatrelvir\ritonavir,covid-19,746
dupilumab,asthenia,745
palbociclib,off label use,745
lenvatinib,hypertension,744
human immunoglobulin g,hypersensitivity,743
dupilumab,product storage error,742
icatibant acetate,drug ineffective,742
icatibant acetate,fatigue,742
teduglutide,dyspnoea,742
tirzepatide,abdominal discomfort,742
human immunoglobulin g\hyaluronidase (human recombinant),influenza,741
teduglutide,infection,741
vedolizumab,injection site pain,740
dupilumab,eye pain,739
levetiracetam,off label use,739
mycophenolate mofetil,drug ineffective,739
vedolizumab,small intestinal obstruction,739
evolocumab,wrong technique in product usage process,738
velaglucerase alfa,weight decreased,738
somatropin,device use issue,737
treprostinil,illness,737
human immunoglobulin g,abdominal pain upper,736
venetoclax,neutropenia,736
budesonide\formoterol\glycopyrrolate,device use issue,735
lenalidomide,peripheral swelling,735
human immunoglobulin g,chest pain,734
vedolizumab,hyperhidrosis,734
.alpha.1-proteinase inhibitor human,fatigue,733
bimekizumab-bkzx,injection site pain,733
infliximab,arthralgia,733
human immunoglobulin g\hyaluronidase (human recombinant),cough,732
lenalidomide,asthenia,732
human immunoglobulin g,cataract,731
fenfluramine,mitral valve incompetence,730
human immunoglobulin g,nasal congestion,730
bimekizumab-bkzx,condition aggravated,729
certolizumab pegol,pain,729
dupilumab,hospitalisation,729
human immunoglobulin g,herpes zoster,729
dupilumab,maternal exposure during pregnancy,728
sarilumab,joint swelling,728
onabotulinumtoxina,off label use,726
abemaciclib,fatigue,725
human immunoglobulin g,rhinorrhoea,724
methotrexate sodium,off label use,723
risankizumab-rzaa,drug ineffective,722
treprostinil,palpitations,722
somatropin,injection site pain,721
apremilast,therapy non-responder,720
pomalidomide,product dose omission issue,719
treprostinil,back pain,719
adalimumab,crohn's disease,717
human immunoglobulin g,hypertension,717
human immunoglobulin g\hyaluronidase (human recombinant),fall,717
budesonide\formoterol fumarate dihydrate,asthma,715
fenfluramine,drug ineffective,715
lenalidomide,nasopharyngitis,714
human immunoglobulin g\hyaluronidase (human recombinant),asthenia,712
dupilumab,urinary tract infection,711
human immunoglobulin g,blood pressure decreased,711
tenapanor hydrochloride,diarrhoea,711
idursulfase,heart rate abnormal,707
treprostinil,nasal congestion,707
pegfilgrastim,device adhesion issue,705
upadacitinib,fall,704
vedolizumab,haemorrhage,704
human immunoglobulin g,influenza like illness,703
human immunoglobulin g,stress,703
human immunoglobulin g\hyaluronidase (human recombinant),infusion site pruritus,702
semaglutide,dyspepsia,702
cabozantinib s-malate,fatigue,701
vedolizumab,muscle spasms,701
idursulfase,nasal congestion,700
rituximab,headache,700
vedolizumab,cystitis,699
icatibant acetate,covid-19,698
human immunoglobulin g\hyaluronidase (human recombinant),bronchitis,697
tirzepatide,hunger,697
human immunoglobulin g,abdominal discomfort,696
human immunoglobulin g,needle issue,696
ustekinumab,device issue,695
infliximab-dyyb,malaise,694
pimavanserin tartrate,confusional state,694
treprostinil,lung disorder,694
venetoclax,myelosuppression,694
lenalidomide,hospitalisation,693
vedolizumab,proctalgia,693
secukinumab,device leakage,690
nirmatrelvir\ritonavir,disease recurrence,689
rituximab,covid-19,688
acoltremon,eye irritation,687
budesonide\formoterol\glycopyrrolate,wrong technique in product usage process,687
teduglutide,back pain,687
treprostinil,constipation,687
velaglucerase alfa,weight fluctuation,687
treprostinil,product use issue,685
lanadelumab,product use issue,683
rituximab,pain,683
abaloparatide,heart rate increased,682
tocilizumab,no adverse event,682
abaloparatide,arthralgia,681
infliximab,inappropriate schedule of product administration,681
human immunoglobulin g,dehydration,680
omalizumab,fatigue,680
somatropin,poor quality device used,680
.alpha.1-proteinase inhibitor human,productive cough,679
treprostinil,blood pressure decreased,679
albuterol sulfate,off label use,678
pembrolizumab,death,678
somatropin,circumstance or information capable of leading to medication error,677
leuprolide acetate,wrong technique in product usage process,676
idursulfase,oropharyngeal pain,674
ponatinib,product use issue,674
human immunoglobulin g,cystitis,673
vedolizumab,gastroenteritis viral,673
acetaminophen,acute hepatic failure,672
golimumab,device deployment issue,672
guselkumab,needle issue,672
tirzepatide,injection site mass,672
vedolizumab,cataract,672
abatacept,general physical health deterioration,671
human immunoglobulin g,fungal infection,670
teduglutide,product dose omission in error,669
mepolizumab,dyspnoea,668
emtricitabine\tenofovir disoproxil fumarate,renal failure,667
human immunoglobulin g,device infusion issue,667
infliximab-dyyb,weight decreased,667
treprostinil,condition aggravated,667
upadacitinib,surgery,667
lenalidomide,muscle spasms,666
pegfilgrastim-cbqv,device malfunction,666
vedolizumab,faeces hard,666
infliximab-dyyb,covid-19,665
clozapine,treatment noncompliance,663
tofacitinib citrate,arthralgia,663
erenumab-aooe,drug dose omission by device,660
leuprolide acetate,device occlusion,660
menthol,exposure to chemical pollution,660
somatropin,device power source issue,660
vedolizumab,hypoaesthesia,660
fluticasone furoate\umeclidinium bromide\vilanterol trifenatate,wrong technique in device usage process,659
vedolizumab,therapy non-responder,659
abatacept,drug ineffective,658
adalimumab,rheumatoid arthritis,658
ustekinumab,device defective,658
dupilumab,chest pain,655
treprostinil,pulmonary hypertension,655
adalimumab,pain in extremity,654
omalizumab,anaphylactic reaction,654
vedolizumab,irritable bowel syndrome,653
treprostinil,therapy partial responder,652
nemolizumab-ilto,pruritus,651
"antihemophilic factor, human recombinant",spontaneous haemorrhage,650
benralizumab,asthma,648
copper,device dislocation,648
infliximab-dyyb,nausea,647
pimavanserin tartrate,fall,647
secukinumab,drug ineffective,647
secukinumab,psoriasis,646
ustekinumab,off label use,646
abaloparatide,loss of personal independence in daily activities,645
carboplatin,off label use,645
denosumab,death,645
semaglutide,product use issue,645
dupilumab,anxiety,644
infliximab-dyyb,nasopharyngitis,644
human immunoglobulin g\hyaluronidase (human recombinant),diarrhoea,643
vedolizumab,incorrect dose administered,643
lenalidomide,pain,642
semaglutide,illness,642
amikacin,hospitalisation,641
human immunoglobulin g\hyaluronidase (human recombinant),urinary tract infection,641
idursulfase,illness,641
secukinumab,arthralgia,641
lenalidomide,neutropenia,640
tofacitinib citrate,product dose omission in error,640
fenfluramine,weight decreased,639
vedolizumab,blood iron decreased,639
abatacept,adverse event,638
rituximab,nausea,638
tirzepatide,malaise,638
"antihemophilic factor, human recombinant",extra dose administered,637
rituximab,pyrexia,637
adalimumab,diarrhoea,636
nintedanib,weight decreased,636
tocilizumab,arthralgia,636
benralizumab,death,635
human immunoglobulin g,abdominal pain,635
.alpha.1-proteinase inhibitor human,covid-19,634
adalimumab,death,634
vedolizumab,impaired work ability,634
apremilast,pain,633
copper,pelvic pain,633
vedolizumab,treatment failure,633
.alpha.1-proteinase inhibitor human,extra dose administered,632
budesonide\formoterol\glycopyrrolate,incorrect dose administered by device,632
minoxidil,adverse drug reaction,631
idursulfase,oxygen saturation decreased,630
acetaminophen\aspirin\caffeine,product use in unapproved indication,629
idursulfase,fall,629
ofatumumab,pain,629
pancrelipase amylase\pancrelipase lipase\pancrelipase protease,diarrhoea,629
human immunoglobulin g,hypoaesthesia,628
sarilumab,condition aggravated,628
treprostinil,infusion site swelling,628
vedolizumab,chest discomfort,628
corticotropin,injection site bruising,627
fenfluramine,decreased appetite,627
ravulizumab-cwvz,fatigue,627
tirzepatide,abdominal distension,627
treprostinil,device occlusion,627
"antihemophilic factor, human recombinant",peripheral swelling,626
acetaminophen,vomiting,625
ocrelizumab,covid-19,625
acetaminophen\aspirin\caffeine,drug effective for unapproved indication,624
apixaban,off label use,624
dupilumab,eye swelling,624
dupilumab,injection site haemorrhage,624
infliximab-dyyb,headache,623
human immunoglobulin g,cellulitis,621
rituximab,dyspnoea,621
adalimumab,fall,619
cyclosporine,off label use,618
vedolizumab,hypophagia,618
cannabidiol,off label use,617
lenalidomide,product distribution issue,617
teduglutide,pollakiuria,617
toripalimab,myelosuppression,617
rituximab,arthralgia,616
icatibant acetate,injection site pain,615
relugolix,pollakiuria,615
treprostinil,heart rate increased,615
amikacin,therapy interrupted,614
evolocumab,accidental exposure to product,614
icatibant acetate,pain,614
foscarbidopa\foslevodopa,on and off phenomenon,613
calcium oxybate\magnesium oxybate\potassium oxybate\sodium oxybate,product administration interrupted,612
tocilizumab,weight increased,612
vedolizumab,somnolence,612
human immunoglobulin g,swelling,611
penicillin g benzathine,recalled product administered,611
"antihemophilic factor, human recombinant",product use issue,610
dupilumab,loss of personal independence in daily activities,610
human immunoglobulin g\hyaluronidase (human recombinant),vomiting,610
vedolizumab,social problem,610
"antihemophilic factor, human recombinant",pain,609
golimumab,pneumonia,609
human immunoglobulin g,gait disturbance,609
pembrolizumab,therapy partial responder,609
pimavanserin tartrate,condition aggravated,608
vedolizumab,dyschezia,608
carbidopa\levodopa,fall,607
dupilumab,bronchitis,607
fruquintinib,death,607
relugolix,blood glucose increased,607
velaglucerase alfa,malaise,607
diclofenac sodium,drug ineffective,606
icatibant acetate,nausea,606
ofatumumab,pyrexia,606
.alpha.1-proteinase inhibitor human,weight decreased,605
cenegermin-bkbj,eye irritation,605
human immunoglobulin g\hyaluronidase (human recombinant),infusion site discharge,603
prednisolone,off label use,603
treprostinil,rhinorrhoea,603
.alpha.1-proteinase inhibitor human,malaise,601
human immunoglobulin g,insomnia,601
pomalidomide,diarrhoea,601
treprostinil,device infusion issue,600
emtricitabine\tenofovir disoproxil fumarate,tooth loss,598
relugolix,nausea,598
adalimumab,systemic lupus erythematosus,597
fluticasone furoate\umeclidinium bromide\vilanterol trifenatate,product complaint,597
idursulfase,product use issue,596
nintedanib,decreased appetite,596
vedolizumab,tachycardia,596
teduglutide,fluid retention,595
tirzepatide,weight decreased,595
dupilumab,abdominal discomfort,594
omalizumab,headache,594
lenalidomide,dizziness,593
semaglutide,blood glucose increased,593
relugolix,headache,592
velaglucerase alfa,poor venous access,592
human immunoglobulin g,death,591
tocilizumab,pain,591
treprostinil,respiratory tract congestion,591
treprostinil,insomnia,590
human immunoglobulin g,somnolence,589
idursulfase,respiratory rate increased,589
lenalidomide,decreased appetite,588
abaloparatide,product dose omission issue,587
infliximab,fatigue,587
rituximab,cough,585
corticotropin,fatigue,584
human immunoglobulin g,product distribution issue,584
adalimumab,headache,583
albuterol sulfate,device malfunction,583
dupilumab,paraesthesia,583
adalimumab,rash,582
palbociclib,nausea,581
human immunoglobulin g,pharyngitis streptococcal,580
pembrolizumab,diarrhoea,580
bimekizumab-bkzx,inappropriate schedule of product administration,579
infliximab-dyyb,pain,579
tirzepatide,gastrooesophageal reflux disease,579
icatibant acetate,vomiting,578
omalizumab,malaise,577
vedolizumab,body temperature decreased,577
infliximab-dyyb,anal fissure,576
esomeprazole magnesium,tinnitus,575
teduglutide,feeling abnormal,574
tirzepatide,injection site rash,574
dupilumab,muscle spasms,573
human immunoglobulin g,neck pain,573
tirzepatide,gastrointestinal disorder,573
clozapine,schizophrenia,572
polyethylene glycol 3350,product prescribing issue,572
secukinumab,drug dose omission by device,572
ixazomib,diarrhoea,571
risankizumab-rzaa,death,571
treprostinil,device malfunction,571
adalimumab,pneumonia,570
upadacitinib,drug ineffective,570
guselkumab,device issue,569
tirzepatide,depressed mood,569
"antihemophilic factor, human recombinant",pain in extremity,568
omalizumab,pain,568
omalizumab,weight decreased,568
upadacitinib,pain in extremity,568
adapalene,drug ineffective,567
corticotropin,injection site pain,567
human immunoglobulin g,muscular weakness,567
insulin glargine,inappropriate schedule of product administration,566
vedolizumab,food poisoning,566
abemaciclib,nausea,565
adalimumab,condition aggravated,564
rituximab,inappropriate schedule of product administration,564
human immunoglobulin g,injection site pain,563
rituximab,rheumatoid arthritis,563
tirzepatide,anxiety,563
teduglutide,product availability issue,562
vedolizumab,abortion spontaneous,562
adalimumab,malaise,561
tirzepatide,injection site injury,561
palbociclib,death,560
adalimumab,intentional product use issue,559
diclofenac sodium,product administered at inappropriate site,559
icatibant acetate,diarrhoea,559
lenvatinib,diarrhoea,559
treprostinil,gastrointestinal disorder,558
vedolizumab,anal haemorrhage,558
teduglutide,appetite disorder,557
treprostinil,migraine,557
treprostinil,muscle spasms,557
vedolizumab,memory impairment,557
icatibant acetate,influenza,556
tocilizumab,drug ineffective,556
treprostinil,dyspepsia,556
vedolizumab,joint swelling,556
.alpha.1-proteinase inhibitor human,nasopharyngitis,554
efmoroctocog alfa,haemorrhage,554
foscarbidopa\foslevodopa,fall,554
.alpha.1-proteinase inhibitor human,blood pressure fluctuation,553
adalimumab,therapeutic product effect decreased,553
icatibant acetate,body height increased,553
ruxolitinib,dizziness,553
sparsentan,dizziness,553
teduglutide,stress,553
vedolizumab,general physical health deterioration,553
benralizumab,dyspnoea,552
fenfluramine,somnolence,552
idursulfase,blood pressure abnormal,552
vedolizumab,syncope,552
dupilumab,contusion,551
nintedanib,fatigue,551
teduglutide,injection site bruising,551
etonogestrel,unintended pregnancy,550
rituximab,infection,550
tocilizumab,weight decreased,550
vedolizumab,gait disturbance,550
risankizumab-rzaa,abdominal pain,549
rituximab,infusion related reaction,549
velaglucerase alfa,arthralgia,549
human immunoglobulin g,blood immunoglobulin g decreased,548
idursulfase,pneumonia,548
teduglutide,product distribution issue,548
tofacitinib citrate,covid-19,548
zolbetuximab-clzb,nausea,547
human immunoglobulin g\hyaluronidase (human recombinant),lower respiratory tract infection,546
icatibant acetate,product prescribing error,546
secukinumab,device malfunction,546
tofacitinib citrate,pain in extremity,546
vedolizumab,erythema,546
apremilast,product dose omission issue,545
risankizumab,product storage error,545
upadacitinib,fatigue,545
human immunoglobulin g,sepsis,544
olaparib,fatigue,544
relugolix,back pain,544
secukinumab,condition aggravated,544
atezolizumab,death,543
dupilumab,dermatitis allergic,543
etonogestrel,pregnancy with implant contraceptive,543
semaglutide,abdominal pain,543
teduglutide,arthralgia,543
teduglutide,nephrolithiasis,543
treprostinil,wrong technique in product usage process,543
teduglutide,blood pressure increased,542
vedolizumab,abdominal mass,542
clozapine,leukocytosis,541
fenfluramine,off label use,541
idursulfase,erythema,541
semaglutide,asthenia,541
dupilumab,eye disorder,540
dupilumab,gait disturbance,540
icatibant acetate,fall,540
tolvaptan,product dose omission issue,540
human immunoglobulin g\hyaluronidase (human recombinant),upper respiratory tract infection,539
omalizumab,nasopharyngitis,539
tirzepatide,injection site swelling,539
adalimumab,device issue,538
infliximab,colitis ulcerative,538
adalimumab,nasopharyngitis,537
albuterol sulfate,product use in unapproved indication,537
human immunoglobulin g,tremor,537
lutetium oxodotreotide lu-177,general physical health deterioration,537
vedolizumab,ear infection,537
adalimumab,product storage error,536
dupilumab,product prescribing issue,536
dupilumab,surgery,536
human immunoglobulin g,injection site erythema,536
abaloparatide,bone pain,535
certolizumab pegol,fatigue,535
osimertinib,malignant neoplasm progression,535
ruxolitinib,asthenia,535
treprostinil,dermatitis contact,535
velaglucerase alfa,blood pressure decreased,535
human immunoglobulin g,neuropathy peripheral,534
human immunoglobulin g\hyaluronidase (human recombinant),infusion related reaction,534
omalizumab,pneumonia,534
pomalidomide,death,534
teduglutide,faeces hard,534
vedolizumab,loss of consciousness,534
oxycodone hydrochloride,drug diversion,533
somatropin,circumstance or information capable of leading to device use error,533
cetirizine hydrochloride,pruritus,532
human immunoglobulin g\hyaluronidase (human recombinant),device infusion issue,532
leuprolide acetate,fatigue,532
ofatumumab,multiple sclerosis,532
tirzepatide,asthenia,532
tirzepatide,wrong technique in product usage process,532
vedolizumab,contusion,532
citalopram,accidental overdose,530
lenalidomide,product prescribing issue,530
somatropin,device difficult to use,530
nintedanib,dyspnoea,529
vedolizumab,atrial fibrillation,529
dupilumab,sneezing,528
human immunoglobulin g,heart rate increased,528
tirzepatide,flatulence,528
tirzepatide,pain,528
tofacitinib citrate,malaise,528
"antihemophilic factor, human recombinant",epistaxis,527
bimekizumab-bkzx,incorrect dose administered,527
budesonide\formoterol fumarate dihydrate,dyspnoea,527
human immunoglobulin g,constipation,527
human immunoglobulin g,decreased appetite,527
human immunoglobulin g,infusion site mass,527
human immunoglobulin g,kidney infection,527
relugolix,night sweats,527
insulin glargine,product dispensing error,526
rituximab,malaise,526
budesonide\formoterol\glycopyrrolate,device malfunction,525
pimavanserin tartrate,"hallucination, visual",525
axicabtagene ciloleucel,cytokine release syndrome,524
dupilumab,acne,524
tafamidis,death,524
budesonide\formoterol\glycopyrrolate,incorrect dose administered,523
copper,heavy menstrual bleeding,523
infliximab-dyyb,drug ineffective,523
treprostinil,death,523
.alpha.1-proteinase inhibitor human,headache,522
carbidopa\levodopa,dyskinesia,522
dupilumab,hypoaesthesia,522
emtricitabine\tenofovir disoproxil fumarate,bone loss,522
emtricitabine\tenofovir disoproxil fumarate,chronic kidney disease,522
fruquintinib,fatigue,522
ofatumumab,influenza like illness,522
palbociclib,diarrhoea,522
abatacept,hospitalisation,521
dupilumab,anosmia,521
human immunoglobulin g\hyaluronidase (human recombinant),dyspnoea,521
icatibant acetate,dizziness,521
infliximab-dyyb,fistula,521
pembrolizumab,inappropriate schedule of product administration,521
vedolizumab,rectal tenesmus,521
tofacitinib citrate,headache,519
vedolizumab,death,519
gabapentin,off label use,518
treprostinil,oedema,518
tofacitinib citrate,nasopharyngitis,517
velaglucerase alfa,pyrexia,517
palbociclib,alopecia,516
bimekizumab-bkzx,therapy interrupted,515
copper,off label use,515
ruxolitinib,haemoglobin decreased,515
velaglucerase alfa,headache,515
tirzepatide,pancreatitis,514
ruxolitinib,platelet count decreased,513
teduglutide,syringe issue,513
icatibant acetate,abdominal pain,512
treprostinil,weight increased,512
vedolizumab,depression,512
emtricitabine\tenofovir disoproxil fumarate,osteonecrosis,511
mepolizumab,pneumonia,511
vedolizumab,procedural pain,511
bevacizumab,death,510
treprostinil,dehydration,510
icatibant acetate,body height decreased,509
somatropin,device material issue,509
"antihemophilic factor, human recombinant",mouth haemorrhage,508
dulaglutide,constipation,507
icatibant acetate,abdominal distension,507
infliximab-dyyb,cough,507
amphetamine aspartate\amphetamine sulfate\dextroamphetamine saccharate\dextroamphetamine sulfate,drug ineffective,506
etonogestrel,vaginal haemorrhage,506
icatibant acetate,anxiety,506
teduglutide,eating disorder,506
human immunoglobulin g\hyaluronidase (human recombinant),erythema,505
vedolizumab,mobility decreased,505
vedolizumab,palpitations,505
insulin lispro,incorrect dose administered,504
secukinumab,lower respiratory tract infection,504
treprostinil,myalgia,504
"antihemophilic factor, human recombinant",ligament sprain,503
dexamethasone,drug ineffective,503
teduglutide,anxiety,503
vedolizumab,body temperature increased,503
adalimumab,nausea,502
apremilast,diarrhoea,502
risankizumab-rzaa,nausea,502
bupropion hydrochloride\naltrexone hydrochloride,nausea,501
dulaglutide,injection site pain,501
human immunoglobulin g\hyaluronidase (human recombinant),blood pressure increased,501
idursulfase,headache,501
amikacin,cough,500
idursulfase,blood pressure decreased,500
idursulfase,gait disturbance,500
dupilumab,extra dose administered,499
palbociclib,neutropenia,499
semaglutide,hunger,499
tofacitinib citrate,product dose omission issue,499
vedolizumab,alopecia,499
brivaracetam,seizure,498
human immunoglobulin g,thrombosis,498
lenalidomide,inappropriate schedule of product administration,498
human immunoglobulin g,tooth infection,497
idursulfase,seizure,497
infliximab-dyyb,aphthous ulcer,497
lanadelumab,stress,497
secukinumab,malaise,497
sparsentan,fatigue,497
clozapine,white blood cell count decreased,496
dupilumab,joint swelling,496
risankizumab-rzaa,intestinal obstruction,496
rituximab,vomiting,496
dulaglutide,incorrect dose administered,495
dupilumab,skin weeping,495
vedolizumab,hernia,495
natalizumab,prescribed underdose,494
pomalidomide,white blood cell count decreased,494
treprostinil,loss of consciousness,494
velaglucerase alfa,dizziness,494
abatacept,off label use,492
calcium chloride\dextrose\magnesium chloride\sodium chloride\sodium lactate,peritonitis,492
idursulfase,viral infection,492
lenalidomide,back pain,492
vedolizumab,asthma,492
lenalidomide,plasma cell myeloma,491
tocilizumab,rheumatoid arthritis,491
acetaminophen,suicide attempt,490
metformin hydrochloride,metabolic acidosis,490
vedolizumab,infusion site extravasation,490
"antihemophilic factor, human recombinant",product dose omission issue,489
lenvatinib,decreased appetite,489
somatropin,device malfunction,489
teduglutide,faeces discoloured,489
treprostinil,influenza,489
bimekizumab-bkzx,pain,488
calcium oxybate\magnesium oxybate\potassium oxybate\sodium oxybate,nausea,488
human immunoglobulin g\hyaluronidase (human recombinant),dizziness,488
nintedanib,cough,488
risankizumab-rzaa,product storage error,488
semaglutide,visual impairment,488
vedolizumab,upper respiratory tract infection,488
estradiol,no adverse event,487
icatibant acetate,insurance issue,487
lenalidomide,adverse event,487
rituximab,pruritus,487
vedolizumab,paraesthesia,487
lenalidomide,platelet count decreased,486
pomalidomide,rash,485
vedolizumab,blood pressure diastolic increased,485
amlodipine besylate,intentional overdose,484
dupilumab,pain of skin,484
vedolizumab,pharyngitis streptococcal,484
human immunoglobulin g,eye infection,483
idursulfase,treatment noncompliance,483
adalimumab,peripheral swelling,482
human immunoglobulin g,localised infection,482
sarilumab,rheumatoid arthritis,482
abaloparatide,palpitations,481
human immunoglobulin g,nephrolithiasis,481
ruxolitinib,anaemia,480
coagulation factor ix recombinant human,haemarthrosis,479
copper,muscle spasms,479
pimavanserin tartrate,delusion,479
tocilizumab,nasopharyngitis,479
dupilumab,decreased appetite,478
dupilumab,swelling face,478
human immunoglobulin g,memory impairment,478
velaglucerase alfa,pain in extremity,478
lanadelumab,insurance issue,477
vedolizumab,abdominal hernia,477
bimekizumab,psoriasis,476
risankizumab-rzaa,cerebrovascular accident,476
secukinumab,product dose omission issue,476
tacrolimus,drug ineffective,476
vedolizumab,anal fistula,476
apixaban,treatment noncompliance,475
idursulfase,body temperature decreased,475
olaparib,nausea,475
relugolix,pain in extremity,475
ocrelizumab,multiple sclerosis,474
human immunoglobulin g,myalgia,472
lenalidomide,illness,472
vedolizumab,chronic obstructive pulmonary disease,472
metformin hydrochloride,diarrhoea,471
sparsentan,hypotension,471
clozapine,mental impairment,470
copper,procedural pain,470
dupilumab,secretion discharge,470
fexofenadine hydrochloride,no adverse event,470
human immunoglobulin g\hyaluronidase (human recombinant),product availability issue,470
ipilimumab,death,470
oxymetazoline hydrochloride,drug dependence,469
natalizumab,multiple sclerosis relapse,468
nintedanib,vomiting,468
rituximab,rash,468
tirzepatide,feeling abnormal,468
ublituximab,infusion related reaction,468
vedolizumab,treatment noncompliance,468
apremilast,psoriasis,467
idursulfase,infusion related reaction,467
albuterol sulfate,wheezing,466
corticotropin,insomnia,466
dupilumab,ear infection,466
certolizumab pegol,psoriasis,465
lenalidomide,urinary tract infection,465
rituximab,blood pressure increased,465
ruxolitinib,headache,465
tirzepatide,product storage error,465
adalimumab-aaty,intentional dose omission,464
nivolumab,off label use,464
semaglutide,weight loss poor,464
treprostinil,abdominal distension,464
vedolizumab,respiratory rate increased,464
certolizumab pegol,arthralgia,463
trofinetide,vomiting,463
certolizumab pegol,pneumonia,462
drospirenone,intermenstrual bleeding,462
dupilumab,upper respiratory tract infection,462
tofacitinib citrate,fatigue,461
treprostinil,somnolence,461
upadacitinib,death,461
lanadelumab,covid-19,460
vedolizumab,discomfort,460
adalimumab,dyspnoea,459
amlodipine besylate,hypotension,459
guselkumab,device defective,459
human immunoglobulin g,vertigo,459
teduglutide,nocturia,459
copper,device expulsion,458
treprostinil,device power source issue,458
finasteride,adverse event,457
human immunoglobulin g,lymphadenopathy,456
pregabalin,drug abuse,456
clozapine,malaise,455
ibuprofen,angioedema,455
mepolizumab,inappropriate schedule of product administration,455
faricimab-svoa,off label use,454
foscarbidopa\foslevodopa,hallucination,454
treprostinil,hypertension,454
.alpha.1-proteinase inhibitor human,lower respiratory tract infection,453
semaglutide,emotional distress,453
lenalidomide,influenza,452
metformin hydrochloride,toxicity to various agents,452
secukinumab,fatigue,452
semaglutide,malaise,452
cyclosporine,eye pain,451
leuprolide acetate,intentional product use issue,451
ofatumumab,multiple sclerosis relapse,451
teduglutide,injection site erythema,451
vedolizumab,therapy partial responder,451
cetirizine hydrochloride,drug ineffective,450
mepolizumab,drug ineffective,450
pomalidomide,constipation,450
vedolizumab,rash pruritic,450
human immunoglobulin g,cardiac disorder,449
human immunoglobulin g,skin infection,449
lenalidomide,cough,449
omalizumab,wheezing,449
pregabalin,drug use disorder,449
secukinumab,psoriatic arthropathy,449
treprostinil,tremor,449
velaglucerase alfa,blood pressure abnormal,449
epcoritamab-bysp,cytokine release syndrome,447
human immunoglobulin g,wrong technique in product usage process,447
icatibant acetate,illness,447
mepolizumab,accidental exposure to product,447
adalimumab,maternal exposure during pregnancy,446
calcium oxybate\magnesium oxybate\potassium oxybate\sodium oxybate,product dose omission issue,446
human immunoglobulin g,injection site swelling,446
human immunoglobulin g,oxygen saturation decreased,446
insulin glargine,visual impairment,446
teduglutide,urine output decreased,446
treprostinil,syncope,446
vedolizumab,stress at work,446
adalimumab,psoriasis,445
certolizumab pegol,intentional dose omission,445
dupilumab,therapeutic response unexpected,445
eftrenonacog alfa,haemorrhage,445
infliximab-dyyb,pyrexia,445
teduglutide,increased appetite,445
human immunoglobulin g,abdominal distension,444
lenalidomide,fall,444
relugolix,feeling abnormal,444
vedolizumab,inflammation,444
human c1-esterase inhibitor,weight increased,443
levalbuterol tartrate,device delivery system issue,443
ruxolitinib,pain,443
teduglutide,crohn's disease,443
tirzepatide,product administered at inappropriate site,443
acetaminophen,liver injury,442
adalimumab,infection,442
esomeprazole magnesium,drug ineffective,442
human immunoglobulin g,loss of consciousness,442
idursulfase,decreased appetite,442
pembrolizumab,pyrexia,442
pembrolizumab,rash,442
teduglutide,obstruction,442
idursulfase,respiratory rate decreased,441
pembrolizumab,neuropathy peripheral,441
rituximab,hypertension,441
upadacitinib,diarrhoea,441
adalimumab,osteoarthritis,440
human immunoglobulin g\hyaluronidase (human recombinant),multiple allergies,440
semaglutide,increased appetite,440
teduglutide,rash,439
venetoclax,thrombocytopenia,439
albuterol,dyspnoea,438
rituximab-pvvr,condition aggravated,438
teduglutide,gastrointestinal stoma output abnormal,438
teduglutide,wrong technique in product usage process,438
.alpha.1-proteinase inhibitor human,pain,437
rituximab,diarrhoea,437
semaglutide,optic ischaemic neuropathy,437
.alpha.1-proteinase inhibitor human,influenza,436
risperidone,off label use,436
semaglutide,ileus,436
sodium oxybate,somnolence,436
cenegermin-bkbj,product dose omission issue,435
human immunoglobulin g\hyaluronidase (human recombinant),abdominal distension,435
levonorgestrel,genital haemorrhage,435
metformin hydrochloride,hypoglycaemia,435
rituximab,throat irritation,435
.alpha.1-proteinase inhibitor human,sinusitis,434
adalimumab,pyrexia,434
albuterol sulfate\budesonide,device delivery system issue,434
apremilast,nausea,434
idursulfase,infusion site extravasation,434
idursulfase,swelling,434
ponatinib,fatigue,434
somatropin,off label use,434
treprostinil,pulmonary arterial hypertension,434
vedolizumab,rectal discharge,434
.alpha.1-proteinase inhibitor human,oxygen saturation abnormal,433
certolizumab pegol,nasopharyngitis,433
human immunoglobulin g,obstruction,433
infliximab-dyyb,uveitis,433
adalimumab,dizziness,432
pomalidomide,therapy interrupted,432
semaglutide,abdominal distension,432
tirzepatide,visual impairment,432
adalimumab,hypertension,431
nemolizumab-ilto,rash,431
ruxolitinib,nausea,431
teduglutide,faecal volume decreased,431
vedolizumab,blood pressure fluctuation,431
vedolizumab,impaired quality of life,431
"antihemophilic factor, human recombinant",haematoma,430
clozapine,eosinophil count decreased,430
treprostinil,device dislocation,430
velaglucerase alfa,fall,430
adalimumab,vomiting,429
nivolumab,death,429
ruxolitinib,product availability issue,429
adalimumab,hypoaesthesia,428
deferiprone,off label use,428
epinephrine,product quality issue,428
nintedanib,death,428
teduglutide,blood iron decreased,428
adalimumab,joint swelling,427
copper,depression,427
dexamethasone,neutropenia,427
mepolizumab,product complaint,427
nintedanib,constipation,427
infliximab,headache,426
rituximab,disease progression,426
benralizumab,pneumonia,425
calcium oxybate\magnesium oxybate\potassium oxybate\sodium oxybate,intentional dose omission,425
clozapine,neutrophilia,425
lenalidomide,product use issue,425
olaparib,neuropathy peripheral,425
ruxolitinib,death,425
semaglutide,abdominal discomfort,425
trastuzumab,off label use,425
human immunoglobulin g\hyaluronidase (human recombinant),product prescribing error,424
ixazomib,off label use,424
rituximab,nasopharyngitis,424
adalimumab,injection site haemorrhage,423
dupilumab,eye discharge,423
human immunoglobulin g\hyaluronidase (human recombinant),pruritus,423
infliximab-dyyb,drug level decreased,423
ixazomib,fatigue,423
olaparib,anaemia,423
oxycodone hydrochloride,overdose,423
vedolizumab,therapeutic product effect decreased,423
nintedanib,idiopathic pulmonary fibrosis,422
omalizumab,illness,422
certolizumab pegol,insurance issue,421
human immunoglobulin g\hyaluronidase (human recombinant),treatment noncompliance,421
human immunoglobulin g\hyaluronidase (human recombinant),viral infection,421
idursulfase,hyperhidrosis,421
insulin aspart,blood glucose increased,421
vedolizumab,vision blurred,421
cannabidiol,death,420
icatibant acetate,asthenia,420
relugolix,somnolence,420
teduglutide,depression,420
vancomycin,drug ineffective,420
vedolizumab,lethargy,420
velaglucerase alfa,heart rate decreased,420
human immunoglobulin g,balance disorder,419
human immunoglobulin g,head injury,419
imatinib mesylate,death,419
lanadelumab,injection site pain,419
lenalidomide,dyspnoea,419
natalizumab,multiple sclerosis,419
palbociclib,malignant neoplasm progression,419
vedolizumab,confusional state,419
atorvastatin,myalgia,418
bimekizumab-bkzx,psoriatic arthropathy,418
polyethylene glycol 3350,drug ineffective,418
semaglutide,anxiety,418
upadacitinib,rheumatoid arthritis,418
eculizumab,death,417
human immunoglobulin g,brain fog,417
sarilumab,loss of personal independence in daily activities,417
upadacitinib,back pain,417
vedolizumab,tremor,417
vedolizumab,urticaria,417
certolizumab pegol,condition aggravated,416
clozapine,haemoglobin decreased,416
corticotropin,product dose omission issue,416
infliximab,influenza,416
ruxolitinib,weight increased,416
albuterol sulfate,cough,415
teduglutide,haematochezia,415
treprostinil,infusion site haemorrhage,415
vedolizumab,hypotension,415
lenalidomide,full blood count decreased,414
pomalidomide,pneumonia,414
sodium zirconium cyclosilicate,death,414
clozapine,leukopenia,413
dapagliflozin,cerebrovascular accident,413
dupilumab,depression,413
risankizumab-rzaa,pruritus,413
tirzepatide,hypersensitivity,413
upadacitinib,urinary tract infection,413
relugolix,dysuria,412
sarilumab,product use in unapproved indication,412
copper,surgery,411
human c1-esterase inhibitor,weight decreased,411
levothyroxine sodium,recalled product administered,411
methotrexate,pancytopenia,411
.alpha.1-proteinase inhibitor human,incorrect dose administered,410
.alpha.1-proteinase inhibitor human,poor venous access,410
abatacept,death,410
adalimumab,psoriatic arthropathy,410
idursulfase,somnolence,410
methotrexate,rheumatoid arthritis,410
teduglutide,renal impairment,410
vedolizumab,diarrhoea haemorrhagic,410
budesonide\formoterol fumarate dihydrate,product dose omission issue,409
cabozantinib s-malate,malignant neoplasm progression,409
fruquintinib,colorectal cancer metastatic,409
infliximab-dyyb,blood pressure systolic increased,409
infliximab-dyyb,influenza,409
secukinumab,pneumonia,409
treprostinil,pyrexia,409
.alpha.1-proteinase inhibitor human,fall,408
diroximel fumarate,flushing,408
dupilumab,inflammation,408
human immunoglobulin g\hyaluronidase (human recombinant),back pain,408
pegfilgrastim-cbqv,no adverse event,408
ponatinib,rash,408
ribociclib succinate,neutropenia,408
semaglutide,pancreatitis,408
fenfluramine,hospitalisation,407
idursulfase,insomnia,407
methotrexate,product use in unapproved indication,407
treprostinil,dizziness postural,407
vedolizumab,injection site extravasation,407
benralizumab,product dose omission issue,406
cabozantinib s-malate,decreased appetite,406
fenfluramine,fatigue,406
human immunoglobulin g,bacterial infection,406
infliximab,nausea,406
infliximab-dyyb,dizziness,406
rituximab,condition aggravated,406
rituximab,drug hypersensitivity,406
teduglutide,viral infection,406
vedolizumab,large intestinal stenosis,406
vedolizumab,osteoarthritis,406
acetaminophen,incorrect dose administered,405
pexidartinib hydrochloride,product dose omission issue,405
upadacitinib,pneumonia,405
.alpha.1-proteinase inhibitor human,insurance issue,404
dexamethasone,off label use,404
infliximab,covid-19,404
ocrelizumab,headache,404
omalizumab,pyrexia,404
rituximab,pain in extremity,404
vedolizumab,muscular weakness,404
etoposide,off label use,403
golimumab,off label use,403
human immunoglobulin g,candida infection,403
human immunoglobulin g,lung disorder,403
cabozantinib s-malate,nausea,402
venetoclax,anaemia,402
.alpha.1-proteinase inhibitor human,respiratory tract infection,401
acetaminophen,completed suicide,401
clozapine,thrombocytopenia,401
methotrexate,arthralgia,401
tolvaptan,thirst,401
human immunoglobulin g,infusion site reaction,400
human immunoglobulin g,musculoskeletal stiffness,400
human immunoglobulin g,sinus congestion,400
pomalidomide,hospitalisation,400
dupilumab,arthritis,399
human immunoglobulin g,staphylococcal infection,399
idursulfase,body temperature abnormal,399
ixazomib,nausea,399
minoxidil,drug ineffective,399
ofatumumab,lower respiratory tract infection,399
risankizumab-rzaa,knee arthroplasty,399
semaglutide,depression,399
vedolizumab,heart rate irregular,399
dupilumab,hyperhidrosis,398
relugolix,fall,398
risankizumab-rzaa,vomiting,398
vedolizumab,blood pressure systolic increased,398
albuterol sulfate,product complaint,397
dupilumab,constipation,397
human c1-esterase inhibitor,off label use,397
isotretinoin,adverse drug reaction,397
ofatumumab,chills,397
omalizumab,hypersensitivity,397
teduglutide,gastrointestinal stoma complication,397
trastuzumab,myelosuppression,397
treprostinil,dysphonia,397
vedolizumab,poor quality sleep,397
amikacin,dyspnoea,396
calcium chloride\dextrose\magnesium chloride\sodium chloride\sodium lactate,peritonitis bacterial,396
human immunoglobulin g,road traffic accident,396
idursulfase,rash,396
ruxolitinib phosphate,off label use,396
teduglutide,complication associated with device,396
treprostinil,covid-19,396
treprostinil,urinary tract infection,396
vedolizumab,colitis microscopic,396
human immunoglobulin g,blood pressure abnormal,395
secukinumab,pruritus,395
vedolizumab,feeling hot,395
vedolizumab,loss of personal independence in daily activities,395
certolizumab pegol,headache,394
dupilumab,burning sensation,394
fluticasone furoate\umeclidinium bromide\vilanterol trifenatate,product dose omission issue,394
adalimumab,asthenia,393
dupilumab,food allergy,393
fenfluramine,pulmonary valve incompetence,393
finasteride,depression,393
levalbuterol tartrate,drug dose omission by device,393
rituximab,asthenia,393
ruxolitinib,diarrhoea,393
secukinumab,off label use,393
secukinumab,pain in extremity,393
treprostinil,retching,393
abatacept,headache,392
idursulfase,body temperature increased,392
secukinumab,rash,392
vedolizumab,depressed mood,392
vedolizumab,hepatic enzyme increased,392
abaloparatide,intentional dose omission,391
clozapine,neutrophil count increased,391
human immunoglobulin g,joint injury,391
human immunoglobulin g,wheezing,391
teduglutide,blood pressure decreased,391
tocilizumab,joint swelling,391
treprostinil,gastrooesophageal reflux disease,391
vedolizumab,anal abscess,391
vedolizumab,diabetes mellitus,391
galcanezumab-gnlm,incorrect dose administered by device,390
risankizumab-rzaa,injection site haemorrhage,390
tirzepatide,injection site urticaria,390
tirzepatide,rash,390
abaloparatide,pain,389
bimekizumab-bkzx,fatigue,389
erenumab-aooe,migraine,389
human immunoglobulin g,gastrointestinal infection,389
icatibant acetate,arthralgia,389
infliximab-dyyb,vomiting,389
pembrolizumab,malaise,389
sodium oxybate,nausea,389
tirzepatide,feeding disorder,389
dupilumab,feeling abnormal,388
gabapentin,drug ineffective,388
infliximab,infusion related reaction,388
sodium oxybate,product dose omission issue,388
teduglutide,hyperhidrosis,388
treprostinil,atrial fibrillation,388
.alpha.1-proteinase inhibitor human,chest discomfort,387
.alpha.1-proteinase inhibitor human,nausea,387
abatacept,fatigue,387
adalimumab,arthritis,387
semaglutide,drug ineffective,387
estradiol,drug ineffective,386
omalizumab,dizziness,386
omalizumab,inappropriate schedule of product administration,386
secukinumab,diarrhoea,386
teduglutide,joint swelling,386
human immunoglobulin g,cerebrovascular accident,385
human immunoglobulin g,respiratory tract congestion,385
certolizumab pegol,illness,384
certolizumab pegol,product availability issue,384
dupilumab,injection site discomfort,384
human immunoglobulin g,infusion site extravasation,384
human immunoglobulin g\hyaluronidase (human recombinant),asthma,384
lanreotide acetate,diarrhoea,384
omalizumab,rash,384
osimertinib,diarrhoea,384
risankizumab-rzaa,skin cancer,384
teduglutide,gastrointestinal stoma output decreased,384
teduglutide,oedema peripheral,384
trofinetide,product dose omission issue,384
vedolizumab,anorectal discomfort,384
human immunoglobulin g,seizure,383
human immunoglobulin g,weight fluctuation,383
lisdexamfetamine dimesylate,drug ineffective,383
mepolizumab,cough,383
teduglutide,hypophagia,383
ustekinumab,needle issue,383
relugolix,death,382
risankizumab-rzaa,pain in extremity,382
risperidone,gynaecomastia,382
adalimumab,injection site pain,381
adalimumab,pruritus,381
dupilumab,migraine,381
lenalidomide,covid-19,381
ravulizumab-cwvz,death,381
teduglutide,weight gain poor,381
upadacitinib,knee arthroplasty,381
methotrexate sodium,drug ineffective,380
rotigotine,product adhesion issue,380
somatropin,expired device used,380
"antihemophilic factor, human recombinant",injury,379
lenalidomide,headache,379
nintedanib,abdominal pain upper,379
omalizumab,arthralgia,379
treprostinil,patient dissatisfaction with treatment,379
fulvestrant,malignant neoplasm progression,378
human immunoglobulin g\hyaluronidase (human recombinant),pain in extremity,378
human immunoglobulin g\hyaluronidase (human recombinant),respiratory tract infection,378
idursulfase,anxiety,378
infliximab-dyyb,heart rate decreased,378
omalizumab,nausea,378
ruxolitinib,platelet count increased,378
.alpha.1-proteinase inhibitor human,pyrexia,377
adalimumab,weight decreased,377
"antihemophilic factor, human recombinant",gait disturbance,377
clozapine,therapy interrupted,377
dupilumab,drug ineffective for unapproved indication,377
human immunoglobulin g,palpitations,377
lenalidomide,pain in extremity,377
.alpha.1-proteinase inhibitor human,weight increased,376
belimumab,off label use,376
human immunoglobulin g,anaemia,376
human immunoglobulin g\hyaluronidase (human recombinant),ear infection,376
human immunoglobulin g\hyaluronidase (human recombinant),feeling abnormal,376
pimavanserin tartrate,urinary tract infection,376
pomalidomide,nausea,376
semaglutide,condition aggravated,376
fenfluramine,aortic valve incompetence,375
human immunoglobulin g,procedural pain,375
human immunoglobulin g,tachycardia,375
teduglutide,anaemia,375
teduglutide,death,375
treprostinil,drug tolerance decreased,375
"antihemophilic factor, human recombinant",skin laceration,374
bimekizumab,drug ineffective,374
bimekizumab-bkzx,pruritus,374
dupilumab,herpes zoster,374
human immunoglobulin g,atrial fibrillation,374
human immunoglobulin g,hypotension,374
ixazomib,product dose omission issue,374
relugolix,urinary tract infection,374
rituximab,death,374
.alpha.1-proteinase inhibitor human,blood pressure decreased,373
acetaminophen,nausea,373
amlodipine besylate,toxicity to various agents,373
certolizumab pegol,maternal exposure before pregnancy,373
insulin lispro,pain,373
loratadine,drug ineffective,373
pimavanserin tartrate,parkinson's disease,373
tralokinumab-ldrm,dermatitis atopic,373
vedolizumab,abscess intestinal,373
bimekizumab-bkzx,oral candidiasis,372
bimekizumab-bkzx,rash,372
durvalumab,malignant neoplasm progression,372
infliximab,abdominal pain,372
lenalidomide,malaise,372
levetiracetam,maternal exposure during pregnancy,372
methotrexate,toxicity to various agents,372
pembrolizumab,hypertension,372
sodium oxybate,insomnia,372
teduglutide,hernia,372
teduglutide,renal failure,372
treprostinil,pruritus,372
acetaminophen,abdominal pain,371
avapritinib,fatigue,371
dupilumab,viral infection,371
efanesoctocog alfa,haemorrhage,371
human immunoglobulin g\hyaluronidase (human recombinant),arthralgia,371
icatibant acetate,expired product administered,371
idursulfase,aggression,371
nintedanib,asthenia,371
ruxolitinib,pruritus,371
secukinumab,incorrect dose administered by device,371
adalimumab,covid-19,370
infliximab-qbtx,off label use,370
palbociclib,asthenia,370
ravulizumab-cwvz,myasthenia gravis,370
teduglutide,hypervolaemia,370
tirzepatide,maternal exposure during pregnancy,370
albuterol sulfate,incorrect dose administered by device,369
ibrutinib,death,369
idursulfase,asthenia,369
idursulfase,poor quality sleep,369
levonorgestrel,procedural pain,369
levonorgestrel,vaginal haemorrhage,369
pembrolizumab,renal impairment,369
teduglutide,oropharyngeal pain,369
tezepelumab-ekko,asthma,369
treprostinil,drug intolerance,369
evolocumab,injection site haemorrhage,368
human immunoglobulin g,covid-19 pneumonia,368
human immunoglobulin g,diverticulitis,368
icatibant acetate,product distribution issue,368
omalizumab,influenza,368
pregabalin,drug ineffective,368
risankizumab-rzaa,neoplasm malignant,368
treprostinil,choking sensation,368
bimekizumab-bkzx,headache,367
budesonide\formoterol fumarate dihydrate,device delivery system issue,367
certolizumab pegol,infection,367
human immunoglobulin g\hyaluronidase (human recombinant),infusion site haemorrhage,367
ixekizumab,psoriasis,367
lenalidomide,arthralgia,367
natalizumab,fatigue,367
pembrolizumab,decreased appetite,367
.alpha.1-proteinase inhibitor human,illness,366
adalimumab,abdominal pain,366
human immunoglobulin g,depression,366
methotrexate,nausea,366
rituximab,dizziness,366
tirzepatide,increased appetite,366
vedolizumab,cholelithiasis,366
amikacin,off label use,365
avapritinib,off label use,365
human immunoglobulin g,dysphonia,365
human immunoglobulin g,paraesthesia,365
human immunoglobulin g\hyaluronidase (human recombinant),incorrect drug administration rate,365
risankizumab-rzaa,malaise,365
rituximab,general physical health deterioration,365
selinexor,nausea,365
tacrolimus,drug interaction,365
upadacitinib,headache,365
velaglucerase alfa,nasopharyngitis,365
budesonide,drug ineffective,364
human immunoglobulin g,musculoskeletal discomfort,364
idursulfase,crying,364
relugolix,nocturia,364
sodium oxybate,product administration interrupted,364
teduglutide,faecal volume increased,364
vedolizumab,renal impairment,364
dupilumab,respiratory tract congestion,363
human immunoglobulin g\hyaluronidase (human recombinant),rash,363
icatibant acetate,abdominal discomfort,363
infliximab-dyyb,drug level below therapeutic,363
relugolix,abdominal discomfort,363
rituximab,weight increased,363
secukinumab,needle issue,363
tirzepatide,injury associated with device,363
treprostinil,infusion site infection,363
adalimumab,back pain,362
corticotropin,headache,362
dupilumab,abdominal pain,362
eptinezumab-jjmr,drug ineffective,362
ravulizumab-cwvz,asthenia,362
tofacitinib citrate,therapeutic product effect incomplete,362
adalimumab,colitis ulcerative,361
dupilumab,skin disorder,361
fenfluramine hydrochloride,off label use,361
fruquintinib,colon cancer,361
ixazomib,peripheral swelling,361
mepolizumab,wrong technique in device usage process,361
teduglutide,dizziness,361
trofinetide,seizure,361
vedolizumab,limb injury,361
venetoclax,platelet count decreased,361
adalimumab,inflammation,360
bortezomib,plasma cell myeloma,360
calcium chloride\dextrose\magnesium chloride\sodium chloride\sodium lactate,death,360
methotrexate,fatigue,360
secukinumab,nasopharyngitis,360
venetoclax,off label use,360
"antihemophilic factor, human recombinant",back pain,359
brigatinib,diarrhoea,359
human immunoglobulin g,post procedural complication,359
icatibant acetate,insomnia,359
tocilizumab,fatigue,359
vedolizumab,herpes zoster,359
vedolizumab,stomatitis,359
albuterol sulfate,device issue,358
cenegermin-bkbj,photophobia,358
copper,injury,358
human immunoglobulin g,immunoglobulins decreased,358
idursulfase,incorrect product administration duration,358
infliximab,dyspnoea,358
methotrexate,condition aggravated,358
pembrolizumab,fatigue,358
risankizumab-rzaa,pneumonia,358
teduglutide,haemoglobin decreased,358
vedolizumab,balance disorder,358
vedolizumab,diverticulum intestinal,358
adalimumab,illness,357
amivantamab-vmjw,infusion related reaction,357
dulaglutide,blood glucose increased,357
dupilumab,injection site warmth,357
dupilumab,respiratory tract infection,357
idursulfase,pain in extremity,357
infliximab,diarrhoea,357
lenalidomide,product dose omission in error,357
pregabalin,toxicity to various agents,357
teduglutide,swelling,357
treprostinil,device use error,357
vedolizumab,psoriasis,357
velaglucerase alfa,pain,357
.alpha.1-proteinase inhibitor human,upper respiratory tract infection,356
adalimumab-afzb,condition aggravated,356
belimumab,product complaint,356
finasteride,erectile dysfunction,356
human immunoglobulin g,product dose omission in error,356
idursulfase,respiration abnormal,356
methotrexate,pain,356
rituximab-abbs,off label use,356
tofacitinib citrate,fall,356
vedolizumab,cerebrovascular accident,356
abatacept,rash,355
axicabtagene ciloleucel,immune effector cell-associated neurotoxicity syndrome,355
budesonide\formoterol\glycopyrrolate,product use issue,355
human immunoglobulin g,skin laceration,355
human immunoglobulin g\hyaluronidase (human recombinant),off label use,355
ponatinib,dry skin,355
pregabalin,somnolence,355
relugolix,feeling hot,355
semaglutide,gastrointestinal disorder,355
upadacitinib,crohn's disease,355
.alpha.1-proteinase inhibitor human,bronchitis,354
cabozantinib s-malate,blood pressure increased,354
dupilumab,drug effect less than expected,354
dupilumab,fear of injection,354
esketamine,suicidal ideation,354
faricimab-svoa,retinal thickening,354
palbociclib,haemoglobin decreased,354
teduglutide,contusion,354
abatacept,product storage error,353
adalimumab-afzb,off label use,353
atorvastatin,rhabdomyolysis,353
cenegermin-bkbj,ocular hyperaemia,353
certolizumab pegol,rash,353
dupilumab,dysphonia,353
esomeprazole magnesium,hypoacusis,353
human immunoglobulin g\hyaluronidase (human recombinant),abdominal pain,353
human immunoglobulin g\hyaluronidase (human recombinant),seasonal allergy,353
icatibant acetate,pain in extremity,353
risankizumab-rzaa,back pain,353
treprostinil,erythema,353
vedolizumab,abdominal adhesions,353
vedolizumab,blood potassium decreased,353
amoxicillin\clavulanic acid,drug-induced liver injury,352
certolizumab pegol,injection site pain,352
etanercept,drug dose omission by device,352
etanercept,off label use,352
fluticasone furoate\umeclidinium bromide\vilanterol trifenatate,dyspnoea,352
methotrexate sodium,drug hypersensitivity,352
pancrelipase amylase\pancrelipase lipase\pancrelipase protease,pancreatic carcinoma,352
trospium chloride\xanomeline,nausea,352
vedolizumab,neck pain,352
brigatinib,product dose omission issue,351
levothyroxine sodium,no adverse event,351
teduglutide,blood magnesium decreased,351
teduglutide,off label use,351
treprostinil,haemoptysis,351
avacopan,hospitalisation,350
fluticasone furoate\umeclidinium bromide\vilanterol trifenatate,drug ineffective,350
insulin lispro,visual impairment,350
pimavanserin tartrate,adverse drug reaction,350
vedolizumab,no adverse event,350
albuterol sulfate,asthma,349
amikacin,product dose omission issue,349
foscarbidopa\foslevodopa,dyskinesia,349
levothyroxine sodium,fatigue,349
pregabalin,drug dependence,349
treprostinil,rash,349
vedolizumab,cellulitis,349
vedolizumab,visual impairment,349
calcium oxybate\magnesium oxybate\potassium oxybate\sodium oxybate,anxiety,348
idursulfase,abdominal pain,348
lenalidomide,thrombosis,348
omalizumab,erythema,348
pimavanserin tartrate,gait disturbance,348
rituximab,neutropenia,348
ruxolitinib,splenomegaly,348
semaglutide,pain,348
tirzepatide,insomnia,348
velaglucerase alfa,cough,348
human immunoglobulin g,epistaxis,347
human immunoglobulin g,gastrooesophageal reflux disease,347
infliximab,underdose,347
palbociclib,pain,347
tofacitinib citrate,intentional product misuse,347
treprostinil sodium,cough,347
velaglucerase alfa,product availability issue,347
voriconazole,drug ineffective,347
abaloparatide,back pain,346
dupilumab,influenza like illness,346
sodium oxybate,surgery,346
adalimumab,weight increased,345
albuterol,incorrect dose administered by device,345
budesonide\formoterol\glycopyrrolate,drug dose omission by device,345
human immunoglobulin g,foot fracture,345
vedolizumab,respiratory tract congestion,345
dupilumab,epistaxis,344
human immunoglobulin g,injection site pruritus,344
ixazomib,neuropathy peripheral,344
ofatumumab,malaise,344
omalizumab,productive cough,344
semaglutide,fall,344
somatropin,product dose omission issue,344
tirzepatide,arthralgia,344
"antihemophilic factor, human recombinant",road traffic accident,343
apremilast,headache,343
bevacizumab,intentional product use issue,343
methotrexate,diarrhoea,343
pomalidomide,asthenia,343
clozapine,neutrophil count decreased,342
dupilumab,gastrooesophageal reflux disease,342
idursulfase,tremor,342
infliximab,weight increased,342
mepolizumab,hospitalisation,342
ruxolitinib,dyspnoea,342
acalabrutinib,death,341
adalimumab,arthropathy,341
etanercept,drug ineffective,341
evolocumab,injection site bruising,341
guselkumab,device leakage,341
levalbuterol tartrate,no adverse event,341
relugolix,decreased appetite,341
relugolix,product dose omission in error,341
risankizumab-rzaa,headache,341
upadacitinib,pyrexia,341
vedolizumab,thrombosis,341
evolocumab,therapy interrupted,340
vedolizumab,drug hypersensitivity,340
"antihemophilic factor, human recombinant",inappropriate schedule of product administration,339
capivasertib,death,339
somatropin,incorrect dose administered,339
adalimumab,therapeutic product effect incomplete,338
human immunoglobulin g,chronic obstructive pulmonary disease,338
icatibant acetate,product use in unapproved indication,338
infliximab-dyyb,abscess,338
infliximab-dyyb,incorrect dose administered,338
lenalidomide,drug ineffective,338
leuprolide acetate,inappropriate schedule of product administration,338
ruxolitinib,wrong technique in product usage process,338
semaglutide,product communication issue,338
tirzepatide,underdose,338
tocilizumab,headache,338
tocilizumab,oxygen saturation decreased,338
treprostinil,hypervolaemia,338
erenumab-aooe,accidental exposure to product,337
isotretinoin,exposure during pregnancy,337
menthol,mesothelioma,337
brigatinib,fatigue,336
corticotropin,pain,336
icatibant acetate,constipation,336
teduglutide,device related infection,336
tofacitinib citrate,influenza,336
benralizumab,cough,335
bimekizumab,injection site pain,335
fenfluramine,diarrhoea,335
somatropin,needle issue,335
tirzepatide,depression,335
abaloparatide,injection site bruising,334
finasteride,suicidal ideation,334
human immunoglobulin g,systemic lupus erythematosus,334
tirzepatide,pruritus,334
adalimumab,abdominal discomfort,333
adalimumab,abdominal pain upper,333
diclofenac,off label use,333
fam-trastuzumab deruxtecan-nxki,death,333
fenfluramine,pneumonia,333
guselkumab,product storage error,333
icatibant acetate,cough,333
infliximab,nasopharyngitis,333
lanadelumab,fall,333
omalizumab,weight increased,333
prednisolone,drug ineffective,333
risankizumab-rzaa,asthenia,333
secukinumab,headache,333
teduglutide,fistula,333
"antihemophilic factor, human recombinant",swelling,332
budesonide\formoterol\glycopyrrolate,chronic obstructive pulmonary disease,332
calcium oxybate\magnesium oxybate\potassium oxybate\sodium oxybate,intentional product use issue,332
enfortumab vedotin-ejfv,rash,332
golimumab,rheumatoid arthritis,332
metformin hydrochloride,drug ineffective,332
omalizumab,idiopathic urticaria,332
semaglutide,vision blurred,332
tirzepatide,cholelithiasis,332
tocilizumab,rash,332
vedolizumab,dry skin,332
vedolizumab,dysuria,332
vedolizumab,oral herpes,332
acetaminophen,inappropriate schedule of product administration,331
human immunoglobulin g,respiratory syncytial virus infection,331
lenalidomide,insomnia,331
metformin hydrochloride,vomiting,331
pembrolizumab,hypothyroidism,331
pembrolizumab,product use issue,331
ponatinib,blood pressure increased,331
adalimumab,alopecia,330
adalimumab,swelling,330
apixaban,hospitalisation,330
dupilumab,chills,330
insulin lispro,discomfort,330
ocrelizumab,gait disturbance,330
ponatinib,arthralgia,330
ribociclib succinate,fatigue,330
ocrelizumab,nasopharyngitis,329
pomalidomide,plasma cell myeloma,329
teduglutide,dyspepsia,329
vedolizumab,blood pressure abnormal,329
belimumab,wrong technique in device usage process,328
clozapine,myocarditis,328
dapagliflozin,renal impairment,328
dupilumab,death,328
human immunoglobulin g,osteoporosis,328
idursulfase,product prescribing error,328
treprostinil sodium,dyspnoea,328
upadacitinib,acne,328
vedolizumab,ileal stenosis,328
vedolizumab,localised infection,328
.alpha.1-proteinase inhibitor human,dizziness,327
idursulfase,pallor,327
infliximab,pyrexia,327
ofatumumab,nausea,327
omalizumab,blood pressure increased,327
secukinumab,device issue,327
treprostinil,cardiac disorder,327
adalimumab,hypersensitivity,326
human immunoglobulin g\hyaluronidase (human recombinant),body height increased,326
infliximab-dyyb,asthenia,326
mepolizumab,exposure via skin contact,326
onabotulinumtoxina,death,326
pimavanserin tartrate,memory impairment,326
rituximab,joint swelling,326
velaglucerase alfa,oropharyngeal pain,326
adalimumab,drug hypersensitivity,325
apixaban,inability to afford medication,325
calcium oxybate\magnesium oxybate\potassium oxybate\sodium oxybate,somnolence,325
fruquintinib,diarrhoea,325
infliximab,pain,325
infliximab,pneumonia,325
lenalidomide,laboratory test abnormal,325
lenvatinib,hypothyroidism,325
pregabalin,off label use,325
ribociclib succinate,nausea,325
teduglutide,device related sepsis,325
teduglutide,procedural pain,325
teduglutide,sleep disorder,325
tirzepatide,vision blurred,325
acetaminophen,hepatic cytolysis,324
acetaminophen,off label use,324
amlodipine besylate,joint swelling,324
copper,dysmenorrhoea,324
dupilumab,dry mouth,324
dupilumab,skin ulcer,324
human immunoglobulin g,haemorrhage,324
nemolizumab-ilto,drug ineffective,324
relugolix,dyspnoea,324
relugolix,weight decreased,324
vedolizumab,postoperative wound infection,324
vedolizumab,skin cancer,324
venetoclax,pyrexia,324
galcanezumab-gnlm,drug dose omission by device,323
human immunoglobulin g,colitis,323
insulin glargine,accidental exposure to product,323
pimavanserin tartrate,dementia,323
rituximab,oxygen saturation decreased,323
.alpha.1-proteinase inhibitor human,back pain,322
.alpha.1-proteinase inhibitor human,product use issue,322
abatacept,product use issue,322
bimekizumab-bkzx,no adverse event,322
human immunoglobulin g,diabetes mellitus,322
ibuprofen,drug ineffective,322
infliximab,malaise,322
relugolix,rash,322
treprostinil,dry mouth,322
venetoclax,fatigue,322
adalimumab,musculoskeletal stiffness,321
enoxaparin sodium,off label use,321
human immunoglobulin g,neoplasm malignant,321
human immunoglobulin g,oedema,321
idursulfase,device issue,321
lenalidomide,haemoglobin decreased,321
levonorgestrel,abdominal pain lower,321
tacrolimus,toxicity to various agents,321
teduglutide,malnutrition,321
vedolizumab,sleep disorder,321
diroximel fumarate,multiple sclerosis,320
human immunoglobulin g,infusion site discomfort,320
human immunoglobulin g,oedema peripheral,320
idursulfase,constipation,320
idursulfase,infusion site haemorrhage,320
infliximab,hypertension,320
lenvatinib,fatigue,320
methotrexate,headache,320
mycophenolate mofetil,drug ineffective for unapproved indication,320
nivolumab,diarrhoea,320
pomalidomide,dizziness,320
secukinumab,cough,320
sodium oxybate,middle insomnia,320
treprostinil,device wireless communication issue,320
upadacitinib,peripheral swelling,320
bimekizumab,inappropriate schedule of product administration,319
bimekizumab-bkzx,device issue,319
calcium oxybate\magnesium oxybate\potassium oxybate\sodium oxybate,feeling abnormal,319
human c1-esterase inhibitor,product dose omission issue,319
human immunoglobulin g,pulmonary embolism,319
idursulfase,nausea,319
methotrexate,drug ineffective for unapproved indication,319
rimegepant sulfate,drug ineffective,319
risankizumab-rzaa,rash,319
teprotumumab-trbw,anxiety,319
upadacitinib,spinal operation,319
albuterol,device malfunction,318
aripiprazole,drug ineffective,318
icatibant acetate,abdominal pain upper,318
infliximab-dyyb,dyspnoea,318
lanreotide acetate,death,318
pembrolizumab,neutropenia,318
tofacitinib citrate,cough,318
corticotropin,drug ineffective,317
human immunoglobulin g,swelling face,317
insulin glargine,exposure via skin contact,317
risankizumab-rzaa,dizziness,317
albuterol sulfate,product dose omission issue,316
bevacizumab,hypertension,316
carbidopa\levodopa,on and off phenomenon,316
certolizumab pegol,malaise,316
fenfluramine,generalised tonic-clonic seizure,316
human immunoglobulin g,rash pruritic,316
infliximab-dyyb,hypertension,316
lanreotide acetate,off label use,316
lenalidomide,infection,316
lenvatinib,adrenal insufficiency,316
nivolumab,malignant neoplasm progression,316
vedolizumab,hot flush,316
dupilumab,dyspnoea exertional,315
epinephrine,liquid product physical issue,315
evolocumab,product communication issue,315
fluticasone propionate\salmeterol xinafoate,product dose omission issue,315
human immunoglobulin g,conjunctivitis,315
icatibant acetate,incorrect dose administered,315
levonorgestrel,complication of device insertion,315
relugolix,muscle spasms,315
rituximab,hypersensitivity,315
treprostinil,pulmonary oedema,315
upadacitinib,abdominal pain,315
vedolizumab,discouragement,315
.alpha.1-proteinase inhibitor human,chronic obstructive pulmonary disease,314
albuterol sulfate,product storage error,314
amikacin,dysphonia,314
cabozantinib s-malate,palmar-plantar erythrodysaesthesia syndrome,314
corticotropin,blood glucose increased,314
dupilumab,somnolence,314
estradiol,wrong technique in product usage process,314
human immunoglobulin g,flushing,314
ocrelizumab,infusion related reaction,314
risankizumab-rzaa,dyspnoea,314
teduglutide,renal disorder,314
teduglutide,rhinorrhoea,314
treprostinil,haemoglobin increased,314
albuterol,drug ineffective,313
icatibant acetate,pruritus,313
insulin lispro,blood glucose decreased,313
lenvatinib,malaise,313
mepolizumab,fatigue,313
ocrelizumab,off label use,313
ponatinib,headache,313
vedolizumab,pouchitis,313
abatacept,therapy interrupted,312
adalimumab,injection site discharge,312
"estrogens, conjugated",off label use,312
human immunoglobulin g,poor quality sleep,312
human immunoglobulin g\hyaluronidase (human recombinant),influenza like illness,312
infliximab-dyyb,fall,312
infliximab-dyyb,oropharyngeal pain,312
lenalidomide,weight decreased,312
oxycodone hydrochloride,drug abuse,312
pancrelipase amylase\pancrelipase lipase\pancrelipase protease,death,312
relugolix,brain fog,312
sacituzumab govitecan-hziy,disease progression,312
secukinumab,pyrexia,312
.alpha.1-proteinase inhibitor human,heart rate increased,311
certolizumab pegol,pruritus,311
dupilumab,injection site irritation,311
etonogestrel,heavy menstrual bleeding,311
idursulfase,insurance issue,311
infliximab-dyyb,back pain,311
ofatumumab,nasopharyngitis,311
omalizumab,oropharyngeal pain,311
pomalidomide,peripheral swelling,311
selinexor,fatigue,311
teduglutide,blood potassium decreased,311
tramadol,drug use disorder,311
treprostinil,abdominal pain,311
"antihemophilic factor, human recombinant",arthropathy,310
human immunoglobulin g,dysphagia,310
human immunoglobulin g\hyaluronidase (human recombinant),gastrointestinal disorder,310
insulin lispro,accidental underdose,310
prednisone,condition aggravated,310
semaglutide,glycosylated haemoglobin increased,310
treprostinil,intentional dose omission,310
amlodipine besylate,drug ineffective,309
"antihemophilic factor, human recombinant",pyrexia,309
budesonide\formoterol\glycopyrrolate,cough,309
carbidopa\levodopa,general physical health deterioration,309
etanercept,device difficult to use,309
ponatinib,nausea,309
treprostinil,infusion site discharge,309
upadacitinib,nausea,309
velaglucerase alfa,back pain,309
abatacept,peripheral swelling,308
adalimumab,impaired healing,308
infliximab,product dose omission issue,308
olanzapine,drug ineffective,308
pomalidomide,pruritus,308
risankizumab-rzaa,cataract,308
teduglutide,drug hypersensitivity,308
teduglutide,injection site mass,308
teprotumumab-trbw,tinnitus,308
tirzepatide,blood glucose decreased,308
treprostinil,device leakage,308
calcium oxybate\magnesium oxybate\potassium oxybate\sodium oxybate,dizziness,307
calcium oxybate\magnesium oxybate\potassium oxybate\sodium oxybate,fall,307
dupilumab,therapeutic product effect incomplete,307
esketamine,hypertension,307
human immunoglobulin g\hyaluronidase (human recombinant),productive cough,307
idursulfase,influenza like illness,307
teduglutide,memory impairment,307
treprostinil,infection,307
adalimumab,gait inability,306
asfotase alfa,fatigue,306
atezolizumab,disease progression,306
capivasertib,diarrhoea,306
certolizumab pegol,nausea,306
dupilumab,upper-airway cough syndrome,306
elexacaftor\ivacaftor\tezacaftor,hospitalisation,306
idursulfase,rash macular,306
olanzapine,off label use,306
teprotumumab-trbw,emotional distress,306
vedolizumab,hepatic steatosis,306
vedolizumab,uveitis,306
venetoclax,white blood cell count decreased,306
albuterol,device mechanical issue,305
belimumab,pain,305
infliximab,weight decreased,305
pomalidomide,neuropathy peripheral,305
risankizumab-rzaa,urinary tract infection,305
tocilizumab,infection,305
upadacitinib,illness,305
abaloparatide,injection site pain,304
dupilumab,skin lesion,304
infliximab-abda,off label use,304
isatuximab,neutrophil count decreased,304
teduglutide,osteoporosis,304
trastuzumab deruxtecan,myelosuppression,304
adalimumab,mobility decreased,303
bortezomib,off label use,303
fexofenadine hydrochloride,drug ineffective,303
interferon beta-1a,multiple sclerosis relapse,303
omalizumab,drug hypersensitivity,303
omalizumab,vomiting,303
rosuvastatin,rhabdomyolysis,303
vedolizumab,cholangitis sclerosing,303
vedolizumab,gastritis,303
adalimumab,general physical health deterioration,302
dupilumab,toothache,302
human immunoglobulin g,joint swelling,302
infliximab,vomiting,302
lanadelumab,headache,302
omalizumab,wrong technique in product usage process,302
tirzepatide,intestinal obstruction,302
vedolizumab,hypersensitivity,302
vedolizumab,myocardial infarction,302
belimumab,inappropriate schedule of product administration,301
clozapine,anaemia,301
etanercept,therapy interrupted,301
nirmatrelvir\ritonavir,dysgeusia,301
paliperidone palmitate,off label use,301
relugolix,nasopharyngitis,301
semaglutide,adverse drug reaction,301
tocilizumab,blood pressure diastolic abnormal,301
vedolizumab,bradycardia,301
carboplatin,anaemia,300
cenegermin-bkbj,vision blurred,300
icatibant acetate,dyspnoea,300
vedolizumab,flank pain,300
vedolizumab,kidney infection,300
abatacept,infection,299
bupropion hydrochloride\naltrexone hydrochloride,headache,299
certolizumab pegol,sinusitis,299
dupilumab,scab,299
human immunoglobulin g,rheumatoid arthritis,299
idursulfase,upper respiratory tract infection,299
infliximab-dyyb,pneumonia,299
leuprolide acetate,fall,299
omalizumab,insomnia,299
tacrolimus,acute kidney injury,299
teduglutide,bowel movement irregularity,299
tofacitinib citrate,musculoskeletal stiffness,299
upadacitinib,nasopharyngitis,299
vedolizumab,product distribution issue,299
vedolizumab,therapeutic response decreased,299
diclofenac sodium,off label use,298
idursulfase,tachycardia,298
lanadelumab,malaise,298
mepolizumab,illness,298
sertraline hydrochloride,abnormal dreams,298
treprostinil,general physical health deterioration,298
budesonide\formoterol fumarate dihydrate,device malfunction,297
copper,infertility female,297
foscarbidopa\foslevodopa,death,297
relugolix,malaise,297
tafamidis meglumine,death,297
teduglutide,feeding disorder,297
tirzepatide,cough,297
tofacitinib citrate,back pain,297
"antihemophilic factor, human recombinant",covid-19,296
certolizumab pegol,lower respiratory tract infection,296
corticotropin,weight increased,296
galcanezumab-gnlm,migraine,296
human immunoglobulin g,food allergy,296
icatibant acetate,bowel movement irregularity,296
idursulfase,rhinitis,296
ixazomib,pneumonia,296
lacosamide,seizure,296
methotrexate,treatment failure,296
pegfilgrastim,drug dose omission by device,296
ruxolitinib,arthralgia,296
vedolizumab,food intolerance,296
abatacept,arthropathy,295
aripiprazole,off label use,295
donor human stool spores (ethanol treated),diarrhoea,295
dupilumab,musculoskeletal stiffness,295
idursulfase,dehydration,295
lenalidomide,pyrexia,295
pembrolizumab,nausea,295
relugolix,blood pressure increased,295
risankizumab-rzaa,illness,295
rituximab,erythema,295
semaglutide,eructation,295
tocilizumab,heart rate decreased,295
treprostinil,joint swelling,295
ciltacabtagene autoleucel,cytokine release syndrome,294
infliximab-dyyb,abdominal pain,294
isatuximab,white blood cell count decreased,294
relugolix,muscular weakness,294
somatrogon-ghla,injection site pain,294
tirzepatide,intercepted product dispensing error,294
upadacitinib,covid-19,294
clozapine,product dose omission issue,293
fenfluramine hydrochloride,prescribed underdose,293
golimumab,device defective,293
icatibant acetate,gastrointestinal disorder,293
idursulfase,carpal tunnel syndrome,293
lenalidomide,vomiting,293
nintedanib,dizziness,293
palbociclib,neutrophil count decreased,293
relugolix,prostatic specific antigen increased,293
ruxolitinib,malaise,293
sotalol,accidental poisoning,293
abatacept,illness,292
adalimumab,sinusitis,292
"antihemophilic factor, human recombinant",cough,292
apomorphine hydrochloride,nausea,292
bimekizumab-bkzx,candida infection,292
human immunoglobulin g,ear pain,292
human immunoglobulin g,hyperhidrosis,292
infliximab-dyyb,pain in extremity,292
rituximab,weight decreased,292
vedolizumab,bowel movement irregularity,292
vedolizumab,vertigo,292
acetaminophen,exposure to toxic agent,291
"antihemophilic factor, human recombinant",nasopharyngitis,291
corticotropin,condition aggravated,291
dupilumab,hypertension,291
eptinezumab-jjmr,migraine,291
human immunoglobulin g,anaphylactic reaction,291
human immunoglobulin g\hyaluronidase (human recombinant),discomfort,291
human immunoglobulin g\hyaluronidase (human recombinant),migraine,291
idursulfase,infusion site swelling,291
idursulfase,lower respiratory tract infection,291
omalizumab,chest discomfort,291
secukinumab,nausea,291
vedolizumab,post procedural infection,291
.alpha.1-proteinase inhibitor human,anxiety,290
acetaminophen,poisoning deliberate,290
adalimumab,gastrointestinal disorder,290
apremilast,therapy interrupted,290
clozapine,pneumonia,290
copper,device use issue,290
dupilumab,throat irritation,290
galcanezumab-gnlm,injection site haemorrhage,290
human c1-esterase inhibitor,product use issue,290
idursulfase,irritability,290
mycophenolate mofetil,product use in unapproved indication,290
nintedanib,pneumonia,290
rituximab,urinary tract infection,290
vedolizumab,pallor,290
zilucoplan,myasthenia gravis,290
abatacept,device operational issue,289
bevacizumab,disease progression,289
copper,foreign body in urogenital tract,289
donanemab-azbt,amyloid related imaging abnormality-oedema/effusion,289
emtricitabine\tenofovir disoproxil fumarate,multiple fractures,289
guselkumab,off label use,289
human immunoglobulin g,chronic sinusitis,289
levonorgestrel,drug ineffective,289
ofatumumab,gait disturbance,289
omalizumab,accidental exposure to product,289
pancrelipase amylase\pancrelipase lipase\pancrelipase protease,weight decreased,289
riociguat,death,289
secukinumab,peripheral swelling,289
upadacitinib,influenza,289
vedolizumab,brain fog,289
vedolizumab,road traffic accident,289
abatacept,pain in extremity,288
adapalene,dry skin,288
carboplatin,febrile neutropenia,288
human immunoglobulin g\hyaluronidase (human recombinant),injection site erythema,288
infliximab-dyyb,pruritus,288
lenalidomide,abdominal pain upper,288
rituximab-pvvr,intentional product use issue,288
teduglutide,cholelithiasis,288
teprotumumab-trbw,pain,288
treprostinil sodium,headache,288
vedolizumab,abdominal tenderness,288
vedolizumab,device malfunction,288
vedolizumab,iron deficiency anaemia,288
vibegron,drug ineffective,288
.alpha.1-proteinase inhibitor human,urinary tract infection,287
abatacept,product dose omission issue,287
bevacizumab,diarrhoea,287
human immunoglobulin g,post-acute covid-19 syndrome,287
icatibant acetate,back pain,287
idursulfase,respiratory disorder,287
ofatumumab,inappropriate schedule of product administration,287
pirfenidone,death,287
pregabalin,substance use disorder,287
secukinumab,joint swelling,287
treprostinil,infusion site reaction,287
upadacitinib,asthenia,287
upadacitinib,dizziness,287
adalimumab,depression,286
dulaglutide,drug ineffective,286
eculizumab,off label use,286
human immunoglobulin g,infusion site urticaria,286
human immunoglobulin g\hyaluronidase (human recombinant),contusion,286
omalizumab,device defective,286
palbociclib,arthralgia,286
teduglutide,product packaging quantity issue,286
treprostinil,memory impairment,286
vedolizumab,aphthous ulcer,286
vedolizumab,feeling cold,286
abaloparatide,pain in extremity,285
abatacept,malaise,285
adalimumab,urticaria,285
dupilumab,swelling of eyelid,285
infliximab-dyyb,intentional dose omission,285
lenalidomide,anaemia,285
palbociclib,full blood count decreased,285
quetiapine fumarate,off label use,285
secukinumab,illness,285
tofacitinib citrate,blood cholesterol increased,285
treprostinil,gait disturbance,285
treprostinil,sinusitis,285
upadacitinib,dyspnoea,285
adalimumab,hepatic enzyme increased,284
avapritinib,nausea,284
bimekizumab,product dose omission issue,284
cabozantinib s-malate,inappropriate schedule of product administration,284
methotrexate,vomiting,284
relugolix,muscle atrophy,284
rituximab,oropharyngeal pain,284
treprostinil,cardiac failure,284
vedolizumab,dyspnoea exertional,284
vedolizumab,respiratory tract infection,284
.alpha.1-proteinase inhibitor human,diarrhoea,283
human immunoglobulin g,limb discomfort,283
human immunoglobulin g,sleep disorder,283
icatibant acetate,off label use,283
infliximab,drug level decreased,283
lenalidomide,gastrointestinal disorder,283
lenalidomide,insurance issue,283
lenvatinib,nausea,283
metformin hydrochloride,nausea,283
palbociclib,malaise,283
tofacitinib citrate,memory impairment,283
vedolizumab,musculoskeletal stiffness,283
vedolizumab,prostate cancer,283
vedolizumab,seizure,283
abatacept,pruritus,282
adalimumab,confusional state,282
albuterol sulfate,product preparation error,282
calcium oxybate\magnesium oxybate\potassium oxybate\sodium oxybate,fatigue,282
certolizumab pegol,no adverse event,282
fruquintinib,blood pressure increased,282
galcanezumab-gnlm,underdose,282
human immunoglobulin g,general physical health deterioration,282
methotrexate,pneumonia,282
oxycodone hydrochloride,pain,282
rituximab,product dose omission issue,282
sacubitril\valsartan,hypotension,282
teduglutide,blood creatinine increased,282
tolvaptan,pollakiuria,282
vedolizumab,inguinal hernia,282
vedolizumab,white blood cell count increased,282
abatacept,therapy non-responder,281
adalimumab,gait disturbance,281
adalimumab,wound,281
dupilumab,erythema of eyelid,281
dupilumab,periorbital swelling,281
tocilizumab,sinusitis,281
tofacitinib citrate,gait disturbance,281
treprostinil,pericardial effusion,281
upadacitinib,colitis ulcerative,281
ustekinumab,syringe issue,281
vedolizumab,infusion site pain,281
voclosporin,product dose omission issue,281
voclosporin,therapy interrupted,281
carbidopa\levodopa,device issue,280
human immunoglobulin g,drug intolerance,280
infliximab-dyyb,constipation,280
ofatumumab,urinary tract infection,280
onabotulinumtoxina,product storage error,280
pegfilgrastim,unintentional medical device removal,280
sodium oxybate,fatigue,280
treprostinil,cardiac failure congestive,280
venetoclax,diarrhoea,280
human immunoglobulin g,arthropod bite,279
human immunoglobulin g,lethargy,279
ibuprofen,urticaria,279
lenvatinib,interstitial lung disease,279
letrozole,neutropenia,279
leuprolide acetate,product packaging quantity issue,279
palbociclib,platelet count decreased,279
propranolol hydrochloride,product administered to patient of inappropriate age,279
rituximab,wheezing,279
secukinumab,dyspnoea,279
somatropin,exposure via skin contact,279
somatropin,product storage error,279
teduglutide,vitamin d decreased,279
treprostinil,complication associated with device,279
trofinetide,intentional dose omission,279
vedolizumab,ear pain,279
zuranolone,somnolence,279
abatacept,nausea,278
azithromycin,drug ineffective,278
carboplatin,pancytopenia,278
copper,hysterectomy,278
damoctocog alfa pegol,haemarthrosis,278
human immunoglobulin g,haemoglobin decreased,278
human immunoglobulin g,product storage error,278
infliximab,haematochezia,278
lenalidomide,hypoaesthesia,278
lenalidomide,treatment noncompliance,278
nintedanib,abdominal discomfort,278
oxaliplatin,off label use,278
ponatinib,malaise,278
adalimumab-adaz,off label use,277
aripiprazole,inappropriate schedule of product administration,277
benralizumab,lower respiratory tract infection,277
cenegermin-bkbj,eye swelling,277
copper,dyspareunia,277
dupilumab,cataract,277
icatibant acetate,urticaria,277
insulin glargine,drug ineffective,277
lenalidomide,tremor,277
osimertinib,fatigue,277
rituximab,fall,277
sarilumab,gait disturbance,277
somatropin,accidental exposure to product,277
somatropin,injection site haemorrhage,277
teduglutide,somnolence,277
teduglutide,staphylococcal infection,277
velaglucerase alfa,incorrect dose administered,277
adalimumab,synovitis,276
icatibant acetate,nasopharyngitis,276
medroxyprogesterone acetate,meningioma benign,276
nemolizumab-ilto,headache,276
omalizumab,angioedema,276
teduglutide,acute kidney injury,276
teduglutide,influenza like illness,276
teduglutide,vitamin d deficiency,276
tirzepatide,palpitations,276
vedolizumab,nervousness,276
velaglucerase alfa,anxiety,276
buprenorphine hydrochloride\naloxone hydrochloride,dental caries,275
capivasertib,rash,275
certolizumab pegol,treatment failure,275
human immunoglobulin g,confusional state,275
idursulfase,chest pain,275
lenalidomide,abdominal discomfort,275
nintedanib,gastrointestinal disorder,275
tofacitinib citrate,urinary tract infection,275
treprostinil,vascular device infection,275
vedolizumab,acne,275
adalimumab,product use in unapproved indication,274
apixaban,haemorrhage,274
bimekizumab-bkzx,adverse drug reaction,274
certolizumab pegol,pyrexia,274
human immunoglobulin g,rib fracture,274
lecanemab-irmb,amyloid related imaging abnormality-oedema/effusion,274
ofatumumab,dizziness,274
relugolix,pruritus,274
risankizumab-rzaa,abdominal pain upper,274
rituximab,febrile neutropenia,274
somatropin,product communication issue,274
tezepelumab,asthma,274
albuterol,off label use,273
cetirizine hydrochloride,product use in unapproved indication,273
human immunoglobulin g\hyaluronidase (human recombinant),dermatitis contact,273
ocrelizumab,muscular weakness,273
pimavanserin tartrate,constipation,273
quetiapine,toxicity to various agents,273
ruxolitinib,pneumonia,273
secukinumab,inappropriate schedule of product administration,273
teprotumumab-trbw,muscle spasms,273
treprostinil,interstitial lung disease,273
vedolizumab,cardiac disorder,273
adalimumab,drug intolerance,272
adalimumab,therapy interrupted,272
albuterol,asthma,272
carboplatin,thrombocytopenia,272
copper,abdominal pain,272
copper,menstruation irregular,272
dupilumab,incorrect route of product administration,272
ofatumumab,pneumonia,272
trospium chloride\xanomeline,vomiting,272
bimekizumab-bkzx,insurance issue,271
copper,deformity,271
human immunoglobulin g,mobility decreased,271
human immunoglobulin g,neuralgia,271
icatibant acetate,feeling abnormal,271
idursulfase,respiratory syncytial virus infection,271
ofatumumab,feeling abnormal,271
prednisone,death,271
rituximab,hypoaesthesia,271
ruxolitinib,feeling abnormal,271
semaglutide,injection site pain,271
teduglutide,thirst,271
tislelizumab,hepatic function abnormal,271
treprostinil,device difficult to use,271
adalimumab,lower respiratory tract infection,270
cenegermin-bkbj,off label use,270
copper,drug ineffective,270
lanadelumab,illness,270
lanreotide acetate,fatigue,270
methylprednisolone sodium succinate,off label use,270
minoxidil,application site pruritus,270
nintedanib,headache,270
palbociclib,illness,270
pembrolizumab,interstitial lung disease,270
pregabalin,dizziness,270
treprostinil,sinus disorder,270
adalimumab,insomnia,269
benralizumab,inappropriate schedule of product administration,269
capsaicin,pain,269
levetiracetam,multiple-drug resistance,269
rosuvastatin,myalgia,269
tirzepatide,myalgia,269
tocilizumab,malaise,269
tocilizumab,peripheral swelling,269
vedolizumab,arrhythmia,269
vedolizumab,breast cancer female,269
vedolizumab,dysphagia,269
.alpha.1-proteinase inhibitor human,pain in extremity,268
carbidopa\levodopa,tremor,268
carboplatin,neutropenia,268
dupilumab,gastrointestinal disorder,268
fenfluramine,fall,268
human immunoglobulin g,arthropathy,268
human immunoglobulin g,tenderness,268
human immunoglobulin g,visual impairment,268
infliximab-dyyb,diarrhoea,268
metformin hydrochloride,hyperkalaemia,268
ofatumumab,asthenia,268
treprostinil,product use complaint,268
ustekinumab,crohn's disease,268
vedolizumab,feeding disorder,268
vedolizumab,large intestinal ulcer,268
vedolizumab,throat irritation,268
adalimumab,cough,267
corticotropin,peripheral swelling,267
dapagliflozin,cardiac failure,267
idursulfase,peripheral coldness,267
ofatumumab,cough,267
ofatumumab,hypoaesthesia,267
rituximab,insomnia,267
rituximab,sepsis,267
semaglutide,flatulence,267
.alpha.1-proteinase inhibitor human,vomiting,266
abaloparatide,fall,266
adalimumab,decreased appetite,266
amlodipine besylate,acute kidney injury,266
cenegermin-bkbj,ocular discomfort,266
certolizumab pegol,dizziness,266
esketamine,drug ineffective,266
esketamine,hospitalisation,266
lanadelumab,fatigue,266
ribociclib,neutropenia,266
rituximab,blood pressure systolic increased,266
tirzepatide,injection site hypersensitivity,266
tofacitinib citrate,peripheral swelling,266
tucatinib,off label use,266
vedolizumab,burning sensation,266
atezolizumab,off label use,265
cabozantinib s-malate,stomatitis,265
diclofenac sodium,product use issue,265
idursulfase,sinusitis,265
infliximab-dyyb,illness,265
insulin glargine,accidental underdose,265
pomalidomide,neutropenia,265
upadacitinib,vomiting,265
.alpha.1-proteinase inhibitor human,peripheral swelling,264
abaloparatide,therapy interrupted,264
carboplatin,nausea,264
dapagliflozin propanediol,death,264
human immunoglobulin g\hyaluronidase (human recombinant),oropharyngeal pain,264
idursulfase,cyanosis,264
infliximab-dyyb,rash,264
insulin lispro,product dose omission issue,264
risankizumab-rzaa,peripheral swelling,264
rituximab,thrombocytopenia,264
teclistamab-cqyv,cytokine release syndrome,264
tralokinumab-ldrm,drug ineffective,264
adalimumab,fibromyalgia,263
budesonide\formoterol\glycopyrrolate,visual impairment,263
dupilumab,eye infection,263
fam-trastuzumab deruxtecan-nxki,nausea,263
idursulfase,epilepsy,263
infliximab-dyyb,blood pressure fluctuation,263
insulin glargine,product dispensing issue,263
lenvatinib,pyrexia,263
levetiracetam,no adverse event,263
minoxidil,alopecia,263
minoxidil,product use issue,263
ponatinib,constipation,263
risankizumab-rzaa,loss of consciousness,263
secukinumab,vomiting,263
teduglutide,swelling face,263
teprotumumab-trbw,endocrine ophthalmopathy,263
tolvaptan,no adverse event,263
treprostinil,device maintenance issue,263
abatacept,hypersensitivity,262
certolizumab pegol,diarrhoea,262
dapagliflozin,myocardial infarction,262
esketamine,product dose omission issue,262
human immunoglobulin g,incorrect product administration duration,262
human immunoglobulin g,infusion site rash,262
lenvatinib,proteinuria,262
ocrelizumab,asthenia,262
ocrelizumab,drug ineffective,262
ravulizumab-cwvz,drug ineffective,262
semaglutide,blood glucose decreased,262
teduglutide,gastrooesophageal reflux disease,262
teduglutide,seizure,262
treprostinil,brain fog,262
upadacitinib,off label use,262
certolizumab pegol,covid-19,261
fenfluramine,vagal nerve stimulator implantation,261
fulvestrant,fatigue,261
lanadelumab,pneumonia,261
methotrexate,mucosal inflammation,261
ofatumumab,pain in extremity,261
omalizumab,incorrect dose administered,261
omalizumab,nasal congestion,261
ravulizumab-cwvz,headache,261
secukinumab,injection site pain,261
secukinumab,maternal exposure during pregnancy,261
upadacitinib,pruritus,261
ustekinumab,drug ineffective,261
vedolizumab,gastric ulcer,261
vedolizumab,oedema peripheral,261
abatacept,systemic lupus erythematosus,260
adalimumab,memory impairment,260
antihemophilic factor human,haemarthrosis,260
budesonide\formoterol\glycopyrrolate,device defective,260
cabozantinib s-malate,weight decreased,260
ixekizumab,incorrect dose administered,260
lenvatinib,palmar-plantar erythrodysaesthesia syndrome,260
mepolizumab,wheezing,260
olaparib,malignant neoplasm progression,260
pomalidomide,nasopharyngitis,260
ruxolitinib,muscle spasms,260
tocilizumab,infusion related reaction,260
upadacitinib,rash,260
vedolizumab,lymphadenopathy,260
certolizumab pegol,hypersensitivity,259
dupilumab,dyspepsia,259
epinephrine,drug ineffective,259
human immunoglobulin g,injection site bruising,259
human immunoglobulin g\hyaluronidase (human recombinant),abdominal pain upper,259
human immunoglobulin g\hyaluronidase (human recombinant),arthritis,259
ocrelizumab,fall,259
omalizumab,obstructive airways disorder,259
palbociclib,dyspnoea,259
pancrelipase amylase\pancrelipase lipase\pancrelipase protease,chemotherapy,259
pomalidomide,dyspnoea,259
semaglutide,cholelithiasis,259
tirzepatide,nasopharyngitis,259
tofacitinib citrate,diarrhoea,259
upadacitinib,herpes zoster,259
adalimumab,hand deformity,258
apixaban,fall,258
buprenorphine,death,258
dupilumab,eyelids pruritus,258
fentanyl,toxicity to various agents,258
human immunoglobulin g,intentional product use issue,258
icatibant acetate,rash,258
idursulfase,product distribution issue,258
palbociclib,red blood cell count decreased,258
pembrolizumab,febrile neutropenia,258
risankizumab-rzaa,weight decreased,258
ruxolitinib,constipation,258
tocilizumab,blood pressure increased,258
treprostinil,therapy interrupted,258
treprostinil,weight fluctuation,258
vedolizumab,faecal volume decreased,258
velaglucerase alfa,influenza,258
cabozantinib s-malate,taste disorder,257
calcium oxybate\magnesium oxybate\potassium oxybate\sodium oxybate,headache,257
ibuprofen,off label use,257
insulin glargine,incorrect dose administered,257
interferon beta-1a,multiple sclerosis,257
isotretinoin,depression,257
lanadelumab,drug ineffective,257
methotrexate,febrile neutropenia,257
methotrexate,pyrexia,257
pexidartinib hydrochloride,fatigue,257
sarilumab,fatigue,257
semaglutide,arthralgia,257
semaglutide,feeling abnormal,257
tarlatamab-dlle,cytokine release syndrome,257
tirzepatide,urticaria,257
treprostinil,confusional state,257
treprostinil,neck pain,257
azithromycin,off label use,256
benralizumab,drug ineffective,256
dupilumab,therapeutic product effect decreased,256
idursulfase,flushing,256
infliximab,cough,256
infliximab-dyyb,drug level above therapeutic,256
ocrelizumab,pain,256
omalizumab,stress,256
trofinetide,product use complaint,256
abatacept,drug hypersensitivity,255
acoltremon,eye pain,255
adalimumab,treatment failure,255
bimekizumab,off label use,255
bupropion hydrochloride\naltrexone hydrochloride,dizziness,255
dupilumab,cerebrovascular accident,255
human immunoglobulin g,product availability issue,255
icatibant acetate,limb injury,255
infliximab,blood pressure increased,255
pembrolizumab,myelosuppression,255
tocilizumab,diarrhoea,255
treprostinil,treatment noncompliance,255
apixaban,cerebrovascular accident,254
apremilast,psoriatic arthropathy,254
capecitabine,diarrhoea,254
copper,pregnancy with contraceptive device,254
durvalumab,neutrophil count decreased,254
glutamine,sickle cell anaemia with crisis,254
human immunoglobulin g,clostridium difficile infection,254
human immunoglobulin g,platelet count decreased,254
human immunoglobulin g\hyaluronidase (human recombinant),injection site pain,254
infliximab-dyyb,poor venous access,254
insulin human,blood glucose increased,254
paclitaxel,off label use,254
palbociclib,decreased appetite,254
pembrolizumab,platelet count decreased,254
pomalidomide,muscle spasms,254
risankizumab-rzaa,gastrointestinal disorder,254
risperidone,weight increased,254
teduglutide,chest pain,254
teduglutide,hunger,254
teduglutide,thrombosis,254
tirzepatide,back pain,254
trofinetide,constipation,254
.alpha.1-proteinase inhibitor human,contusion,253
abatacept,alopecia,253
abatacept,nasopharyngitis,253
carboplatin,drug ineffective,253
carboplatin,dyspnoea,253
emtricitabine\tenofovir disoproxil fumarate,osteoporosis,253
evolocumab,myalgia,253
foscarbidopa\foslevodopa,infusion site erythema,253
infliximab,rash,253
insulin glargine,intentional product misuse,253
methotrexate,rash,253
omalizumab,middle insomnia,253
sertraline hydrochloride,nightmare,253
vedolizumab,blood glucose increased,253
vedolizumab,mental disorder,253
adalimumab,injury,252
alprazolam,drug abuse,252
belumosudil,product use in unapproved indication,252
bevacizumab,hepatocellular carcinoma,252
dupilumab,sinus disorder,252
etanercept,drug hypersensitivity,252
golimumab,accidental exposure to product,252
ixazomib,death,252
sodium chloride,myelosuppression,252
teduglutide,hyperphagia,252
tirzepatide,hypoglycaemia,252
vedolizumab,proctitis,252
adalimumab,wrong technique in product usage process,251
daxibotulinumtoxin a-lanm,off label use,251
erenumab-aooe,headache,251
idursulfase,dermatitis contact,251
idursulfase,mobility decreased,251
lenalidomide,joint swelling,251
palbociclib,cough,251
treprostinil,swelling,251
vedolizumab,appendicitis,251
vedolizumab,oesophagitis,251
abemaciclib,product dose omission issue,250
adalimumab,influenza,250
carbidopa\levodopa,hallucination,250
carboplatin,diarrhoea,250
darbepoetin alfa,death,250
estradiol,product substitution issue,250
human immunoglobulin g,tooth abscess,250
idursulfase,abdominal pain upper,250
idursulfase,pharyngitis,250
methotrexate,nasopharyngitis,250
risankizumab-rzaa,intestinal resection,250
ruxolitinib,pyrexia,250
teduglutide,product container issue,250
treprostinil,balance disorder,250
upadacitinib,cataract,250
abatacept,infusion related reaction,249
adalimumab,folliculitis,249
adalimumab,infusion related reaction,249
adalimumab,migraine,249
amlodipine besylate,overdose,249
cyclophosphamide,drug ineffective,249
fenfluramine,vomiting,249
human immunoglobulin g,autoimmune disorder,249
icosapent ethyl,product physical issue,249
insulin glargine,injection site pain,249
omalizumab,forced expiratory volume decreased,249
rituximab,product use in unapproved indication,249
tezepelumab,dyspnoea,249
tirzepatide,dyspnoea,249
tofacitinib citrate,pneumonia,249
vedolizumab,liver disorder,249
abatacept,device delivery system issue,248
acetaminophen,product use in unapproved indication,248
adalimumab,blister,248
bimekizumab-bkzx,arthralgia,248
budesonide,off label use,248
corticotropin,injection site pruritus,248
cyclosporine,ocular hyperaemia,248
fenfluramine,urinary tract infection,248
fruquintinib,asthenia,248
guselkumab,pneumonia,248
icosapent ethyl,poor quality product administered,248
infliximab-dyyb,stress,248
omalizumab,device issue,248
rituximab,product use issue,248
secukinumab,infection,248
secukinumab,product storage error,248
teduglutide,gastroenteritis viral,248
tocilizumab,blood pressure systolic increased,248
tocilizumab,heart rate increased,248
vedolizumab,blood urine present,248
vedolizumab,head injury,248
vedolizumab,rheumatoid arthritis,248
adalimumab,pericarditis,247
calcium oxybate\magnesium oxybate\potassium oxybate\sodium oxybate,vomiting,247
clozapine,psychotic disorder,247
dextromethorphan hydrobromide\quinidine sulfate,death,247
emicizumab-kxwh,off label use,247
erenumab-aooe,wrong technique in product usage process,247
human immunoglobulin g,feeling hot,247
lutetium lu-177 vipivotide tetraxetan,death,247
ofatumumab,maternal exposure during pregnancy,247
sparsentan,off label use,247
teduglutide,fungal infection,247
treprostinil,muscular weakness,247
vedolizumab,eye pain,247
venetoclax,nausea,247
zoledronic acid,fatigue,247
abatacept,hypertension,246
adalimumab,glossodynia,246
adalimumab,pemphigus,246
calcium oxybate\magnesium oxybate\potassium oxybate\sodium oxybate,insomnia,246
cenegermin-bkbj,headache,246
certolizumab pegol,peripheral swelling,246
dupilumab,haemorrhage,246
dupilumab,injection site discolouration,246
dupilumab,no adverse event,246
dupilumab,skin discomfort,246
esketamine,nausea,246
icatibant acetate,influenza like illness,246
methotrexate,drug intolerance,246
omalizumab,peripheral swelling,246
oxaliplatin,diarrhoea,246
secukinumab,musculoskeletal stiffness,246
somatropin,product prescribing error,246
teduglutide,depressed mood,246
teduglutide,stoma site haemorrhage,246
treprostinil,blood pressure increased,246
treprostinil,injection site pain,246
abatacept,device safety feature issue,245
adalimumab,joint range of motion decreased,245
adalimumab,visual impairment,245
atorvastatin,arthralgia,245
bortezomib,drug ineffective,245
budesonide\formoterol fumarate dihydrate,cough,245
carbidopa\levodopa,parkinson's disease,245
dexamethasone,thrombocytopenia,245
diroximel fumarate,product dose omission issue,245
estradiol,circumstance or information capable of leading to medication error,245
fam-trastuzumab deruxtecan-nxki,fatigue,245
guselkumab,psoriasis,245
idursulfase,bronchospasm,245
insulin glargine,haemorrhage,245
secukinumab,influenza,245
sodium oxybate,anxiety,245
vedolizumab,dysphonia,245
velaglucerase alfa,blood pressure fluctuation,245
apixaban,gastrointestinal haemorrhage,244
buprenorphine,drug withdrawal syndrome,244
cyclosporine,vision blurred,244
diazepam,drug use disorder,244
fulvestrant,nausea,244
human immunoglobulin g,body temperature increased,244
human immunoglobulin g,fluid retention,244
methotrexate sodium,condition aggravated,244
omalizumab,diarrhoea,244
secukinumab,dizziness,244
sparsentan,nausea,244
teduglutide,migraine,244
teduglutide,post procedural complication,244
treprostinil,drug hypersensitivity,244
treprostinil,haemorrhage,244
vedolizumab,umbilical hernia,244
abemaciclib,vomiting,243
adalimumab,urinary tract infection,243
brigatinib,nausea,243
buprenorphine hydrochloride\naloxone hydrochloride,tooth erosion,243
dupilumab,flushing,243
human immunoglobulin g,hepatic enzyme increased,243
human immunoglobulin g,renal disorder,243
human immunoglobulin g\hyaluronidase (human recombinant),lung disorder,243
idursulfase,restlessness,243
infliximab,dizziness,243
ocrelizumab,urinary tract infection,243
risankizumab-rzaa,spinal operation,243
upadacitinib,musculoskeletal stiffness,243
vedolizumab,night sweats,243
vedolizumab,white coat hypertension,243
abobotulinumtoxina,off label use,242
dupilumab,abdominal distension,242
dupilumab,memory impairment,242
human immunoglobulin g,post procedural infection,242
human immunoglobulin g,scar,242
icatibant acetate,contusion,242
infliximab-dyyb,urinary tract infection,242
leuprolide acetate,diabetes mellitus,242
palbociclib,neoplasm progression,242
pimavanserin tartrate,somnolence,242
semaglutide,dyspnoea,242
somatropin,liquid product physical issue,242
tofacitinib citrate,herpes zoster,242
tofacitinib citrate,sinusitis,242
treprostinil,head discomfort,242
abaloparatide,spinal fracture,241
bevacizumab,fatigue,241
dupilumab,bone pain,241
human immunoglobulin g,sneezing,241
idursulfase,device infusion issue,241
idursulfase,swelling face,241
ribociclib succinate,decreased immune responsiveness,241
teduglutide,syncope,241
treprostinil,platelet count decreased,241
velaglucerase alfa,heart rate increased,241
abaloparatide,diarrhoea,240
adalimumab-adaz,general physical health deterioration,240
budesonide\formoterol fumarate dihydrate,drug ineffective,240
dexamethasone,plasma cell myeloma,240
evolocumab,back pain,240
fruquintinib,dysphonia,240
human immunoglobulin g,dyspepsia,240
icatibant acetate,gait disturbance,240
idursulfase,gastroenteritis viral,240
ixazomib,vomiting,240
ponatinib,pyrexia,240
risankizumab-rzaa,influenza,240
rituximab,anaemia,240
semaglutide,cyclic vomiting syndrome,240
tofacitinib citrate,rheumatoid arthritis,240
vedolizumab,blood magnesium decreased,240
velaglucerase alfa,product use issue,240
adalimumab,muscle spasms,239
asfotase alfa,injection site pain,239
atorvastatin,fatigue,239
dupilumab,heart rate increased,239
human immunoglobulin g,rash macular,239
lecanemab-irmb,amyloid related imaging abnormality-microhaemorrhages and haemosiderin deposits,239
lenalidomide,sinusitis,239
pegvaliase-pqpz,arthralgia,239
relugolix,gait disturbance,239
risankizumab-rzaa,myocardial infarction,239
treprostinil,hypersomnia,239
treprostinil,pleural effusion,239
vedolizumab,disturbance in attention,239
vedolizumab,renal failure,239
.alpha.1-proteinase inhibitor human,arthralgia,238
adalimumab,irritable bowel syndrome,238
adalimumab,type 2 diabetes mellitus,238
adalimumab,wheezing,238
amphetamine aspartate\amphetamine sulfate\dextroamphetamine saccharate\dextroamphetamine sulfate,drug screen positive,238
belimumab,accidental exposure to product,238
elacestrant,nausea,238
icatibant acetate,pyrexia,238
idursulfase,bronchitis,238
idursulfase,respiratory tract infection,238
infliximab,therapeutic response shortened,238
levothyroxine sodium,drug ineffective,238
pembrolizumab,asthenia,238
pembrolizumab,hepatic function abnormal,238
perflutren,back pain,238
tadalafil,headache,238
tocilizumab,hypertension,238
velaglucerase alfa,vomiting,238
acalabrutinib,product dose omission issue,237
acetaminophen,intentional product misuse,237
alendronate sodium,pain,237
asfotase alfa,pain,237
brigatinib,headache,237
cenegermin-bkbj,eyelid pain,237
dupilumab,joint stiffness,237
enfortumab vedotin-ejfv,fatigue,237
etanercept,pain,237
guselkumab,device malfunction,237
human immunoglobulin g,back disorder,237
human immunoglobulin g,throat irritation,237
icatibant acetate,injury,237
icatibant acetate,somnolence,237
incobotulinumtoxina,drug ineffective,237
infliximab-dyyb,erythema,237
metformin hydrochloride,intentional overdose,237
rituximab,musculoskeletal stiffness,237
ruxolitinib,white blood cell count decreased,237
secukinumab,inflammation,237
secukinumab,swelling,237
secukinumab,wound,237
tirzepatide,product tampering,237
treprostinil,oropharyngeal discomfort,237
vedolizumab,rib fracture,237
abatacept,condition aggravated,236
abatacept,drug intolerance,236
apixaban,adverse event,236
belumosudil,inappropriate schedule of product administration,236
idursulfase,respiratory symptom,236
lanadelumab,nausea,236
methotrexate,joint swelling,236
omalizumab,asthenia,236
paclitaxel,neutropenia,236
risankizumab-rzaa,nephrolithiasis,236
rituximab,drug ineffective for unapproved indication,236
tofacitinib citrate,hypertension,236
vedolizumab,pharyngitis,236
vedolizumab,tooth infection,236
bevacizumab,anaemia,235
budesonide,dyspnoea,235
certolizumab pegol,influenza,235
clozapine,constipation,235
clozapine,covid-19,235
dupilumab,feeling hot,235
fulvestrant,neutropenia,235
guselkumab,drug ineffective,235
human immunoglobulin g,burning sensation,235
lenalidomide,dry skin,235
mesalamine,drug ineffective,235
nintedanib,dyspnoea exertional,235
ofatumumab,accidental exposure to product,235
palbociclib,covid-19,235
pembrolizumab,anaemia,235
teduglutide,haematological infection,235
treprostinil,flatulence,235
upadacitinib,arthritis,235
upadacitinib,cough,235
velaglucerase alfa,diarrhoea,235
venetoclax,pneumonia,235
adalimumab,chest pain,234
axicabtagene ciloleucel,death,234
celecoxib,off label use,234
copper,uterine leiomyoma,234
dupilumab,eyelid margin crusting,234
furosemide,acute kidney injury,234
omalizumab,fall,234
omalizumab,injection site pain,234
omalizumab,pain in extremity,234
pegfilgrastim,device malfunction,234
relugolix,peripheral swelling,234
risankizumab-rzaa,abdominal distension,234
rituximab,abdominal discomfort,234
ruxolitinib,drug ineffective,234
upadacitinib,sepsis,234
vedolizumab,haemorrhoidal haemorrhage,234
vedolizumab,sputum discoloured,234
abatacept,swelling,233
budesonide\formoterol fumarate dihydrate,wrong technique in device usage process,233
clozapine,c-reactive protein increased,233
copper,complication of device insertion,233
dupilumab,blood pressure increased,233
fenfluramine,insomnia,233
fluticasone propionate\salmeterol xinafoate,drug ineffective,233
human immunoglobulin g,eye disorder,233
human immunoglobulin g,pharyngitis,233
human immunoglobulin g,syncope,233
human immunoglobulin g\hyaluronidase (human recombinant),cataract,233
human immunoglobulin g\hyaluronidase (human recombinant),somnolence,233
infliximab-dyyb,nephrolithiasis,233
pembrolizumab,product use in unapproved indication,233
tofacitinib citrate,arthritis,233
treprostinil,chronic obstructive pulmonary disease,233
treprostinil,lethargy,233
treprostinil,wheezing,233
velaglucerase alfa,somnolence,233
adalimumab,helicobacter infection,232
asfotase alfa,arthralgia,232
bevacizumab,no adverse event,232
denosumab,osteonecrosis of jaw,232
dupilumab,fungal infection,232
dupilumab,general physical health deterioration,232
efavirenz\emtricitabine\tenofovir disoproxil fumarate,bone density decreased,232
human immunoglobulin g,inflammation,232
human immunoglobulin g,meningitis aseptic,232
human immunoglobulin g,white blood cell count decreased,232
insulin glargine,blood glucose decreased,232
methotrexate,osteoarthritis,232
risankizumab-rzaa,arthritis,232
rituximab,hypotension,232
secukinumab,asthenia,232
semaglutide,alopecia,232
semaglutide,gastrooesophageal reflux disease,232
teduglutide,electrolyte imbalance,232
teduglutide,gallbladder disorder,232
tezepelumab,pneumonia,232
tofacitinib citrate,nausea,232
trastuzumab,diarrhoea,232
upadacitinib,malaise,232
vedolizumab,vaginal haemorrhage,232
zoledronic acid,arthralgia,232
bimekizumab-bkzx,diarrhoea,231
dulaglutide,extra dose administered,231
dupilumab,pharyngitis streptococcal,231
esomeprazole magnesium,off label use,231
fenfluramine,product use issue,231
foscarbidopa\foslevodopa,malaise,231
mepolizumab,nasopharyngitis,231
nintedanib,abdominal pain,231
paliperidone palmitate,product dose omission issue,231
pembrolizumab,off label use,231
ravulizumab-cwvz,haemoglobin decreased,231
tocilizumab,dyspnoea,231
treprostinil,feeling hot,231
upadacitinib,infection,231
vedolizumab,secretion discharge,231
corticotropin,contraindicated product administered,230
icatibant acetate,depressed mood,230
macitentan,death,230
methotrexate,malaise,230
relugolix,libido decreased,230
risankizumab-rzaa,constipation,230
risankizumab-rzaa,covid-19,230
rituximab,influenza,230
teduglutide,device occlusion,230
teduglutide,product use in unapproved indication,230
teduglutide,stoma prolapse,230
ticagrelor,death,230
tocilizumab,product dose omission issue,230
vedolizumab,epistaxis,230
vedolizumab,rectal abscess,230
abatacept,gait disturbance,229
abemaciclib,decreased appetite,229
adalimumab,knee arthroplasty,229
dulaglutide,abdominal pain upper,229
human immunoglobulin g,pulmonary mass,229
human immunoglobulin g\hyaluronidase (human recombinant),drug hypersensitivity,229
metformin hydrochloride,euglycaemic diabetic ketoacidosis,229
methotrexate,acute kidney injury,229
pregabalin,fatigue,229
risankizumab-rzaa,hernia,229
sodium oxybate,drug ineffective,229
teduglutide,stoma site pain,229
teprotumumab-trbw,discomfort,229
vedolizumab,neoplasm malignant,229
certolizumab pegol,therapeutic response shortened,228
corticotropin,asthenia,228
emicizumab-kxwh,fall,228
foscarbidopa\foslevodopa,general physical health deterioration,228
guselkumab,product leakage,228
human immunoglobulin g,fibromyalgia,228
idursulfase,dysphagia,228
mycophenolate mofetil,pneumonia,228
ocrelizumab,hypoaesthesia,228
omalizumab,swelling,228
rifaximin,death,228
ripretinib,fatigue,228
rituximab,paraesthesia,228
ruxolitinib,pain in extremity,228
sodium oxybate,headache,228
treprostinil,device operational issue,228
treprostinil,sputum discoloured,228
treprostinil,stress,228
abatacept,synovitis,227
dupilumab,neck pain,227
human immunoglobulin g,alopecia,227
icatibant acetate,nasal congestion,227
idursulfase,infusion site pain,227
infliximab-dyyb,abdominal distension,227
ponatinib,death,227
risankizumab-rzaa,nasopharyngitis,227
rituximab,peripheral swelling,227
rituximab,urticaria,227
teduglutide,herpes zoster,227
teduglutide,respiratory syncytial virus infection,227
tezepelumab-ekko,dyspnoea,227
treprostinil,blood potassium decreased,227
upadacitinib,hip arthroplasty,227
vedolizumab,flushing,227
abatacept,glossodynia,226
abatacept,hepatic enzyme increased,226
acetaminophen,somnolence,226
albuterol,product quality issue,226
alprazolam,toxicity to various agents,226
"antihemophilic factor, human recombinant",poor venous access,226
budesonide\formoterol fumarate dihydrate,wheezing,226
copper,sexual dysfunction,226
dupilumab,product administered at inappropriate site,226
idursulfase,infusion site erythema,226
lenalidomide,memory impairment,226
mepolizumab,condition aggravated,226
pegfilgrastim,device issue,226
propranolol hydrochloride,inappropriate schedule of product administration,226
risankizumab-rzaa,pyrexia,226
sarilumab,injection site erythema,226
teduglutide,gastrointestinal microorganism overgrowth,226
trofinetide,weight decreased,226
velaglucerase alfa,illness,226
carbidopa\levodopa,product use issue,225
certolizumab pegol,dyspnoea,225
clozapine,platelet count decreased,225
corticotropin,hypertension,225
denosumab,spinal fracture,225
dupilumab,injection site vesicles,225
dupilumab,mental status changes,225
faricimab-svoa,optical coherence tomography abnormal,225
human immunoglobulin g,infusion site irritation,225
human immunoglobulin g\hyaluronidase (human recombinant),chills,225
human immunoglobulin g\hyaluronidase (human recombinant),peripheral swelling,225
human immunoglobulin g\hyaluronidase (human recombinant),sinus disorder,225
idursulfase,heart rate decreased,225
idursulfase,respiratory tract congestion,225
lenalidomide,rash pruritic,225
methotrexate,alopecia,225
osimertinib,myelosuppression,225
relugolix,depression,225
rituximab,no adverse event,225
sodium oxybate,feeling abnormal,225
tislelizumab,liver injury,225
treprostinil,influenza like illness,225
vedolizumab,pulmonary embolism,225
vedolizumab,skin ulcer,225
adalimumab,blood cholesterol increased,224
alendronate sodium,arthralgia,224
apremilast,rash,224
coagulation factor ix recombinant human,haemorrhage,224
deutetrabenazine,drug ineffective,224
fam-trastuzumab deruxtecan-nxki,interstitial lung disease,224
human immunoglobulin g\hyaluronidase (human recombinant),hypersensitivity,224
human immunoglobulin g\hyaluronidase (human recombinant),infusion site bruising,224
icatibant acetate,suspected covid-19,224
infliximab-dyyb,sinusitis,224
insulin glargine,device mechanical issue,224
leuprolide acetate,off label use,224
methylphenidate hydrochloride,drug ineffective,224
mycophenolate mofetil,cytomegalovirus infection,224
ocrelizumab,influenza,224
omalizumab,anxiety,224
palbociclib,stomatitis,224
rituximab,heart rate increased,224
secukinumab,hypertension,224
teduglutide,night sweats,224
tocilizumab,cough,224
treprostinil,product physical issue,224
upadacitinib,osteoarthritis,224
vedolizumab,iron deficiency,224
venlafaxine hydrochloride,toxicity to various agents,224
abemaciclib,asthenia,223
allopurinol,drug reaction with eosinophilia and systemic symptoms,223
amphetamine aspartate\amphetamine sulfate\dextroamphetamine saccharate\dextroamphetamine sulfate,product substitution issue,223
calcium oxybate\magnesium oxybate\potassium oxybate\sodium oxybate,hospitalisation,223
calcium oxybate\magnesium oxybate\potassium oxybate\sodium oxybate,hyperhidrosis,223
dapagliflozin,urinary tract infection,223
diphenhydramine,toxicity to various agents,223
elexacaftor\ivacaftor\tezacaftor,anxiety,223
etanercept,injection site pain,223
fluticasone propionate\salmeterol xinafoate,off label use,223
guaifenesin,drug ineffective,223
human immunoglobulin g,bronchiectasis,223
idursulfase,psychomotor hyperactivity,223
infliximab-dyyb,crohn's disease,223
lorlatinib,death,223
nintedanib,productive cough,223
omalizumab,heart rate increased,223
ponatinib,illness,223
relugolix,arthritis,223
treprostinil,anaemia,223
apixaban,fatigue,222
belimumab,fatigue,222
cyclophosphamide,febrile neutropenia,222
doxorubicin,drug ineffective,222
drospirenone,amenorrhoea,222
dupilumab,lymphadenopathy,222
durvalumab,pyrexia,222
esomeprazole magnesium,nausea,222
etonogestrel,complication associated with device,222
fam-trastuzumab deruxtecan-nxki,disease progression,222
human immunoglobulin g,device issue,222
icatibant acetate,procedural pain,222
letrozole,fatigue,222
leuprolide acetate,product quality issue,222
methotrexate,hypertension,222
paclitaxel,dyspnoea,222
relugolix,cough,222
teduglutide,hepatic enzyme increased,222
velaglucerase alfa,drug ineffective,222
brigatinib,asthenia,221
budesonide\formoterol\glycopyrrolate,device issue,221
dupilumab,mood altered,221
fruquintinib,decreased appetite,221
guselkumab,incorrect dose administered,221
human immunoglobulin g,hernia,221
idursulfase,catheter site swelling,221
leuprolide acetate,asthenia,221
levothyroxine sodium,malaise,221
omalizumab,condition aggravated,221
pimavanserin tartrate,insomnia,221
secukinumab,hypoaesthesia,221
teduglutide,dysphonia,221
treprostinil sodium,nausea,221
vancomycin,acute kidney injury,221
velaglucerase alfa,treatment noncompliance,221
abatacept,dizziness,220
abatacept,vomiting,220
alendronate sodium,off label use,220
budesonide\formoterol fumarate dihydrate,device use issue,220
celecoxib,drug ineffective,220
certolizumab pegol,pain in extremity,220
dupilumab,eye inflammation,220
fenfluramine,mitral valve thickening,220
finasteride,anxiety,220
human immunoglobulin g,hypersomnia,220
human immunoglobulin g,vision blurred,220
infliximab,intentional dose omission,220
ipilimumab,cytokine release syndrome,220
lenvatinib,vomiting,220
methotrexate,psoriatic arthropathy,220
ocrelizumab,multiple sclerosis relapse,220
oxaliplatin,nausea,220
pacritinib,off label use,220
pimavanserin tartrate,tremor,220
propranolol hydrochloride,illness,220
ravulizumab-cwvz,dyspnoea,220
rosuvastatin,acute kidney injury,220
secukinumab,urticaria,220
tirzepatide,pain in extremity,220
tirzepatide,syncope,220
vedolizumab,device leakage,220
apremilast,vomiting,219
bevacizumab,thrombocytopenia,219
calcium chloride\dextrose\magnesium chloride\sodium chloride\sodium lactate,ultrafiltration failure,219
carboplatin,asthenia,219
certolizumab pegol,joint swelling,219
corticotropin,injection site erythema,219
etanercept,rheumatoid arthritis,219
golimumab,influenza,219
human immunoglobulin g,ligament sprain,219
human immunoglobulin g\hyaluronidase (human recombinant),infusion site discomfort,219
mepolizumab,headache,219
mepolizumab,product use in unapproved indication,219
palbociclib,vomiting,219
risankizumab-rzaa,inflammation,219
teduglutide,gait disturbance,219
vedolizumab,injection site erythema,219
venetoclax,febrile neutropenia,219
vigabatrin,seizure,219
zoledronic acid,osteonecrosis of jaw,219
acetaminophen,acute kidney injury,218
adalimumab,duodenal ulcer perforation,218
ambrisentan,death,218
amivantamab-vmjw,rash,218
amlodipine besylate,suicide attempt,218
apixaban,product use issue,218
corticotropin,blood pressure increased,218
cyclosporine,product use in unapproved indication,218
golimumab,drug ineffective,218
icatibant acetate,pregnancy,218
osimertinib,asthenia,218
pembrolizumab,acute kidney injury,218
pembrolizumab,neutrophil count decreased,218
risankizumab-rzaa,dehydration,218
semaglutide,back pain,218
tacrolimus,product use in unapproved indication,218
teduglutide,faeces soft,218
vedolizumab,joint injury,218
acetaminophen,drug abuse,217
antihemophilic factor human,haemorrhage,217
aripiprazole,product use in unapproved indication,217
human immunoglobulin g,respiratory tract infection viral,217
human immunoglobulin g\hyaluronidase (human recombinant),insomnia,217
mepolizumab,malaise,217
nicotine,drug ineffective,217
osimertinib,rash,217
ponatinib,pain,217
rifaximin,therapy interrupted,217
semaglutide,food craving,217
tirzepatide,muscle spasms,217
treprostinil,dyspnoea at rest,217
treprostinil,hot flush,217
treprostinil,pulmonary fibrosis,217
upadacitinib,gait disturbance,217
vedolizumab,hiatus hernia,217
abaloparatide,abdominal pain upper,216
abatacept,diarrhoea,216
adalimumab,c-reactive protein increased,216
adalimumab,contusion,216
aripiprazole,anxiety,216
bimekizumab,hidradenitis,216
brentuximab vedotin,off label use,216
budesonide\formoterol fumarate dihydrate,therapeutic product effect incomplete,216
carboplatin,acute kidney injury,216
cenobamate,product use issue,216
enfortumab vedotin-ejfv,neuropathy peripheral,216
estradiol,product dose omission issue,216
exenatide,incorrect dose administered by device,216
fenfluramine,atonic seizures,216
human immunoglobulin g,discomfort,216
human immunoglobulin g,therapy interrupted,216
human immunoglobulin g\hyaluronidase (human recombinant),product distribution issue,216
levothyroxine sodium,off label use,216
ponatinib,memory impairment,216
risankizumab-rzaa,injection site pain,216
rituximab,treatment failure,216
ruxolitinib,ill-defined disorder,216
ruxolitinib,illness,216
sarilumab,pain in extremity,216
tocilizumab,pyrexia,216
treprostinil,dry throat,216
treprostinil,haemoglobin decreased,216
treprostinil,respiratory failure,216
treprostinil sodium,dizziness,216
zoledronic acid,pain,216
"antihemophilic factor, human recombinant",ear infection,215
apixaban,drug ineffective,215
budesonide\formoterol\glycopyrrolate,asthma,215
certolizumab pegol,alopecia,215
deutetrabenazine,product use issue,215
diclofenac sodium,pain,215
dolutegravir sodium\lamivudine,product dose omission issue,215
donanemab-azbt,amyloid related imaging abnormality-microhaemorrhages and haemosiderin deposits,215
foscarbidopa\foslevodopa,tremor,215
golimumab,lower respiratory tract infection,215
guselkumab,arthralgia,215
idursulfase,obstruction,215
infliximab,asthenia,215
rituximab,drug intolerance,215
rituximab,sinusitis,215
tacrolimus,immunosuppressant drug level increased,215
teduglutide,gastrointestinal haemorrhage,215
teduglutide,hypomagnesaemia,215
tocilizumab,lower respiratory tract infection,215
abatacept,hand deformity,214
certolizumab pegol,therapeutic product effect incomplete,214
cetirizine hydrochloride,off label use,214
dupilumab,hordeolum,214
fenfluramine,anxiety,214
human immunoglobulin g\hyaluronidase (human recombinant),blood pressure decreased,214
human immunoglobulin g\hyaluronidase (human recombinant),herpes zoster,214
insulin lispro,drug ineffective,214
lanadelumab,dyspnoea,214
lorlatinib,weight increased,214
magnesium sulfate\potassium chloride\sodium sulfate,vomiting,214
nintedanib,oxygen saturation decreased,214
ponatinib,pain in extremity,214
rituximab,muscular weakness,214
ruxolitinib,contusion,214
sodium oxybate,dizziness,214
teduglutide,chills,214
tirzepatide,food craving,214
tirzepatide,heart rate increased,214
ustekinumab,device deployment issue,214
vedolizumab,eczema,214
vedolizumab,pelvic pain,214
abatacept,abdominal discomfort,213
acetaminophen\oxycodone hydrochloride,dependence,213
adalimumab,anti-cyclic citrullinated peptide antibody positive,213
alendronate sodium,maternal exposure during pregnancy,213
budesonide,product dose omission issue,213
carbidopa\levodopa,device dislocation,213
diclofenac,fatigue,213
human coagulation factor viii/von willebrand factor complex,epistaxis,213
human immunoglobulin g,laryngitis,213
ofatumumab,influenza,213
omalizumab,rhinorrhoea,213
palbociclib,constipation,213
pimavanserin tartrate,dizziness,213
prednisone,drug ineffective for unapproved indication,213
relugolix,sleep disorder,213
ripretinib,alopecia,213
rituximab,anxiety,213
rituximab,asthma,213
rituximab,chills,213
rituximab,decreased appetite,213
rituximab,ear pruritus,213
ruxolitinib phosphate,product availability issue,213
secukinumab,abdominal pain upper,213
somatropin,injection site bruising,213
tirzepatide,drug hypersensitivity,213
treprostinil,device connection issue,213
treprostinil,tachycardia,213
treprostinil sodium,fatigue,213
abemaciclib,abdominal pain upper,212
acalabrutinib,fatigue,212
adalimumab,adverse drug reaction,212
avapritinib,diarrhoea,212
belimumab,injection site pain,212
bimekizumab-bkzx,depression,212
etrasimod arginine,drug ineffective,212
evolocumab,incorrect dose administered by device,212
exenatide,device leakage,212
foscarbidopa\foslevodopa,infusion site reaction,212
galcanezumab-gnlm,headache,212
golimumab,inappropriate schedule of product administration,212
human immunoglobulin g,injection site mass,212
human immunoglobulin g,myocardial infarction,212
icatibant acetate,chest pain,212
icatibant acetate,toothache,212
idursulfase,chills,212
idursulfase,dizziness,212
ofatumumab,fall,212
ofatumumab,illness,212
oxaliplatin,neuropathy peripheral,212
pembrolizumab,immune-mediated hepatic disorder,212
pimavanserin tartrate,peripheral swelling,212
propranolol hydrochloride,product use in unapproved indication,212
ravulizumab-cwvz,pneumonia,212
relugolix,bone pain,212
trastuzumab,disease progression,212
apremilast,infection,211
apremilast,off label use,211
carbidopa\levodopa,urinary tract infection,211
certolizumab pegol,crohn's disease,211
evolocumab,device use error,211
fenfluramine,seizure cluster,211
human immunoglobulin g,depressed mood,211
human immunoglobulin g,gait inability,211
icatibant acetate,depression,211
icatibant acetate,road traffic accident,211
idursulfase,infusion site dryness,211
infliximab-dyyb,product dose omission issue,211
lamotrigine,toxicity to various agents,211
methotrexate,hepatic enzyme increased,211
olaparib,asthenia,211
omalizumab,covid-19,211
pimavanserin tartrate,intentional dose omission,211
pomalidomide,pain,211
relugolix,erectile dysfunction,211
ribociclib succinate,asthenia,211
risankizumab-rzaa,knee operation,211
rituximab,oedema,211
secukinumab,mobility decreased,211
sertraline hydrochloride,intentional overdose,211
tacrolimus,death,211
teriparatide,product dose omission issue,211
vamorolone,weight increased,211
vedolizumab,gastrointestinal sounds abnormal,211
vedolizumab,hip fracture,211
abatacept,pemphigus,210
abatacept,psoriatic arthropathy,210
adalimumab,muscle injury,210
"antihemophilic factor, human recombinant",incorrect dose administered,210
budesonide\formoterol\glycopyrrolate,dysphonia,210
cenegermin-bkbj,lacrimation increased,210
certolizumab pegol,urinary tract infection,210
denosumab,hypocalcaemia,210
diroximel fumarate,multiple sclerosis relapse,210
dupilumab,tremor,210
fenfluramine,pyrexia,210
foscarbidopa\foslevodopa,infusion site pain,210
human immunoglobulin g,blood glucose increased,210
human immunoglobulin g,food poisoning,210
human immunoglobulin g\hyaluronidase (human recombinant),wrong technique in product usage process,210
ibuprofen,intentional overdose,210
icatibant acetate,product storage error,210
lenalidomide,paraesthesia,210
mycophenolate mofetil,diarrhoea,210
nemolizumab-ilto,device use issue,210
risankizumab-rzaa,psoriatic arthropathy,210
tirzepatide,glycosylated haemoglobin increased,210
treprostinil,drug ineffective,210
vedolizumab,musculoskeletal discomfort,210
abatacept,wound,209
adalimumab-adaz,product dose omission issue,209
"antihemophilic factor, human recombinant",influenza,209
atorvastatin,acute kidney injury,209
dimethyl fumarate,flushing,209
foscarbidopa\foslevodopa,mobility decreased,209
human immunoglobulin g,transient ischaemic attack,209
idursulfase,abnormal behaviour,209
leuprolide acetate,prostatic specific antigen increased,209
methotrexate,dyspnoea,209
natalizumab,headache,209
omalizumab,sinusitis,209
palbociclib,headache,209
pembrolizumab,arthralgia,209
prabotulinumtoxina-xvfs,off label use,209
relugolix,memory impairment,209
sparsentan,headache,209
tirzepatide,treatment failure,209
tofacitinib citrate,knee arthroplasty,209
treprostinil,hypoaesthesia,209
treprostinil,infusion site induration,209
vedolizumab,transient ischaemic attack,209
adalimumab,product quality issue,208
dupilumab,ocular discomfort,208
durvalumab,diarrhoea,208
lanadelumab,dizziness,208
linezolid,off label use,208
ribociclib succinate,white blood cell count decreased,208
rituximab,gastrointestinal disorder,208
rituximab,ill-defined disorder,208
semaglutide,unevaluable event,208
teprotumumab-trbw,fatigue,208
tirzepatide,tremor,208
tofacitinib citrate,infection,208
treprostinil,chills,208
treprostinil sodium,oxygen saturation decreased,208
upadacitinib,inflammation,208
vedolizumab,pollakiuria,208
acoltremon,drug ineffective,207
atorvastatin,immune-mediated myositis,207
bevacizumab,myelosuppression,207
cladribine,fatigue,207
dimethyl fumarate,multiple sclerosis relapse,207
dupilumab,oxygen saturation decreased,207
esketamine,dizziness,207
human immunoglobulin g,tooth disorder,207
ibuprofen,acute kidney injury,207
idursulfase,furuncle,207
ixazomib,dizziness,207
methotrexate,stomatitis,207
ocrelizumab,cough,207
ocrelizumab,pain in extremity,207
quetiapine fumarate,toxicity to various agents,207
secukinumab,hypersensitivity,207
semaglutide,incorrect dose administered,207
tofacitinib citrate,joint swelling,207
treprostinil,vision blurred,207
vedolizumab,lung disorder,207
acetaminophen,metabolic acidosis,206
adalimumab,dyspepsia,206
adalimumab,loss of consciousness,206
belimumab,drug ineffective,206
buprenorphine,product adhesion issue,206
capsaicin,burning sensation,206
clozapine,white blood cell count increased,206
fluticasone furoate\vilanterol trifenatate,product complaint,206
gemcitabine,off label use,206
golimumab,needle issue,206
human immunoglobulin g\hyaluronidase (human recombinant),gastroenteritis viral,206
idursulfase,feeling hot,206
lenalidomide,hypotension,206
omalizumab,bronchitis,206
pregabalin,pain,206
ripretinib,inappropriate schedule of product administration,206
rituximab,heart rate decreased,206
semaglutide,covid-19,206
sertraline hydrochloride,drug ineffective,206
sparsentan,peripheral swelling,206
sparsentan,product use in unapproved indication,206
teduglutide,multiple allergies,206
tirzepatide,product dispensing error,206
vedolizumab,injection site reaction,206
vedolizumab,product administration error,206
albuterol sulfate,chest discomfort,205
albuterol sulfate,drug ineffective,205
albuterol sulfate,incorrect dose administered,205
apalutamide,rash,205
aripiprazole,weight increased,205
blinatumomab,acute lymphocytic leukaemia recurrent,205
brigatinib,pain,205
cabozantinib s-malate,constipation,205
certolizumab pegol,asthenia,205
dupilumab,seasonal allergy,205
fenfluramine,lethargy,205
human immunoglobulin g,infusion site warmth,205
ibrutinib,off label use,205
infliximab-dyyb,decreased appetite,205
lenvatinib,platelet count decreased,205
pembrolizumab,immune-mediated enterocolitis,205
relugolix,chills,205
sodium oxybate,intentional dose omission,205
ustekinumab,intentional product use issue,205
vedolizumab,gastrointestinal scarring,205
vedolizumab,lung neoplasm malignant,205
zolpidem tartrate,drug abuse,205
alendronate sodium,pemphigus,204
apomorphine hydrochloride,somnolence,204
cetirizine hydrochloride,somnolence,204
corticotropin,injection site discharge,204
dapagliflozin,diabetes mellitus,204
dulaglutide,decreased appetite,204
dupilumab,initial insomnia,204
dupilumab,sinus congestion,204
gemcitabine,disease progression,204
human immunoglobulin g\hyaluronidase (human recombinant),swelling,204
idursulfase,blood pressure fluctuation,204
idursulfase,gait inability,204
infliximab-dyyb,anxiety,204
insulin glargine,device issue,204
ixazomib,rash,204
lamotrigine,drug reaction with eosinophilia and systemic symptoms,204
nintedanib,malaise,204
pembrolizumab,pneumonia,204
pregabalin,anxiety,204
rituximab,maternal exposure during pregnancy,204
sodium oxybate,vomiting,204
teduglutide,iron deficiency,204
treprostinil,visual impairment,204
vedolizumab,tooth abscess,204
zilucoplan,product dose omission issue,204
abatacept,pneumonia,203
acalabrutinib,fall,203
atorvastatin,drug interaction,203
atorvastatin,headache,203
dapagliflozin,product use issue,203
dupilumab,dehydration,203
dupilumab,throat tightness,203
dupilumab,wrong technique in product usage process,203
human immunoglobulin g\hyaluronidase (human recombinant),abdominal discomfort,203
icosapent ethyl,product odour abnormal,203
lenalidomide,contusion,203
osimertinib,decreased appetite,203
risperidone,drug ineffective,203
secukinumab,abdominal discomfort,203
secukinumab,alopecia,203
treprostinil,infusion site pruritus,203
vedolizumab,gastrointestinal motility disorder,203
abemaciclib,constipation,202
adalimumab,discomfort,202
alirocumab,product preparation error,202
"antihemophilic factor, human recombinant",blood urine present,202
apixaban,atrial fibrillation,202
budesonide\formoterol\glycopyrrolate,drug ineffective,202
cabozantinib s-malate,asthenia,202
certolizumab pegol,loss of personal independence in daily activities,202
clozapine,tachycardia,202
diazepam,toxicity to various agents,202
dupilumab,sensitive skin,202
fluticasone furoate\umeclidinium bromide\vilanterol trifenatate,incorrect dose administered,202
fulvestrant,diarrhoea,202
human c1-esterase inhibitor,drug ineffective,202
human immunoglobulin g\hyaluronidase (human recombinant),needle issue,202
idursulfase,catheter site bruise,202
palbociclib,anaemia,202
risankizumab-rzaa,hip arthroplasty,202
risankizumab-rzaa,insomnia,202
rituximab,blood pressure systolic abnormal,202
secukinumab,blister,202
tezepelumab-ekko,arthralgia,202
velaglucerase alfa,infusion related reaction,202
abaloparatide,feeling abnormal,201
abatacept,weight increased,201
adalimumab,liver injury,201
enfortumab vedotin-ejfv,malignant neoplasm progression,201
human immunoglobulin g,breast cancer,201
human immunoglobulin g,product quality issue,201
idursulfase,general physical health deterioration,201
lanadelumab,product distribution issue,201
methotrexate,weight increased,201
nemolizumab-ilto,dermatitis atopic,201
pimavanserin tartrate,product use in unapproved indication,201
ponatinib,drug ineffective,201
relugolix,surgery,201
ribociclib succinate,malaise,201
ruxolitinib,covid-19,201
sparsentan,pruritus,201
teduglutide,sinusitis,201
teprotumumab-trbw,graves' disease,201
tirzepatide,inappropriate schedule of product administration,201
tocilizumab,dizziness,201
upadacitinib,knee operation,201
upadacitinib,weight increased,201
ustekinumab,accidental exposure to product,201
.alpha.1-proteinase inhibitor human,asthenia,200
abatacept,pericarditis,200
alendronate sodium,systemic lupus erythematosus,200
amlodipine besylate,dyspnoea,200
"antihemophilic factor, human recombinant",neck pain,200
calcium oxybate\magnesium oxybate\potassium oxybate\sodium oxybate,off label use,200
dupilumab,eyelid skin dryness,200
dupilumab,loss of consciousness,200
esketamine,depression,200
ibuprofen,product use in unapproved indication,200
idursulfase,multiple allergies,200
infliximab,oropharyngeal pain,200
lorlatinib,blood cholesterol increased,200
metformin hydrochloride,fatigue,200
methotrexate,asthenia,200
naproxen sodium,drug ineffective,200
pancrelipase amylase\pancrelipase lipase\pancrelipase protease,abdominal pain upper,200
ribociclib succinate,vomiting,200
rituximab,chest pain,200
selinexor,diarrhoea,200
teduglutide,bronchitis,200
tocilizumab,pruritus,200
treprostinil,injection site erythema,200
vedolizumab,dysgeusia,200
vedolizumab,pancreatitis,200
adalimumab,stomatitis,199
alendronate sodium,rash,199
amikacin,productive cough,199
certolizumab pegol,fall,199
copper,abortion spontaneous,199
diclofenac,pain,199
human immunoglobulin g,rash erythematous,199
human immunoglobulin g,skin cancer,199
human immunoglobulin g\hyaluronidase (human recombinant),nasal congestion,199
ibuprofen,cross sensitivity reaction,199
idursulfase,epistaxis,199
inclisiran sodium,arthralgia,199
mycophenolate mofetil,covid-19,199
ocrelizumab,dizziness,199
prednisone,rebound effect,199
rituximab,illness,199
semaglutide,hypertension,199
sodium oxybate,weight decreased,199
treprostinil,arthritis,199
vedolizumab,decreased immune responsiveness,199
velaglucerase alfa,urinary tract infection,199
venetoclax,asthenia,199
abaloparatide,muscle spasms,198
abatacept,dyspnoea,198
adalimumab,sepsis,198
amikacin,fatigue,198
certolizumab pegol,axial spondyloarthritis,198
etanercept,infection,198
gabapentin,somnolence,198
human immunoglobulin g,chronic inflammatory demyelinating polyradiculoneuropathy,198
human immunoglobulin g\hyaluronidase (human recombinant),injection site swelling,198
idursulfase,asthma,198
idursulfase,skin discolouration,198
infliximab-dyyb,erythema nodosum,198
letrozole,malignant neoplasm progression,198
mycophenolate mofetil,acute kidney injury,198
nemolizumab-ilto,device leakage,198
nivolumab,fatigue,198
olaparib,renal impairment,198
omalizumab,swelling face,198
palbociclib,weight decreased,198
ruxolitinib,thrombocytopenia,198
secukinumab,gait disturbance,198
teduglutide,localised infection,198
treprostinil,contusion,198
treprostinil,drug titration error,198
acetaminophen,headache,197
acetaminophen,product use issue,197
adapalene,acne,197
apixaban,anaemia,197
belimumab,arthralgia,197
brigatinib,off label use,197
budesonide,fatigue,197
budesonide\formoterol fumarate,device delivery system issue,197
certolizumab pegol,surgery,197
diazepam,drug abuse,197
dupilumab,lack of injection site rotation,197
dupilumab,nasal obstruction,197
human immunoglobulin g,rhinitis,197
idursulfase,device occlusion,197
idursulfase,syncope,197
infliximab-qbtx,condition aggravated,197
isotretinoin,product dose omission issue,197
lamotrigine,rash,197
ruxolitinib,product dose omission in error,197
treprostinil,presyncope,197
upadacitinib,gastrointestinal disorder,197
vedolizumab,gastrointestinal viral infection,197
vedolizumab,vitamin b12 decreased,197
velaglucerase alfa,insomnia,197
vutrisiran,death,197
adalimumab,lung disorder,196
alendronate sodium,abdominal discomfort,196
ambrisentan,dyspnoea,196
cenobamate,off label use,196
certolizumab pegol,vomiting,196
denosumab,off label use,196
dulaglutide,dyspepsia,196
dupilumab,dermatitis contact,196
dupilumab,palpitations,196
elacestrant,fatigue,196
empagliflozin,urinary tract infection,196
emtricitabine\tenofovir disoproxil fumarate,osteopenia,196
fenfluramine,weight increased,196
human immunoglobulin g\hyaluronidase (human recombinant),anxiety,196
infliximab-dyyb,heart rate increased,196
ixekizumab,injection site reaction,196
minoxidil,inappropriate schedule of product administration,196
oxycodone hydrochloride,toxicity to various agents,196
palbociclib,dizziness,196
pimavanserin tartrate,nausea,196
polyethylene glycol 3350,incorrect product administration duration,196
risankizumab-rzaa,unevaluable event,196
rituximab,blood pressure fluctuation,196
secukinumab,covid-19,196
tirzepatide,suicidal ideation,196
treprostinil,hypoacusis,196
treprostinil,secretion discharge,196
ublituximab-xiiy,infusion related reaction,196
vedolizumab,colon cancer,196
vedolizumab,hypoacusis,196
vedolizumab,sepsis,196
.alpha.1-proteinase inhibitor human,pruritus,195
adalimumab,anxiety,195
albuterol sulfate\budesonide,product dose omission issue,195
alendronate sodium,joint swelling,195
alendronate sodium,pericarditis,195
amikacin,drug ineffective,195
cabozantinib s-malate,blister,195
corticotropin,injection site haemorrhage,195
etonogestrel,incorrect product administration duration,195
human immunoglobulin g,streptococcal infection,195
idursulfase,device breakage,195
lanreotide acetate,nausea,195
ofatumumab,arthralgia,195
pregabalin,withdrawal syndrome,195
risankizumab-rzaa,maternal exposure during pregnancy,195
tocilizumab,nasal congestion,195
treprostinil,wrong technique in device usage process,195
abatacept,pyrexia,194
abatacept,treatment failure,194
adapalene,skin burning sensation,194
alendronate sodium,glossodynia,194
"antihemophilic factor, human recombinant",headache,194
copper,intermenstrual bleeding,194
diazepam,substance use disorder,194
idursulfase,snoring,194
infliximab,pruritus,194
infliximab-dyyb,nasal congestion,194
lanadelumab,cough,194
lenalidomide,thrombocytopenia,194
palbociclib,pain in extremity,194
pancrelipase amylase\pancrelipase lipase\pancrelipase protease,pain,194
pembrolizumab,proteinuria,194
rituximab,alopecia,194
ruxolitinib,condition aggravated,194
secukinumab,discomfort,194
teduglutide,overgrowth bacterial,194
tocilizumab,arthropathy,194
tocilizumab,blood pressure systolic abnormal,194
upadacitinib,neoplasm malignant,194
.alpha.1-proteinase inhibitor human,infection,193
adapalene,skin irritation,193
apixaban,epistaxis,193
celecoxib,product use in unapproved indication,193
certolizumab pegol,incorrect dose administered,193
donanemab-azbt,infusion related reaction,193
dupilumab,blepharitis,193
enfortumab vedotin-ejfv,pruritus,193
enzalutamide,fatigue,193
exenatide,product dose omission issue,193
idursulfase,secretion discharge,193
infliximab,fistula,193
lecanemab-irmb,infusion related reaction,193
methotrexate,abdominal discomfort,193
natalizumab,maternal exposure during pregnancy,193
ofatumumab,paraesthesia,193
oxycodone hydrochloride,emotional distress,193
palbociclib,back pain,193
pembrolizumab,pruritus,193
risankizumab-rzaa,cough,193
risankizumab-rzaa,procedural pain,193
rituximab,blood pressure diastolic abnormal,193
treprostinil,sneezing,193
vedolizumab,infusion related reaction,193
vedolizumab,swelling,193
abatacept,urticaria,192
adalimumab,wound infection,192
alendronate sodium,fatigue,192
calcium oxybate\magnesium oxybate\potassium oxybate\sodium oxybate,tremor,192
carboplatin,product use in unapproved indication,192
encorafenib,off label use,192
galcanezumab-gnlm,incorrect dose administered,192
human immunoglobulin g,rotator cuff syndrome,192
human immunoglobulin g\hyaluronidase (human recombinant),memory impairment,192
infliximab-dyyb,abdominal pain upper,192
irinotecan hydrochloride,diarrhoea,192
levetiracetam,epilepsy,192
levonorgestrel,device breakage,192
maribavir,dysgeusia,192
metformin hydrochloride,shock,192
ocrelizumab,no adverse event,192
parathyroid hormone,hypocalcaemia,192
prednisone,drug effective for unapproved indication,192
pregabalin,intentional product misuse,192
propranolol hydrochloride,drug ineffective,192
secukinumab,device defective,192
secukinumab,product use in unapproved indication,192
semaglutide,muscle spasms,192
tenofovir disoproxil fumarate,bone density decreased,192
treprostinil sodium,diarrhoea,192
upadacitinib,joint swelling,192
vedolizumab,rash erythematous,192
alendronate sodium,drug ineffective,191
amlodipine besylate,dizziness,191
calcium oxybate\magnesium oxybate\potassium oxybate\sodium oxybate,illness,191
calcium oxybate\magnesium oxybate\potassium oxybate\sodium oxybate,weight decreased,191
certolizumab pegol,urticaria,191
clozapine,haematocrit decreased,191
conestat alfa,intentional product use issue,191
corticotropin,feeling abnormal,191
cytarabine\daunorubicin,febrile neutropenia,191
fenfluramine,nasopharyngitis,191
foscarbidopa\foslevodopa,infusion site induration,191
idursulfase,wheezing,191
idursulfase,wrong technique in product usage process,191
imatinib,drug ineffective,191
leflunomide,drug ineffective,191
methotrexate,inappropriate schedule of product administration,191
methotrexate,thrombocytopenia,191
methotrexate,weight decreased,191
methotrexate sodium,nausea,191
pexidartinib hydrochloride,hair colour changes,191
polyethylene glycol 3350,incorrect dose administered,191
sipuleucel-t,infusion related reaction,191
sodium oxybate,fall,191
teduglutide,haemorrhage,191
tobramycin,off label use,191
treprostinil,decreased activity,191
vedolizumab,head discomfort,191
vedolizumab,joint stiffness,191
abatacept,therapeutic product effect decreased,190
abemaciclib,off label use,190
alendronate sodium,condition aggravated,190
amiodarone,drug ineffective,190
benralizumab,headache,190
bupropion hydrochloride\naltrexone hydrochloride,patient dissatisfaction with treatment,190
certolizumab pegol,cough,190
dupilumab,cardiac disorder,190
estradiol,hot flush,190
fulvestrant,off label use,190
human immunoglobulin g,oral herpes,190
human immunoglobulin g,respiratory disorder,190
human immunoglobulin g\hyaluronidase (human recombinant),dehydration,190
icatibant acetate,tremor,190
ixazomib,constipation,190
ixekizumab,drug ineffective,190
methotrexate,covid-19,190
risankizumab-rzaa,gait disturbance,190
sertraline hydrochloride,suicidal ideation,190
sirolimus,off label use,190
tadalafil,dyspnoea,190
tocilizumab,hepatic enzyme increased,190
treprostinil,sepsis,190
vedolizumab,gout,190
vedolizumab,post procedural complication,190
vedolizumab,ulcer,190
velaglucerase alfa,feeling abnormal,190
venetoclax,haemoglobin decreased,190
bimekizumab,fatigue,189
calcium chloride\dextrose\magnesium chloride\sodium chloride\sodium lactate,peritoneal cloudy effluent,189
dupilumab,vertigo,189
icatibant acetate,discomfort,189
icatibant acetate,oropharyngeal pain,189
idursulfase,sleep apnoea syndrome,189
infliximab,erythema,189
infliximab-dyyb,infection,189
norgestrel,pregnancy on oral contraceptive,189
pimavanserin tartrate,therapy interrupted,189
relugolix,vomiting,189
ruxolitinib,myalgia,189
secukinumab,back pain,189
secukinumab,general physical health deterioration,189
semaglutide,insomnia,189
semaglutide,pruritus,189
sertraline hydrochloride,anxiety,189
tislelizumab,white blood cell count decreased,189
tocilizumab,ill-defined disorder,189
tofacitinib citrate,intentional dose omission,189
vedolizumab,respiratory syncytial virus infection,189
.alpha.1-proteinase inhibitor human,cataract,188
abatacept,sinusitis,188
adalimumab,product use issue,188
alendronate sodium,infusion related reaction,188
alendronate sodium,synovitis,188
"antihemophilic factor, human recombinant",product availability issue,188
ciprofloxacin,arthralgia,188
clozapine,seizure,188
corticotropin,arthralgia,188
dapagliflozin,fall,188
diclofenac,joint swelling,188
diroximel fumarate,fatigue,188
fostamatinib,product dose omission issue,188
human immunoglobulin g,hospitalisation,188
hydrocortisone,drug ineffective,188
idursulfase,patient uncooperative,188
infliximab,rheumatoid arthritis,188
isotretinoin,product use issue,188
levothyroxine sodium,palpitations,188
mycophenolate mofetil,septic shock,188
pomalidomide,influenza,188
ponatinib,dizziness,188
ravulizumab-cwvz,malaise,188
ribociclib succinate,pain,188
sertraline hydrochloride,toxicity to various agents,188
sparsentan,glomerular filtration rate decreased,188
tirzepatide,influenza,188
tocilizumab,pneumonia,188
tramadol,drug dependence,188
treprostinil,hospitalisation,188
triamcinolone acetonide,drug ineffective,188
upadacitinib,dermatitis atopic,188
voclosporin,hypertension,188
albuterol sulfate\budesonide,wrong technique in device usage process,187
alendronate sodium,rheumatoid arthritis,187
atorvastatin,medication error,187
carboplatin,vomiting,187
certolizumab pegol,wound,187
corticotropin,fluid retention,187
estradiol,off label use,187
human immunoglobulin g,condition aggravated,187
human immunoglobulin g,muscle strain,187
human immunoglobulin g,paranasal sinus discomfort,187
icatibant acetate,decreased appetite,187
idursulfase,bowel movement irregularity,187
idursulfase,product storage error,187
infliximab-dyyb,blood pressure diastolic decreased,187
ixazomib,platelet count decreased,187
levetiracetam,foetal exposure during pregnancy,187
metformin hydrochloride,drug interaction,187
metformin hydrochloride,hypotension,187
methotrexate,musculoskeletal stiffness,187
methotrexate,psoriasis,187
omalizumab,feeling abnormal,187
pancrelipase amylase\pancrelipase lipase\pancrelipase protease,fall,187
relugolix,mood swings,187
ritlecitinib tosylate,drug ineffective,187
rituximab,abdominal pain,187
rituximab,gait disturbance,187
sarilumab,injection site pruritus,187
secukinumab,weight increased,187
teduglutide,blood glucose decreased,187
teduglutide,gastrointestinal pain,187
abatacept,fibromyalgia,186
adalimumab,bursitis,186
"antihemophilic factor, human recombinant",gingival bleeding,186
atorvastatin,pain in extremity,186
calcium oxybate\magnesium oxybate\potassium oxybate\sodium oxybate,wrong technique in product usage process,186
diroximel fumarate,diarrhoea,186
fenfluramine hydrochloride,epilepsy,186
human immunoglobulin g,sjogren's syndrome,186
human immunoglobulin g,tooth fracture,186
icatibant acetate,dysphagia,186
ixazomib,headache,186
lenalidomide,oedema peripheral,186
levetiracetam,aggression,186
metformin hydrochloride,renal failure,186
olaparib,product dose omission issue,186
ponatinib,dyspnoea,186
propranolol hydrochloride,haemangioma,186
quetiapine,suicide attempt,186
ribociclib succinate,pruritus,186
rituximab,lower respiratory tract infection,186
rosuvastatin,drug interaction,186
ruxolitinib,gait disturbance,186
secukinumab,systemic lupus erythematosus,186
semaglutide,blindness,186
somatropin,headache,186
teduglutide,stoma obstruction,186
upadacitinib,therapy interrupted,186
vedolizumab,abdominal abscess,186
abaloparatide,intentional product misuse,185
adalimumab,injection site erythema,185
adalimumab,unevaluable event,185
albuterol sulfate,device occlusion,185
alendronate sodium,alopecia,185
alendronate sodium,hand deformity,185
alendronate sodium,wound,185
"antihemophilic factor, human recombinant",pharyngitis streptococcal,185
atorvastatin,asthenia,185
brexpiprazole,death,185
cannabidiol,somnolence,185
carbidopa\levodopa,gait disturbance,185
carboplatin,pneumonia,185
cenegermin-bkbj,wrong technique in product usage process,185
clozapine,overdose,185
emtricitabine\tenofovir disoproxil fumarate,acute kidney injury,185
estradiol,application site erythema,185
fluticasone propionate,product dose omission issue,185
foscarbidopa\foslevodopa,device issue,185
human immunoglobulin g,eye pain,185
ibuprofen,anaphylactic reaction,185
idursulfase,device malfunction,185
nirmatrelvir\ritonavir,off label use,185
olanzapine,weight increased,185
pomalidomide,tremor,185
ponatinib,alopecia,185
relugolix,product use issue,185
rituximab-pvvr,inappropriate schedule of product administration,185
ruxolitinib,laboratory test abnormal,185
sertraline hydrochloride,multiple acyl-coenzyme a dehydrogenase deficiency,185
sodium oxybate,initial insomnia,185
somatropin,injection site discharge,185
upadacitinib,anaemia,185
valganciclovir,off label use,185
vedolizumab,dementia,185
velaglucerase alfa,body temperature decreased,185
venetoclax,infection,185
acetaminophen\ibuprofen,drug effective for unapproved indication,184
adalimumab,haematochezia,184
amlodipine besylate,shock,184
apremilast,fatigue,184
cabozantinib s-malate,vomiting,184
dulaglutide,intestinal obstruction,184
fulvestrant,vomiting,184
human c1-esterase inhibitor,inappropriate schedule of product administration,184
human immunoglobulin g\hyaluronidase (human recombinant),death,184
idursulfase,intentional removal of drug delivery system by patient,184
infliximab-dyyb,defaecation urgency,184
lanadelumab,diarrhoea,184
lanadelumab,nephrolithiasis,184
leuprolide acetate,weight increased,184
mepolizumab,pain,184
pegfilgrastim,device occlusion,184
quetiapine,somnolence,184
ravulizumab-cwvz,muscular weakness,184
relugolix,flatulence,184
risankizumab-rzaa,therapeutic product effect incomplete,184
rituximab,pemphigus,184
rituximab,underdose,184
somatropin,device occlusion,184
tirzepatide,hypophagia,184
tirzepatide,injection site irritation,184
tocilizumab,blood cholesterol increased,184
vedolizumab,eye inflammation,184
zolpidem tartrate,toxicity to various agents,184
abatacept,loss of therapeutic response,183
adalimumab,hidradenitis,183
adalimumab-aaty,intentional product use issue,183
belimumab,exposure via skin contact,183
bimekizumab-bkzx,acne,183
carboplatin,disease progression,183
clozapine,lymphocyte count decreased,183
copper,menstrual disorder,183
evolocumab,fatigue,183
guselkumab,inappropriate schedule of product administration,183
human immunoglobulin g,speech disorder,183
human immunoglobulin g,vascular device infection,183
ibuprofen,drug hypersensitivity,183
icatibant acetate,pneumonia,183
menthol,occupational exposure to toxic agent,183
ocrelizumab,nausea,183
olanzapine,somnolence,183
pomalidomide,urinary tract infection,183
ribociclib succinate,diarrhoea,183
ruxolitinib,fall,183
tafamidis,dyspnoea,183
teduglutide,chromaturia,183
tocilizumab,hypersensitivity,183
treprostinil,device breakage,183
treprostinil,nervousness,183
trofinetide,decreased appetite,183
upadacitinib,abdominal pain upper,183
vedolizumab,intestinal fistula,183
vedolizumab,serum ferritin decreased,183
abaloparatide,vomiting,182
abatacept,helicobacter infection,182
bimekizumab-bkzx,device malfunction,182
budesonide,blood pressure increased,182
carbidopa\levodopa,weight decreased,182
carboplatin,malignant neoplasm progression,182
carboplatin,pyrexia,182
cenegermin-bkbj,dry eye,182
certolizumab pegol,abdominal discomfort,182
cyclosporine,dry eye,182
dupilumab,muscular weakness,182
dupilumab,retching,182
esomeprazole magnesium,headache,182
fenfluramine,agitation,182
fenfluramine,behaviour disorder,182
ibuprofen,dyspnoea,182
mepolizumab,death,182
ofatumumab,memory impairment,182
osimertinib,drug resistance,182
osimertinib,nausea,182
pembrolizumab,adrenal insufficiency,182
prednisone,pneumonia,182
risankizumab-rzaa,osteoarthritis,182
secukinumab,synovitis,182
semaglutide,surgery,182
tocilizumab,pain in extremity,182
upadacitinib,loss of consciousness,182
vedolizumab,product storage error,182
vedolizumab,sinus congestion,182
zoledronic acid,nausea,182
abemaciclib,malignant neoplasm progression,181
acetaminophen\ibuprofen,product use in unapproved indication,181
adalimumab,paraesthesia,181
apixaban,dizziness,181
apremilast,arthralgia,181
cabozantinib s-malate,malaise,181
certolizumab pegol,drug intolerance,181
clozapine,"hallucination, auditory",181
clozapine,troponin increased,181
copper,discomfort,181
corticotropin,illness,181
corticotropin,injection site discolouration,181
diclofenac sodium,rash,181
human immunoglobulin g,hypoxia,181
human immunoglobulin g,oral candidiasis,181
ibuprofen,vomiting,181
infliximab,fall,181
infliximab-dyyb,anal fistula,181
insulin lispro,contusion,181
lenvatinib,dehydration,181
lenvatinib,malignant neoplasm progression,181
levothyroxine sodium,alopecia,181
lidocaine,local anaesthetic systemic toxicity,181
methotrexate,infection,181
methotrexate,neutropenia,181
methotrexate,pain in extremity,181
methotrexate,peripheral swelling,181
natalizumab,memory impairment,181
ofatumumab,back pain,181
pancrelipase amylase\pancrelipase lipase\pancrelipase protease,nausea,181
pomalidomide,headache,181
pomalidomide,inappropriate schedule of product administration,181
pregabalin,coma,181
propranolol hydrochloride,condition aggravated,181
ribociclib succinate,off label use,181
secukinumab,rheumatoid arthritis,181
thalidomide,off label use,181
ticagrelor,dyspnoea,181
vedolizumab,liver function test increased,181
vedolizumab,ocular hyperaemia,181
bevacizumab,drug effective for unapproved indication,180
bimekizumab-bkzx,therapeutic product effect incomplete,180
buprenorphine,drug abuse,180
calcium chloride\dextrose\magnesium chloride\sodium chloride\sodium lactate,abdominal pain,180
carbidopa\levodopa,pneumonia,180
corticotropin,dyspnoea,180
cyclosporine,eye pruritus,180
diroximel fumarate,pruritus,180
emtricitabine\tenofovir disoproxil fumarate,vitamin d deficiency,180
fenfluramine,hypersomnia,180
fulvestrant,metastases to bone,180
human immunoglobulin g,psoriasis,180
ixazomib,plasma cell myeloma,180
mepolizumab,injection site pain,180
methotrexate,general physical health deterioration,180
nemolizumab-ilto,eczema,180
osimertinib,dyspnoea,180
palbociclib,product dose omission in error,180
quetiapine fumarate,drug ineffective,180
relugolix,balance disorder,180
risankizumab-rzaa,feeling abnormal,180
risankizumab-rzaa,hypertension,180
risankizumab-rzaa,memory impairment,180
rituximab,wound,180
ruxolitinib,abdominal pain upper,180
secukinumab,arthropathy,180
sparsentan,blood creatinine increased,180
teduglutide,arthritis,180
tezepelumab,death,180
tirzepatide,chills,180
tramadol,drug abuse,180
vedolizumab,aphonia,180
velaglucerase alfa,ankle fracture,180
velaglucerase alfa,pregnancy,180
.alpha.1-proteinase inhibitor human,death,179
abatacept,irritable bowel syndrome,179
abatacept,musculoskeletal stiffness,179
adalimumab,intentional dose omission,179
adalimumab,therapy non-responder,179
adalimumab-adaz,device malfunction,179
amikacin,aphonia,179
apixaban,contusion,179
apixaban,dyspnoea,179
bevacizumab,neutropenia,179
bimekizumab,therapeutic response shortened,179
brigatinib,muscle spasms,179
certolizumab pegol,product storage error,179
denosumab,arthralgia,179
evolocumab,arthralgia,179
fruquintinib,hypertension,179
gabapentin,dizziness,179
human immunoglobulin g\hyaluronidase (human recombinant),thrombosis,179
mepolizumab,fall,179
metformin hydrochloride,asthenia,179
methotrexate,cough,179
ofatumumab,injection site pain,179
ofatumumab,muscular weakness,179
pembrolizumab,palmar-plantar erythrodysaesthesia syndrome,179
pimavanserin tartrate,product distribution issue,179
pregabalin,headache,179
pregabalin,overdose,179
risankizumab-rzaa,thrombosis,179
rituximab,bronchitis,179
semaglutide,nasopharyngitis,179
semaglutide,pain in extremity,179
tacrolimus,covid-19,179
teduglutide,device leakage,179
teduglutide,scar,179
velaglucerase alfa,viral infection,179
.alpha.1-proteinase inhibitor human,chest pain,178
abatacept,folliculitis,178
aripiprazole,fatigue,178
bimekizumab-bkzx,fungal infection,178
bimekizumab-bkzx,illness,178
coagulation factor ix recombinant human\isopropyl alcohol,haemorrhage,178
enfortumab vedotin-ejfv,death,178
enfortumab vedotin-ejfv,diarrhoea,178
epcoritamab-bysp,diffuse large b-cell lymphoma refractory,178
fentanyl,overdose,178
finasteride,loss of libido,178
human immunoglobulin g,infusion site oedema,178
human immunoglobulin g,myasthenia gravis,178
human immunoglobulin g,osteoarthritis,178
isatuximab,anaemia,178
mesalamine,haematochezia,178
methotrexate,pruritus,178
minoxidil,intentional product misuse,178
oxycodone hydrochloride,drug withdrawal syndrome,178
pimavanserin tartrate,feeling abnormal,178
pomalidomide,product distribution issue,178
rituximab,back pain,178
ruxolitinib,full blood count decreased,178
secukinumab,gait inability,178
secukinumab,sinusitis,178
sertraline hydrochloride,dizziness,178
sertraline hydrochloride,drug interaction,178
teduglutide,general physical health deterioration,178
teduglutide,oedema,178
teduglutide,tremor,178
teriparatide,device malfunction,178
tocilizumab,swelling,178
tofacitinib citrate,hypoacusis,178
trastuzumab,nausea,178
treprostinil,asthma,178
treprostinil,hyperhidrosis,178
upadacitinib,haematochezia,178
upadacitinib,nephrolithiasis,178
adalimumab,cerebrovascular accident,177
adalimumab,gastrooesophageal reflux disease,177
alendronate sodium,arthropathy,177
alendronate sodium,hypoaesthesia,177
"antihemophilic factor, human recombinant",back injury,177
benralizumab,fall,177
bimekizumab-bkzx,nasopharyngitis,177
clozapine,fall,177
evolocumab,injury associated with device,177
exenatide,device delivery system issue,177
fenfluramine,aortic dilatation,177
fruquintinib,pain,177
human immunoglobulin g\hyaluronidase (human recombinant),rhinorrhoea,177
idursulfase,device alarm issue,177
infliximab,psoriasis,177
lanadelumab,pain,177
nivolumab,decreased appetite,177
olanzapine,toxicity to various agents,177
osimertinib,disease progression,177
pomalidomide,cough,177
quetiapine,intentional overdose,177
relugolix,anxiety,177
rosuvastatin,muscle spasms,177
secukinumab,depression,177
secukinumab,drug intolerance,177
semaglutide,memory impairment,177
somatropin,wrong technique in product usage process,177
teduglutide,hot flush,177
temozolomide,product use in unapproved indication,177
tildrakizumab-asmn,product dose omission issue,177
tirzepatide,dry mouth,177
trofinetide,influenza,177
vedolizumab,impaired healing,177
vedolizumab,obstruction,177
abaloparatide,malaise,176
abatacept,anti-cyclic citrullinated peptide antibody positive,176
abatacept,confusional state,176
abatacept,type 2 diabetes mellitus,176
abemaciclib,headache,176
adalimumab,colitis,176
"antihemophilic factor, human recombinant",ecchymosis,176
belimumab,product use in unapproved indication,176
clozapine,differential white blood cell count abnormal,176
dupilumab,limb injury,176
durvalumab,cholangitis,176
estradiol,application site pruritus,176
faricimab-svoa,visual impairment,176
glatiramer acetate,injection site pain,176
human immunoglobulin g,eye pruritus,176
infliximab-dyyb,therapeutic product effect incomplete,176
omalizumab,blood pressure systolic increased,176
omalizumab,myalgia,176
parathyroid hormone,recalled product,176
relugolix,covid-19,176
rituximab,hepatic enzyme increased,176
ruxolitinib,hypertension,176
sertraline hydrochloride,fatigue,176
teduglutide,nervousness,176
teprotumumab-trbw,product use complaint,176
treprostinil,infusion site irritation,176
vedolizumab,infrequent bowel movements,176
abatacept,mobility decreased,175
adalimumab,ill-defined disorder,175
adalimumab,muscular weakness,175
bimekizumab-bkzx,ankylosing spondylitis,175
capsaicin,application site pain,175
certolizumab pegol,hypoaesthesia,175
certolizumab pegol,swelling,175
certolizumab pegol,weight increased,175
cladribine,headache,175
cyclophosphamide,nausea,175
diclofenac,arthralgia,175
doxorubicin,disease progression,175
dupilumab,eosinophil count increased,175
dupilumab,lip swelling,175
durvalumab,platelet count decreased,175
fluticasone furoate\umeclidinium bromide\vilanterol trifenatate,off label use,175
foscarbidopa\foslevodopa,confusional state,175
human immunoglobulin g,pneumonia bacterial,175
human immunoglobulin g,skin abrasion,175
human immunoglobulin g,skin lesion,175
icatibant acetate,blood pressure increased,175
idursulfase,complication associated with device,175
idursulfase,infusion site inflammation,175
idursulfase,pruritus,175
lenalidomide,neutrophil count decreased,175
methylprednisolone,drug ineffective,175
ocrelizumab,pyrexia,175
pomalidomide,full blood count decreased,175
ravulizumab-cwvz,therapeutic response shortened,175
relugolix,emotional disorder,175
risankizumab-rzaa,frequent bowel movements,175
risankizumab-rzaa,stress,175
rituximab,mobility decreased,175
rituximab-pvvr,fatigue,175
ruxolitinib,memory impairment,175
teprotumumab-trbw,deafness neurosensory,175
tralokinumab-ldrm,pruritus,175
treprostinil,oxygen consumption increased,175
vedolizumab,intestinal mass,175
abatacept,abdominal pain upper,174
abemaciclib,alopecia,174
abemaciclib,white blood cell count decreased,174
acetaminophen,therapeutic product effect incomplete,174
adalimumab,night sweats,174
adalimumab,stress,174
albuterol sulfate,circumstance or information capable of leading to medication error,174
alendronate sodium,irritable bowel syndrome,174
alendronate sodium,swelling,174
bevacizumab,asthenia,174
bimekizumab-bkzx,hypersensitivity,174
budesonide\formoterol fumarate,device malfunction,174
buprenorphine hydrochloride\naloxone hydrochloride,inappropriate schedule of product administration,174
bupropion hydrochloride\naltrexone hydrochloride,illness,174
dapagliflozin,illness,174
dupilumab,ear pain,174
dupilumab,gastroenteritis viral,174
human immunoglobulin g,blister,174
human immunoglobulin g,infusion site scar,174
idursulfase,allergy to animal,174
idursulfase,nervousness,174
infliximab,anal fissure,174
lanadelumab,nasopharyngitis,174
leflunomide,rheumatoid arthritis,174
lisdexamfetamine dimesylate,intentional overdose,174
mepolizumab,arthralgia,174
mesalamine,colitis ulcerative,174
metformin hydrochloride,off label use,174
ofatumumab,infection,174
omalizumab,chest pain,174
oxaliplatin,dyspnoea,174
pegfilgrastim,intercepted product preparation error,174
risankizumab-rzaa,therapeutic response shortened,174
rituximab,swelling,174
secukinumab,glossodynia,174
secukinumab,type 2 diabetes mellitus,174
semaglutide,product label confusion,174
teduglutide,liquid product physical issue,174
teduglutide,rhinovirus infection,174
tislelizumab,pruritus,174
tofacitinib citrate,rash,174
treprostinil,musculoskeletal chest pain,174
velaglucerase alfa,insurance issue,174
.alpha.1-proteinase inhibitor human,lung disorder,173
adalimumab,sleep disorder,173
alendronate sodium,helicobacter infection,173
apixaban,thrombosis,173
bimekizumab,incorrect dose administered,173
cabozantinib s-malate,pain in extremity,173
calcium oxybate\magnesium oxybate\potassium oxybate\sodium oxybate,dyspnoea,173
certolizumab pegol,maternal exposure during breast feeding,173
certolizumab pegol,musculoskeletal stiffness,173
diclofenac,drug ineffective,173
dupilumab,atrial fibrillation,173
eculizumab,fatigue,173
fenfluramine,constipation,173
human immunoglobulin g,dry eye,173
human immunoglobulin g,impaired gastric emptying,173
icatibant acetate,hypersomnia,173
idursulfase,contusion,173
idursulfase,vital functions abnormal,173
lamotrigine,drug ineffective,173
lenalidomide,brain fog,173
minoxidil,off label use,173
natalizumab,malaise,173
ocrelizumab,pneumonia,173
pancrelipase amylase\pancrelipase lipase\pancrelipase protease,pancreatic failure,173
ribociclib,fatigue,173
rituximab,chest discomfort,173
ruxolitinib,decreased appetite,173
tirzepatide,hypotension,173
tocilizumab,gait disturbance,173
tocilizumab,urticaria,173
treprostinil,blood pressure abnormal,173
treprostinil,device alarm issue,173
treprostinil,product dose omission in error,173
triamcinolone acetonide,off label use,173
vedolizumab,haemoglobin abnormal,173
vedolizumab,inflammatory bowel disease,173
vedolizumab,toothache,173
zolbetuximab-clzb,vomiting,173
.alpha.1-proteinase inhibitor human,seasonal allergy,172
abatacept,duodenal ulcer perforation,172
abatacept,gastrointestinal disorder,172
acetaminophen,pain,172
albuterol,product packaging quantity issue,172
albuterol,wrong technique in product usage process,172
albuterol sulfate,circumstance or information capable of leading to device use error,172
"antihemophilic factor, human recombinant",oropharyngeal pain,172
benralizumab,illness,172
brigatinib,covid-19,172
celecoxib,rash,172
cetirizine hydrochloride,fatigue,172
dapagliflozin,dementia,172
dinutuximab,abdominal pain,172
diroximel fumarate,fall,172
dupilumab,pharyngeal swelling,172
dupilumab,product prescribing error,172
enfortumab vedotin-ejfv,off label use,172
esomeprazole magnesium,product dose omission issue,172
foscarbidopa\foslevodopa,therapeutic product effect incomplete,172
gabapentin,confusional state,172
human c1-esterase inhibitor,insurance issue,172
human immunoglobulin g,irritable bowel syndrome,172
human immunoglobulin g,product prescribing issue,172
human immunoglobulin g\hyaluronidase (human recombinant),myalgia,172
idursulfase,ear discomfort,172
infliximab,infection,172
ixazomib,white blood cell count decreased,172
lenalidomide,dehydration,172
leuprolide acetate,pneumonia,172
levetiracetam,rhabdomyolysis,172
linaclotide,diarrhoea,172
meropenem,drug ineffective,172
methoxy polyethylene glycol-epoetin beta,drug hypersensitivity,172
pembrolizumab,immune-mediated adverse reaction,172
pregabalin,intentional overdose,172
relugolix,dry skin,172
relugolix,inappropriate schedule of product administration,172
relugolix,lethargy,172
risankizumab-rzaa,haematochezia,172
rituximab,arthropathy,172
rituximab,cytokine release syndrome,172
semaglutide,diabetes mellitus inadequate control,172
sertraline hydrochloride,nausea,172
tenapanor hydrochloride,death,172
tirzepatide,blood pressure increased,172
tramadol,death,172
treprostinil,device information output issue,172
treprostinil,feeling jittery,172
upadacitinib,therapeutic product effect incomplete,172
vedolizumab,musculoskeletal pain,172
.alpha.1-proteinase inhibitor human,multiple allergies,171
.alpha.1-proteinase inhibitor human,wheezing,171
alendronate sodium,duodenal ulcer perforation,171
budesonide,headache,171
cabotegravir\rilpivirine,product use in unapproved therapeutic environment,171
calcium oxybate\magnesium oxybate\potassium oxybate\sodium oxybate,decreased appetite,171
calcium oxybate\magnesium oxybate\potassium oxybate\sodium oxybate,depression,171
cenegermin-bkbj,therapy interrupted,171
corticotropin,dizziness,171
corticotropin,fall,171
diroximel fumarate,product dose omission in error,171
dupilumab,neoplasm malignant,171
durvalumab,cytokine release syndrome,171
erenumab-aooe,injection site pain,171
fremanezumab-vfrm,injection site pain,171
human immunoglobulin g,eye swelling,171
infliximab-dyyb,rhinorrhoea,171
ocrelizumab,maternal exposure before pregnancy,171
ofatumumab,vomiting,171
pancrelipase amylase\pancrelipase lipase\pancrelipase protease,flatulence,171
pomalidomide,illness,171
pregabalin,asthenia,171
rituximab,abdominal pain upper,171
secukinumab,confusional state,171
secukinumab,gastrointestinal disorder,171
secukinumab,memory impairment,171
secukinumab,urinary tract infection,171
secukinumab,wheezing,171
selexipag,headache,171
semaglutide,injection site discharge,171
teduglutide,limb injury,171
teduglutide,poor quality sleep,171
treprostinil,infusion site warmth,171
treprostinil,thrombosis,171
trofinetide,drug ineffective,171
vedolizumab,gastrointestinal stoma output increased,171
vedolizumab,helicobacter infection,171
adalimumab,dry mouth,170
adalimumab,road traffic accident,170
alendronate sodium,psoriatic arthropathy,170
amlodipine besylate,vomiting,170
aripiprazole,"hallucination, auditory",170
buprenorphine,off label use,170
caplacizumab-yhdp,product use in unapproved indication,170
carbidopa\levodopa,stoma site discharge,170
clozapine,eosinophilia,170
denosumab,fall,170
empagliflozin,euglycaemic diabetic ketoacidosis,170
human immunoglobulin g,carpal tunnel syndrome,170
human immunoglobulin g,fear of injection,170
human immunoglobulin g,pseudomonas infection,170
human immunoglobulin g,throat tightness,170
lanadelumab,urinary tract infection,170
levonorgestrel,nausea,170
linaclotide,drug ineffective,170
olaparib,diarrhoea,170
palbociclib,nasopharyngitis,170
panitumumab,rash,170
pimavanserin tartrate,fatigue,170
ponatinib,diarrhoea,170
prednisone,acute kidney injury,170
pregabalin,nausea,170
rituximab,osteoarthritis,170
ruxolitinib,insomnia,170
secukinumab,drug hypersensitivity,170
stiripentol,off label use,170
teduglutide,heart rate increased,170
teduglutide,inability to afford medication,170
teduglutide,loss of consciousness,170
teduglutide,small intestinal obstruction,170
treprostinil,product leakage,170
treprostinil,taste disorder,170
upadacitinib,blood cholesterol increased,170
vedolizumab,panic attack,170
vedolizumab,small intestinal stenosis,170
zolpidem tartrate,somnolence,170
abatacept,muscle injury,169
alendronate sodium,peripheral swelling,169
alprazolam,off label use,169
apomorphine hydrochloride,dizziness,169
budesonide,asthma,169
cannabidiol,product dose omission issue,169
clozapine,drug interaction,169
copper,injury associated with device,169
corticotropin,malaise,169
drospirenone,heavy menstrual bleeding,169
etoposide,drug ineffective,169
human immunoglobulin g,haematochezia,169
icatibant acetate,intestinal obstruction,169
idursulfase,blister,169
idursulfase,hypersensitivity,169
idursulfase,lacrimation increased,169
infliximab,abscess,169
insulin degludec,blood glucose increased,169
lenalidomide,skin discolouration,169
levetiracetam,generalised tonic-clonic seizure,169
mepolizumab,loss of personal independence in daily activities,169
niraparib,platelet count decreased,169
onabotulinumtoxina,therapeutic response shortened,169
ponatinib,neuropathy peripheral,169
resmetirom,diarrhoea,169
rituximab,drug effective for unapproved indication,169
rituximab,systemic lupus erythematosus,169
ruxolitinib,white blood cell count increased,169
secukinumab,abdominal pain,169
semaglutide,drug intolerance,169
semaglutide,malnutrition,169
sotatercept-csrk,epistaxis,169
teduglutide,defaecation urgency,169
teduglutide,device issue,169
teduglutide,hypokalaemia,169
tirzepatide,pancreatitis acute,169
tirzepatide,pyrexia,169
vedolizumab,emotional distress,169
vedolizumab,female genital tract fistula,169
vedolizumab,intervertebral disc protrusion,169
.alpha.1-proteinase inhibitor human,oropharyngeal pain,168
abaloparatide,abdominal distension,168
adalimumab,cataract,168
adalimumab,frequent bowel movements,168
adalimumab,hypercholesterolaemia,168
"antihemophilic factor, human recombinant",diarrhoea,168
"antihemophilic factor, human recombinant",weight increased,168
apixaban,cerebral haemorrhage,168
belimumab,illness,168
cabozantinib s-malate,rash,168
certolizumab pegol,product use in unapproved indication,168
diclofenac,musculoskeletal stiffness,168
elexacaftor\ivacaftor\tezacaftor,mental disorder,168
faricimab-svoa,death,168
foscarbidopa\foslevodopa,asthenia,168
icatibant acetate,poor venous access,168
infliximab,abdominal pain upper,168
lacosamide,off label use,168
lenalidomide,somnolence,168
lenvatinib,blood pressure increased,168
mepolizumab,back pain,168
mepolizumab,influenza,168
methotrexate,arthropathy,168
mycophenolate mofetil,condition aggravated,168
onasemnogene abeparvovec-xioi,pyrexia,168
palbociclib,pyrexia,168
pembrolizumab,thrombocytopenia,168
pomalidomide,adverse event,168
risankizumab-rzaa,sepsis,168
risperidone,extrapyramidal disorder,168
rituximab,synovitis,168
simvastatin,chronic lymphocytic leukaemia,168
tacrolimus,thrombotic microangiopathy,168
teduglutide,stoma site oedema,168
tofacitinib citrate,feeling abnormal,168
tolvaptan,fatigue,168
upadacitinib,product residue present,168
vedolizumab,rash macular,168
velaglucerase alfa,body temperature increased,168
acetaminophen,accidental overdose,167
adalimumab,intestinal obstruction,167
adalimumab-adaz,arthralgia,167
alendronate sodium,drug intolerance,167
alendronate sodium,hypertension,167
alendronate sodium,impaired healing,167
alendronate sodium,weight increased,167
"antihemophilic factor, human recombinant",muscle strain,167
bupropion hydrochloride,intentional overdose,167
carbidopa\levodopa,drug ineffective,167
celecoxib,diarrhoea,167
cetirizine hydrochloride,urticaria,167
clozapine,pyrexia,167
corticotropin,nausea,167
diclofenac sodium,fatigue,167
dupilumab,oropharyngeal discomfort,167
esketamine,vomiting,167
ezetimibe,myalgia,167
fruquintinib,nausea,167
human immunoglobulin g,hip fracture,167
icatibant acetate,seizure,167
idursulfase,febrile infection,167
idursulfase,visual impairment,167
infliximab,uveitis,167
infliximab-dyyb,gait disturbance,167
infliximab-dyyb,mouth ulceration,167
lanadelumab,injection site erythema,167
lenvatinib,asthenia,167
levocetirizine dihydrochloride,no adverse event,167
lotilaner,eye irritation,167
macitentan,dyspnoea,167
palbociclib,metastases to bone,167
pembrolizumab,dyspnoea,167
pembrolizumab,myocarditis,167
pregabalin,condition aggravated,167
relugolix,alopecia,167
rituximab,contraindicated product administered,167
ruxolitinib,cough,167
sacubitril\valsartan,dizziness,167
secukinumab,anxiety,167
secukinumab,osteoarthritis,167
teduglutide,vitamin b12 decreased,167
tirzepatide,fall,167
tirzepatide,panic attack,167
treprostinil,patient dissatisfaction with device,167
vedolizumab,bone pain,167
abaloparatide,illness,166
abatacept,inflammation,166
abemaciclib,dyspnoea,166
alendronate sodium,folliculitis,166
alprazolam,drug use disorder,166
cetuximab,myelosuppression,166
clozapine,red blood cell count decreased,166
dapagliflozin,dyspnoea,166
dapagliflozin,renal failure,166
darolutamide,death,166
dupilumab,sensitivity to weather change,166
durvalumab,anaemia,166
erenumab-aooe,device use error,166
evolocumab,pain in extremity,166
furosemide,drug ineffective,166
human immunoglobulin g,deep vein thrombosis,166
human immunoglobulin g,renal impairment,166
ibrutinib,atrial fibrillation,166
infliximab,back pain,166
lanadelumab,influenza,166
lenalidomide,taste disorder,166
levonorgestrel,heavy menstrual bleeding,166
oxaliplatin,disease progression,166
pancrelipase amylase\pancrelipase lipase\pancrelipase protease,fatigue,166
pertuzumab,myelosuppression,166
polyethylene glycol 3350,diarrhoea,166
risankizumab-rzaa,atrial fibrillation,166
secukinumab,insomnia,166
secukinumab,pemphigus,166
semaglutide,product dose omission issue,166
sodium oxybate,illness,166
sparsentan,product administration error,166
teprotumumab-trbw,headache,166
treprostinil,extra dose administered,166
treprostinil,post procedural complication,166
upadacitinib,constipation,166
venetoclax,leukopenia,166
.alpha.1-proteinase inhibitor human,dyspnoea exertional,165
abaloparatide,myalgia,165
abaloparatide,product dose omission in error,165
abatacept,blister,165
abrocitinib,drug ineffective,165
adalimumab,seizure,165
albuterol,device issue,165
alendronate sodium,anti-cyclic citrullinated peptide antibody positive,165
alendronate sodium,muscle injury,165
alendronate sodium,wheezing,165
alprazolam,drug dependence,165
amlodipine besylate,off label use,165
apomorphine hydrochloride,fall,165
bevacizumab,proteinuria,165
bimekizumab,therapy interrupted,165
certolizumab pegol,abdominal pain upper,165
certolizumab pegol,inflammation,165
certolizumab pegol,systemic lupus erythematosus,165
cyclophosphamide,pyrexia,165
dapagliflozin,dizziness,165
fenfluramine,aggression,165
foscarbidopa\foslevodopa,freezing phenomenon,165
human immunoglobulin g\hyaluronidase (human recombinant),respiratory disorder,165
ibrutinib,diarrhoea,165
infliximab,sinusitis,165
lenalidomide,blood potassium decreased,165
lenalidomide,bronchitis,165
lenalidomide,disease progression,165
letrozole,diarrhoea,165
levetiracetam,status epilepticus,165
nitric oxide,underdose,165
omalizumab,paraesthesia,165
pomalidomide,back pain,165
ponatinib,abdominal pain upper,165
ravulizumab-cwvz,pain,165
ribociclib,nausea,165
rivastigmine tartrate,death,165
sarilumab,headache,165
semaglutide,counterfeit product administered,165
tacrolimus,drug ineffective for unapproved indication,165
teduglutide,erythema,165
teduglutide,pallor,165
tezepelumab,cough,165
topiramate,drug ineffective,165
treprostinil,bronchospasm,165
treprostinil,sinus congestion,165
upadacitinib,hypertension,165
ustekinumab,product storage error,165
vedolizumab,musculoskeletal chest pain,165
vedolizumab,vitamin d decreased,165
acetaminophen,drug interaction,164
acetaminophen,intentional self-injury,164
adalimumab,loss of personal independence in daily activities,164
alendronate sodium,contraindicated product administered,164
alendronate sodium,hepatic enzyme increased,164
alendronate sodium,nausea,164
alendronate sodium,product use in unapproved indication,164
alprazolam,somnolence,164
anakinra,off label use,164
"antihemophilic factor, human recombinant",joint stiffness,164
bimekizumab-bkzx,infection,164
blinatumomab,cytokine release syndrome,164
celecoxib,urticaria,164
clozapine,drug ineffective,164
clozapine,somnolence,164
dinutuximab,hypoalbuminaemia,164
dulaglutide,dehydration,164
esketamine,adverse event,164
foscarbidopa\foslevodopa,urinary tract infection,164
human immunoglobulin g,haematoma,164
human immunoglobulin g,splenomegaly,164
icatibant acetate,injection site urticaria,164
ixazomib,covid-19,164
lenalidomide,renal impairment,164
levetiracetam,fatigue,164
mycophenolate mofetil,infection,164
natalizumab,product dose omission issue,164
nivolumab,immune-mediated enterocolitis,164
omalizumab,back pain,164
ponatinib,bone pain,164
secukinumab,fibromyalgia,164
secukinumab,hepatic enzyme increased,164
secukinumab,weight decreased,164
teduglutide,blood pressure abnormal,164
teduglutide,chronic kidney disease,164
tirzepatide,injection site discomfort,164
tocilizumab,nausea,164
upadacitinib,weight decreased,164
vedolizumab,ileal ulcer,164
vedolizumab,injection site swelling,164
voclosporin,headache,164
voclosporin,product use issue,164
.alpha.1-proteinase inhibitor human,off label use,163
adalimumab,anaemia,163
adalimumab,contraindicated product administered,163
alendronate sodium,confusional state,163
alendronate sodium,general physical health deterioration,163
bevacizumab,nausea,163
bimekizumab,oral candidiasis,163
carbidopa\levodopa,fatigue,163
certolizumab pegol,hypertension,163
diroximel fumarate,nausea,163
docetaxel,off label use,163
dulaglutide,product dose omission issue,163
dupilumab,respiration abnormal,163
eptinezumab-jjmr,therapeutic response shortened,163
human immunoglobulin g,blood immunoglobulin g increased,163
human immunoglobulin g,toothache,163
idursulfase,urticaria,163
infliximab-dyyb,blood pressure diastolic increased,163
lacosamide,drug ineffective,163
methotrexate,gastrointestinal disorder,163
methotrexate,maternal exposure during pregnancy,163
mycophenolate mofetil,transplant rejection,163
natalizumab,fall,163
omalizumab,dyspnoea exertional,163
oxycodone hydrochloride,impaired quality of life,163
rituximab,muscle spasms,163
semaglutide,cataract operation,163
sertraline hydrochloride,sexual dysfunction,163
sodium chloride,white blood cell count decreased,163
sodium oxybate,unevaluable event,163
teduglutide,intentional product use issue,163
tirzepatide,overdose,163
tirzepatide,paraesthesia,163
tofacitinib citrate,sensitivity to weather change,163
vedolizumab,weight fluctuation,163
velaglucerase alfa,pneumonia,163
venetoclax,fall,163
abaloparatide,condition aggravated,162
abatacept,hypoaesthesia,162
adalimumab,live birth,162
adalimumab,oedema,162
alendronate sodium,mobility decreased,162
amlodipine besylate,drug interaction,162
"antihemophilic factor, human recombinant",tooth disorder,162
bevacizumab,vomiting,162
bosutinib monohydrate,diarrhoea,162
cenobamate,somnolence,162
certolizumab pegol,adverse drug reaction,162
clozapine,vomiting,162
dupilumab,respiratory syncytial virus infection,162
estradiol,product quality issue,162
human immunoglobulin g,heart rate decreased,162
human immunoglobulin g,pregnancy,162
icatibant acetate,inflammation,162
idursulfase,infusion site injury,162
idursulfase,peripheral swelling,162
isotretinoin,arthralgia,162
ixazomib,asthenia,162
nintedanib,flatulence,162
omalizumab,needle issue,162
paclitaxel,nausea,162
pancrelipase amylase\pancrelipase lipase\pancrelipase protease,neoplasm malignant,162
pancrelipase amylase\pancrelipase lipase\pancrelipase protease,vomiting,162
pimavanserin tartrate,general physical health deterioration,162
ribociclib succinate,anaemia,162
risankizumab-rzaa,breast cancer female,162
ruxolitinib,decreased activity,162
tirzepatide,chest pain,162
tirzepatide,"sleep disorder due to general medical condition, insomnia type",162
tocilizumab,contusion,162
tofacitinib citrate,product prescribing error,162
treprostinil,device physical property issue,162
vedolizumab,osteoporosis,162
voclosporin,fatigue,162
abatacept,impaired healing,161
adalimumab,blindness,161
adalimumab,lip dry,161
alendronate sodium,injury,161
alendronate sodium,nasopharyngitis,161
alendronate sodium,type 2 diabetes mellitus,161
amlodipine besylate,pain,161
carbidopa\levodopa,freezing phenomenon,161
cenobamate,fatigue,161
certolizumab pegol,confusional state,161
certolizumab pegol,contusion,161
cladribine,pneumonia,161
dupilumab,lung disorder,161
dupilumab,myocardial infarction,161
etanercept,death,161
fluticasone furoate\umeclidinium bromide\vilanterol trifenatate,cough,161
ganaxolone,seizure,161
human immunoglobulin g,spinal fracture,161
human immunoglobulin g\hyaluronidase (human recombinant),drug intolerance,161
idursulfase,increased bronchial secretion,161
lenalidomide,ageusia,161
levothyroxine sodium,headache,161
methotrexate,dizziness,161
nirmatrelvir\ritonavir,product prescribing error,161
risankizumab-rzaa,infection,161
secukinumab,chest pain,161
semaglutide,feeding disorder,161
talquetamab-tgvs,cytokine release syndrome,161
tirzepatide,ileus,161
tirzepatide,loss of consciousness,161
treprostinil,bronchitis,161
vedolizumab,rash papular,161
abatacept,injury,160
"antihemophilic factor, human recombinant",eye injury,160
"antihemophilic factor, human recombinant",musculoskeletal discomfort,160
aripiprazole,somnolence,160
atorvastatin,diarrhoea,160
cannabidiol,product administration interrupted,160
certolizumab pegol,glossodynia,160
copper,uterine perforation,160
dupilumab,road traffic accident,160
eptinezumab-jjmr,headache,160
esketamine,anxiety,160
ethinyl estradiol\levonorgestrel,product adhesion issue,160
fenfluramine,tremor,160
fostamatinib,platelet count decreased,160
gabapentin,fatigue,160
gabapentin,toxicity to various agents,160
human immunoglobulin g,mass,160
human immunoglobulin g\hyaluronidase (human recombinant),cystitis,160
human immunoglobulin g\hyaluronidase (human recombinant),sepsis,160
icatibant acetate,nervousness,160
incobotulinumtoxina,therapeutic response decreased,160
infliximab,anxiety,160
lanadelumab,abdominal pain,160
lisdexamfetamine dimesylate,inability to afford medication,160
methotrexate,synovitis,160
minoxidil,incorrect dose administered,160
onabotulinumtoxina,injection site pain,160
oxaliplatin,drug ineffective,160
palbociclib,product use issue,160
ponatinib,asthenia,160
pregabalin,fall,160
pregabalin,pain in extremity,160
relugolix,urinary incontinence,160
risankizumab-rzaa,small intestinal obstruction,160
rozanolixizumab,myasthenia gravis,160
secukinumab,fall,160
sertraline hydrochloride,foetal exposure during pregnancy,160
teduglutide,blood magnesium abnormal,160
teduglutide,dysphagia,160
teduglutide,product prescribing issue,160
teduglutide,pruritus,160
tirzepatide,intentional product misuse,160
tocilizumab,musculoskeletal stiffness,160
tofacitinib citrate,death,160
treprostinil,depression,160
treprostinil,purulent discharge,160
vedolizumab,fibromyalgia,160
.alpha.1-proteinase inhibitor human,oedema peripheral,159
amikacin,intentional dose omission,159
amivantamab-vmjw,off label use,159
amlodipine besylate,fatigue,159
aripiprazole,tremor,159
budesonide\formoterol fumarate,wrong technique in product usage process,159
bupropion,accidental exposure to product by child,159
certolizumab pegol,gastrointestinal disorder,159
cetuximab,off label use,159
dapagliflozin,chronic kidney disease,159
dupilumab,scar,159
durvalumab,rash,159
elexacaftor\ivacaftor\tezacaftor,brain fog,159
esketamine,feeling abnormal,159
esomeprazole magnesium,fatigue,159
fenfluramine hydrochloride,somnolence,159
fremanezumab-vfrm,migraine,159
gabapentin,nausea,159
gemcitabine,drug ineffective,159
human immunoglobulin g,pain in jaw,159
human immunoglobulin g,treatment noncompliance,159
human immunoglobulin g\hyaluronidase (human recombinant),decreased appetite,159
human immunoglobulin g\hyaluronidase (human recombinant),product use in unapproved indication,159
idursulfase,ear pain,159
infliximab,constipation,159
isotretinoin,dry skin,159
lanreotide acetate,abdominal pain,159
lenalidomide,rhinorrhoea,159
lenvatinib,weight decreased,159
levothyroxine sodium,feeling abnormal,159
levothyroxine sodium,insomnia,159
metformin hydrochloride,hypothermia,159
methotrexate sodium,arthralgia,159
mycophenolate mofetil,respiratory failure,159
omalizumab,abdominal pain upper,159
palbociclib,memory impairment,159
pimavanserin tartrate,anxiety,159
pomalidomide,malaise,159
pomalidomide,platelet count decreased,159
quetiapine,off label use,159
risankizumab-rzaa,colectomy,159
risankizumab-rzaa,flatulence,159
sacubitril\valsartan,wrong technique in product usage process,159
secukinumab,folliculitis,159
secukinumab,intentional product use issue,159
teprotumumab-trbw,impaired quality of life,159
tirzepatide,migraine,159
tirzepatide,somnolence,159
tolvaptan,product use issue,159
trofinetide,nasopharyngitis,159
vedolizumab,dry eye,159
adalimumab,uveitis,158
"antihemophilic factor, human recombinant",limb discomfort,158
apixaban,therapy interrupted,158
bimekizumab,condition aggravated,158
bimekizumab,pneumonia,158
budesonide,weight increased,158
celecoxib,dizziness,158
certolizumab pegol,pericarditis,158
clozapine,fatigue,158
clozapine,nausea,158
corticotropin,inappropriate schedule of product administration,158
dapagliflozin,blindness,158
etrasimod arginine,condition aggravated,158
fostamatinib,diarrhoea,158
human immunoglobulin g,cardiac failure congestive,158
human immunoglobulin g,intestinal obstruction,158
human immunoglobulin g\hyaluronidase (human recombinant),infusion site rash,158
icatibant acetate,cataract,158
idursulfase,accident,158
idursulfase,off label use,158
infliximab,urinary tract infection,158
leuprolide acetate,injection site mass,158
levothyroxine sodium,death,158
mepolizumab,dizziness,158
metformin hydrochloride,overdose,158
methamphetamine,drug abuse,158
norgestrel,heavy menstrual bleeding,158
omalizumab,dysphonia,158
omalizumab,lower respiratory tract infection,158
palbociclib,rash,158
peanut,product dose omission issue,158
pimavanserin tartrate,loss of personal independence in daily activities,158
risperidone,device leakage,158
semaglutide,injection site haemorrhage,158
sodium oxybate,depression,158
vedolizumab,blood creatinine increased,158
vedolizumab,deep vein thrombosis,158
vedolizumab,ligament sprain,158
velaglucerase alfa,poor quality sleep,158
abatacept,stomatitis,157
acetaminophen,dyspnoea,157
adalimumab,myocardial infarction,157
adalimumab-fkjp,off label use,157
ambrisentan,hospitalisation,157
apixaban,pulmonary embolism,157
bortezomib,neuropathy peripheral,157
cabozantinib s-malate,hypertension,157
certolizumab pegol,general physical health deterioration,157
ciltacabtagene autoleucel,parkinsonism,157
cyclophosphamide,vomiting,157
dinutuximab,oedema,157
dronedarone,off label use,157
etanercept-szzs,general physical health deterioration,157
evolocumab,rhinorrhoea,157
human immunoglobulin g,intervertebral disc protrusion,157
human immunoglobulin g,lip swelling,157
human immunoglobulin g,lymphoma,157
idursulfase,discomfort,157
idursulfase,weight fluctuation,157
infliximab-dyyb,insomnia,157
infliximab-dyyb,maternal exposure during pregnancy,157
lenalidomide,atrial fibrillation,157
levetiracetam,irritability,157
metformin hydrochloride,abdominal pain,157
methotrexate,drug hypersensitivity,157
methotrexate,swelling,157
palbociclib,fall,157
paliperidone palmitate,hospitalisation,157
pembrolizumab,weight decreased,157
ponatinib,vomiting,157
pregabalin,drug interaction,157
pregabalin,insomnia,157
risankizumab-rzaa,decreased appetite,157
secukinumab,decreased appetite,157
semaglutide,cholecystitis,157
semaglutide,urinary tract infection,157
sevoflurane,acute kidney injury,157
tacrolimus,transplant rejection,157
tislelizumab,nausea,157
umeclidinium bromide\vilanterol trifenatate,wrong technique in device usage process,157
vedolizumab,eye swelling,157
vedolizumab,thyroid disorder,157
zoledronic acid,pyrexia,157
acetaminophen,fatigue,156
adalimumab,asthma,156
adalimumab,grip strength decreased,156
alendronate sodium,blister,156
alendronate sodium,hypersensitivity,156
amlodipine besylate,headache,156
brigatinib,blood pressure increased,156
celecoxib,vomiting,156
crizotinib,death,156
dapagliflozin,nausea,156
diclofenac sodium,joint swelling,156
doxorubicin,febrile neutropenia,156
dupilumab,nephrolithiasis,156
fenfluramine hydrochloride,decreased appetite,156
fluconazole,drug ineffective,156
golimumab,infection,156
human immunoglobulin g\hyaluronidase (human recombinant),cardiac disorder,156
idursulfase,deafness,156
idursulfase,hypoaesthesia,156
infliximab-dyyb,haematochezia,156
lenalidomide,gait disturbance,156
letrozole,nausea,156
levothyroxine sodium,intentional product misuse,156
mepolizumab,covid-19,156
methotrexate,sepsis,156
nintedanib,fall,156
omalizumab,underdose,156
pembrolizumab,pneumonitis,156
prednisolone,condition aggravated,156
ripretinib,product use in unapproved indication,156
secukinumab,product use issue,156
semaglutide,rash,156
teduglutide,death of relative,156
tirzepatide,acute kidney injury,156
tofacitinib citrate,dyspnoea,156
tolvaptan,renal impairment,156
vedolizumab,ovarian cyst,156
.alpha.1-proteinase inhibitor human,hypertension,155
abatacept,discomfort,155
abrocitinib,condition aggravated,155
alendronate sodium,diarrhoea,155
"antihemophilic factor, human recombinant",post procedural haemorrhage,155
apixaban,arthralgia,155
atorvastatin,dyspnoea,155
avacopan,death,155
bupropion hydrochloride\naltrexone hydrochloride,feeling abnormal,155
cenegermin-bkbj,foreign body sensation in eyes,155
certolizumab pegol,decreased appetite,155
certolizumab pegol,hand deformity,155
copper,salpingectomy,155
dabrafenib mesylate,pyrexia,155
dulaglutide,glycosylated haemoglobin increased,155
dupilumab,choking,155
dupilumab,hypotension,155
evolocumab,death,155
evolocumab,injection site erythema,155
finasteride,brain fog,155
finasteride,sexual dysfunction,155
human immunoglobulin g,product supply issue,155
human immunoglobulin g,upper limb fracture,155
icatibant acetate,joint swelling,155
icatibant acetate,needle issue,155
idursulfase,screaming,155
lanreotide acetate,asthenia,155
lenalidomide,myalgia,155
levothyroxine sodium,dizziness,155
macitentan,hospitalisation,155
minoxidil,product administered at inappropriate site,155
nicotine,drug dependence,155
ofatumumab,product storage error,155
pembrolizumab,stomatitis,155
relugolix,irritability,155
ruxolitinib,myelofibrosis,155
sarilumab,injection site pain,155
secukinumab,hand deformity,155
secukinumab,hidradenitis,155
teduglutide,hypotension,155
teduglutide,product storage error,155
tocilizumab,body temperature decreased,155
tolvaptan,polyuria,155
treprostinil,myocardial infarction,155
upadacitinib,maternal exposure during pregnancy,155
vedolizumab,arthropathy,155
vedolizumab,pulmonary mass,155
abatacept,insomnia,154
alendronate sodium,dyspnoea,154
alendronate sodium,fibromyalgia,154
amikacin,illness,154
antihemophilic factor human,muscle haemorrhage,154
aripiprazole,depression,154
bevacizumab,neuropathy peripheral,154
cabotegravir\rilpivirine,virologic failure,154
calcium oxybate\magnesium oxybate\potassium oxybate\sodium oxybate,nephrolithiasis,154
cenegermin-bkbj,periorbital pain,154
certolizumab pegol,stomatitis,154
corticotropin,pain in extremity,154
dextromethorphan hydrobromide\guaifenesin,drug ineffective,154
diphenhydramine hydrochloride\ibuprofen,drug effective for unapproved indication,154
dupilumab,neuropathy peripheral,154
empagliflozin,diabetic ketoacidosis,154
etanercept,arthralgia,154
etanercept,condition aggravated,154
etonogestrel,product use issue,154
exenatide,injection site haemorrhage,154
golimumab,nasopharyngitis,154
human immunoglobulin g,pancreatitis,154
human immunoglobulin g\hyaluronidase (human recombinant),general physical health deterioration,154
human immunoglobulin g\hyaluronidase (human recombinant),tooth infection,154
idursulfase,medication error,154
infliximab-dyyb,muscle spasms,154
infliximab-dyyb,peripheral swelling,154
lanadelumab,back pain,154
lenvatinib,rash,154
nintedanib,haematochezia,154
ocrelizumab,pruritus,154
ofatumumab,drug ineffective,154
omalizumab,sputum discoloured,154
pegfilgrastim,accidental exposure to product,154
ravulizumab-cwvz,urinary tract infection,154
relugolix,pneumonia,154
risankizumab-rzaa,hospitalisation,154
rituximab-pvvr,headache,154
ruxolitinib,urinary tract infection,154
secukinumab,injury,154
sertraline hydrochloride,insomnia,154
teduglutide,body temperature increased,154
teduglutide,injection site pruritus,154
tisagenlecleucel,cytokine release syndrome,154
tofacitinib citrate,bronchitis,154
treprostinil,blood pressure fluctuation,154
vedolizumab,amnesia,154
vedolizumab,anastomotic ulcer,154
vedolizumab,blood pressure systolic decreased,154
vedolizumab,drug level below therapeutic,154
velaglucerase alfa,product container issue,154
.alpha.1-proteinase inhibitor human,nephrolithiasis,153
.alpha.1-proteinase inhibitor human,respiratory disorder,153
abatacept,lower respiratory tract infection,153
abatacept,rheumatic fever,153
acetaminophen,adverse event,153
adalimumab,lower limb fracture,153
adalimumab,rheumatic fever,153
adalimumab-adaz,diarrhoea,153
"antihemophilic factor, human recombinant",insurance issue,153
azacitidine,febrile neutropenia,153
benralizumab,device leakage,153
bimekizumab,intentional dose omission,153
bimekizumab-bkzx,injection site reaction,153
calcium oxybate\magnesium oxybate\potassium oxybate\sodium oxybate,loss of consciousness,153
carbidopa\levodopa,asthenia,153
certolizumab pegol,drug hypersensitivity,153
certolizumab pegol,helicobacter infection,153
ciltacabtagene autoleucel,hospitalisation,153
clozapine,antipsychotic drug level increased,153
clozapine,salivary hypersecretion,153
conestat alfa,weight fluctuation,153
corticotropin,injection site swelling,153
dupilumab,depressed mood,153
etanercept,illness,153
evolocumab,headache,153
fremanezumab-vfrm,product use issue,153
heparin sodium,drug ineffective,153
idursulfase,umbilical hernia,153
infliximab,hypersensitivity,153
lecanemab-irmb,headache,153
linezolid,thrombocytopenia,153
liraglutide,nausea,153
lorlatinib,off label use,153
miconazole nitrate,vulvovaginal burning sensation,153
nivolumab,nausea,153
ofatumumab,balance disorder,153
palbociclib,hot flush,153
pancrelipase amylase\pancrelipase lipase\pancrelipase protease,drug ineffective,153
pomalidomide,covid-19,153
pregabalin,altered state of consciousness,153
pregabalin,gait disturbance,153
rilpivirine,injection site pain,153
risankizumab-rzaa,basal cell carcinoma,153
rituximab,gait inability,153
rituximab-pvvr,throat irritation,153
secukinumab,arthritis,153
secukinumab,impaired healing,153
tarlatamab-dlle,off label use,153
teduglutide,cardiac disorder,153
teduglutide,pancreatic disorder,153
tofacitinib citrate,therapeutic response unexpected,153
tolvaptan,underdose,153
trofinetide,pneumonia,153
upadacitinib,therapeutic product effect decreased,153
vedolizumab,chromaturia,153
vedolizumab,fungal infection,153
adalimumab,c-reactive protein abnormal,152
alendronate sodium,musculoskeletal stiffness,152
"antihemophilic factor, human recombinant",vomiting,152
apremilast,discomfort,152
benralizumab,malaise,152
budesonide\formoterol\glycopyrrolate,overdose,152
cabozantinib s-malate,product dose omission issue,152
calcium chloride\dextrose\magnesium chloride\sodium chloride\sodium lactate,oedema peripheral,152
celecoxib,fatigue,152
certolizumab pegol,product distribution issue,152
diphenhydramine hydrochloride\ibuprofen,product use in unapproved indication,152
dulaglutide,ileus,152
dupilumab,brain fog,152
dupilumab,spinal operation,152
foscarbidopa\foslevodopa,pneumonia,152
human immunoglobulin g,body height decreased,152
human immunoglobulin g,frustration tolerance decreased,152
human immunoglobulin g,skin disorder,152
human immunoglobulin g\hyaluronidase (human recombinant),cerebrovascular accident,152
idursulfase,oxygen saturation abnormal,152
infliximab,pain in extremity,152
insulin glargine,hypoacusis,152
isotretinoin,mood altered,152
levonorgestrel,abdominal pain,152
lisinopril,angioedema,152
metformin hydrochloride,weight decreased,152
mycophenolate mofetil,treatment failure,152
nemolizumab-ilto,neurodermatitis,152
niraparib,fatigue,152
ofatumumab,dyspnoea,152
pimavanserin tartrate,balance disorder,152
ribociclib succinate,headache,152
rituximab,rhinorrhoea,152
rituximab,septic shock,152
ruxolitinib,rash,152
semaglutide,cholecystectomy,152
sotatercept-csrk,headache,152
teduglutide,ear infection,152
teduglutide,seasonal allergy,152
tocilizumab,abdominal pain upper,152
treprostinil,skin discolouration,152
upadacitinib,chest pain,152
vedolizumab,device issue,152
abemaciclib,pain,151
adalimumab,abdominal distension,151
adalimumab,neck pain,151
benralizumab,arthralgia,151
bevacizumab,decreased appetite,151
budesonide\formoterol fumarate dihydrate,off label use,151
cabozantinib s-malate,pain,151
calcium oxybate\magnesium oxybate\potassium oxybate\sodium oxybate,drug ineffective,151
celecoxib,nausea,151
celecoxib,pain,151
certolizumab pegol,synovitis,151
docetaxel,nausea,151
dupilumab,cellulitis,151
eltrombopag olamine,platelet count decreased,151
exenatide,incorrect dose administered,151
foscarbidopa\foslevodopa,hypokinesia,151
human c1-esterase inhibitor,stress,151
human immunoglobulin g,nervousness,151
human immunoglobulin g,postoperative wound infection,151
icatibant acetate,crying,151
insulin glargine,product dose omission issue,151
lenalidomide,erythema,151
letrozole,arthralgia,151
ocrelizumab,paraesthesia,151
ofatumumab,device malfunction,151
palbociclib,product dose omission issue,151
propranolol hydrochloride,product use issue,151
rituximab,nasal congestion,151
rituximab-pvvr,pneumonia,151
ruxolitinib,inappropriate schedule of product administration,151
sarilumab,injection site rash,151
sodium oxybate,nocturia,151
teduglutide,asthma,151
tocilizumab,wrong technique in product usage process,151
treprostinil,bone pain,151
ustekinumab,diarrhoea,151
zolbetuximab-clzb,decreased appetite,151
acetaminophen,death,150
ambrisentan,headache,150
apixaban,headache,150
benralizumab,pain,150
certolizumab pegol,discomfort,150
cytarabine\daunorubicin,acute myeloid leukaemia,150
daratumumab,off label use,150
diclofenac,osteoarthritis,150
eculizumab,asthenia,150
elexacaftor\ivacaftor\tezacaftor,depression,150
esomeprazole magnesium,gastrooesophageal reflux disease,150
evolocumab,blood cholesterol increased,150
evolocumab,off label use,150
fluoxetine hydrochloride,drug interaction,150
ibrutinib,fatigue,150
ixazomib,oedema peripheral,150
lenalidomide,depression,150
lenalidomide,tooth disorder,150
loperamide hydrochloride,drug ineffective,150
lorlatinib,hallucination,150
minoxidil,application site pain,150
natalizumab,gait disturbance,150
nemolizumab-ilto,dry skin,150
nirsevimab-alip,incorrect dose administered,150
ofatumumab,myalgia,150
pembrolizumab,immune-mediated hypothyroidism,150
pimavanserin tartrate,speech disorder,150
pomalidomide,fall,150
ponatinib,covid-19,150
relugolix,musculoskeletal stiffness,150
resmetirom,pruritus,150
rituximab-pvvr,nausea,150
sarilumab,off label use,150
secukinumab,helicobacter infection,150
secukinumab,pericarditis,150
selinexor,decreased appetite,150
semaglutide,cataract,150
semaglutide,device malfunction,150
teduglutide,brain fog,150
tocilizumab,device defective,150
tramadol,toxicity to various agents,150
treprostinil,alopecia,150
treprostinil,ascites,150
upadacitinib,intestinal obstruction,150
velaglucerase alfa,product prescribing error,150
.alpha.1-proteinase inhibitor human,blood pressure abnormal,149
abatacept,blood cholesterol increased,149
abemaciclib,anaemia,149
adalimumab-aaty,drug ineffective,149
albuterol,wheezing,149
albuterol sulfate\budesonide,device use issue,149
alendronate sodium,liver injury,149
amlodipine besylate,distributive shock,149
"antihemophilic factor, human recombinant",tooth loss,149
bimekizumab,headache,149
bimekizumab-bkzx,nausea,149
brigatinib,blood creatine phosphokinase increased,149
budesonide,peripheral swelling,149
bupropion,intentional overdose,149
celecoxib,drug intolerance,149
certolizumab pegol,infusion related reaction,149
collagenase clostridium histolyticum,drug ineffective,149
corticotropin,rheumatoid arthritis,149
dapagliflozin,hyperkalaemia,149
dexamethasone,pneumonia,149
diclofenac sodium,abdominal discomfort,149
donanemab-azbt,headache,149
dupilumab,respiratory disorder,149
fenfluramine hydrochloride,tricuspid valve incompetence,149
human immunoglobulin g,back injury,149
human immunoglobulin g,blood iron decreased,149
human immunoglobulin g,lyme disease,149
human immunoglobulin g,thyroid disorder,149
human immunoglobulin g\hyaluronidase (human recombinant),product prescribing issue,149
human immunoglobulin g\hyaluronidase (human recombinant),urticaria,149
idursulfase,rales,149
lenalidomide,chest pain,149
levonorgestrel,device use issue,149
levothyroxine sodium,blindness,149
mavacamten,product use issue,149
olaparib,haemoglobin decreased,149
pacritinib,diarrhoea,149
pancrelipase amylase\pancrelipase lipase\pancrelipase protease,abdominal distension,149
prednisone,respiratory failure,149
rituximab,dyspepsia,149
sacituzumab govitecan-hziy,triple negative breast cancer,149
sacubitril\valsartan,off label use,149
secukinumab,ill-defined disorder,149
tocilizumab,asthenia,149
tocilizumab,wound infection,149
tofacitinib citrate,dizziness,149
treprostinil,paraesthesia,149
upadacitinib,basal cell carcinoma,149
upadacitinib,skin cancer,149
venlafaxine hydrochloride,drug ineffective,149
zoledronic acid,malaise,149
zuranolone,dizziness,149
abatacept,sleep disorder,148
abatacept,wheezing,148
aflibercept,visual impairment,148
alendronate sodium,joint range of motion decreased,148
alendronate sodium,lower respiratory tract infection,148
alendronate sodium,pain in extremity,148
alendronate sodium,stomatitis,148
"antihemophilic factor, human recombinant",arthritis,148
belimumab,headache,148
cannabidiol,diarrhoea,148
carboplatin,fatigue,148
certolizumab pegol,impaired healing,148
clozapine,diarrhoea,148
cyclosporine,headache,148
diclofenac,nausea,148
diclofenac sodium,rheumatoid arthritis,148
dulaglutide,abdominal distension,148
dupilumab,gait inability,148
dupilumab,syncope,148
dupilumab,thrombosis,148
durvalumab,liver disorder,148
human immunoglobulin g,head discomfort,148
human immunoglobulin g,injection site discharge,148
human immunoglobulin g,product use complaint,148
human immunoglobulin g,sensitive skin,148
human immunoglobulin g\hyaluronidase (human recombinant),scar,148
idursulfase,body height increased,148
lanadelumab,drug hypersensitivity,148
lanadelumab,swelling,148
lanreotide acetate,dizziness,148
lenalidomide,feeling abnormal,148
levetiracetam,somnolence,148
lisdexamfetamine dimesylate,intentional self-injury,148
methotrexate,therapy non-responder,148
omalizumab,discomfort,148
oxaliplatin,neutropenia,148
ribociclib succinate,dyspnoea,148
rilpivirine,product dose omission issue,148
risankizumab-rzaa,haemorrhage,148
rituximab,c-reactive protein increased,148
rotigotine,off label use,148
ruxolitinib,platelet count abnormal,148
sacituzumab govitecan-hziy,diarrhoea,148
secukinumab,muscle spasms,148
semaglutide,cerebrovascular accident,148
semaglutide,influenza,148
teduglutide,crying,148
teduglutide,neoplasm malignant,148
tocilizumab,contraindicated product administered,148
topiramate,off label use,148
umeclidinium bromide\vilanterol trifenatate,product complaint,148
vedolizumab,abscess limb,148
vedolizumab,blood test abnormal,148
vedolizumab,concussion,148
vedolizumab,nasal discharge discolouration,148
vedolizumab,quality of life decreased,148
vedolizumab,red blood cell count decreased,148
zanubrutinib,off label use,148
abaloparatide,abdominal discomfort,147
abaloparatide,weight increased,147
abatacept,muscle spasms,147
adalimumab-adaz,drug ineffective,147
alendronate sodium,rheumatic fever,147
alprazolam,drug ineffective,147
apixaban,cardiac disorder,147
atorvastatin,nausea,147
avapritinib,dizziness,147
bimekizumab-bkzx,erythema,147
cabozantinib s-malate,adverse drug reaction,147
calcium oxybate\magnesium oxybate\potassium oxybate\sodium oxybate,muscle spasms,147
certolizumab pegol,hepatic enzyme increased,147
certolizumab pegol,mobility decreased,147
certolizumab pegol,pemphigus,147
dapagliflozin,cardiac disorder,147
dapagliflozin,pneumonia,147
dupilumab,rash papular,147
dupilumab,skin mass,147
guselkumab,underdose,147
human immunoglobulin g,liquid product physical issue,147
human immunoglobulin g,pulmonary fibrosis,147
human immunoglobulin g,upper-airway cough syndrome,147
ixazomib,cough,147
ixekizumab,injection site pain,147
lenvatinib,headache,147
letrozole,off label use,147
levonorgestrel,complication of device removal,147
ocrelizumab,malaise,147
olanzapine,neuroleptic malignant syndrome,147
oxycodone hydrochloride,drug ineffective,147
risankizumab-rzaa,seizure,147
rituximab,injury,147
ruxolitinib,abdominal distension,147
ruxolitinib,herpes zoster,147
ruxolitinib phosphate,product dose omission issue,147
secukinumab,irritable bowel syndrome,147
sertraline hydrochloride,headache,147
tacrolimus,pneumonia,147
teduglutide,gastrointestinal sounds abnormal,147
teduglutide,paraesthesia,147
tenapanor hydrochloride,hospitalisation,147
tofacitinib citrate,asthenia,147
vedolizumab,product use issue,147
velaglucerase alfa,nasal congestion,147
vonoprazan fumarate,gastrooesophageal reflux disease,147
abaloparatide,insomnia,146
albuterol,cough,146
albuterol sulfate\budesonide,wrong technique in product usage process,146
alendronate sodium,ill-defined disorder,146
alendronate sodium,vomiting,146
antihemophilic factor human,spontaneous haemorrhage,146
"antihemophilic factor, human recombinant",fatigue,146
avapritinib,headache,146
buprenorphine,drug ineffective,146
bupropion hydrochloride\naltrexone hydrochloride,vomiting,146
carbidopa\levodopa,confusional state,146
carboplatin,erythema,146
clozapine,agranulocytosis,146
copper,intentional device use issue,146
corticotropin,swelling,146
cyclosporine,pyrexia,146
diazepam,coma,146
diclofenac sodium,systemic lupus erythematosus,146
dupilumab,gastritis,146
estradiol,device issue,146
estradiol\norethindrone acetate,application site erythema,146
human immunoglobulin g\hyaluronidase (human recombinant),alopecia,146
idursulfase,infection,146
infliximab,stress,146
ixazomib,pain in extremity,146
lenalidomide,upper respiratory tract infection,146
minoxidil,application site irritation,146
nirsevimab,respiratory syncytial virus bronchiolitis,146
nivolumab,rash,146
olaparib,decreased appetite,146
omalizumab,gait disturbance,146
osimertinib,weight decreased,146
palbociclib,insomnia,146
pimavanserin tartrate,aggression,146
pimavanserin tartrate,asthenia,146
pregabalin,confusional state,146
relugolix,blood pressure decreased,146
risankizumab-rzaa,skin exfoliation,146
rosuvastatin calcium,myalgia,146
sertraline hydrochloride,suicide attempt,146
sodium oxybate,off label use,146
tadalafil,diarrhoea,146
teriparatide,device operational issue,146
tislelizumab,pyrexia,146
tofacitinib citrate,weight increased,146
treprostinil,catheter site pain,146
treprostinil,mobility decreased,146
trofinetide,illness,146
trofinetide,inappropriate schedule of product administration,146
vedolizumab,gastrointestinal haemorrhage,146
vedolizumab,gastrointestinal obstruction,146
vedolizumab,pulmonary oedema,146
vedolizumab,type 2 diabetes mellitus,146
velaglucerase alfa,decreased appetite,146
venetoclax,acute myeloid leukaemia,146
zilucoplan,drug ineffective,146
.alpha.1-proteinase inhibitor human,respiratory rate increased,145
abatacept,c-reactive protein increased,145
abatacept,depression,145
abemaciclib,neutropenia,145
adalimumab,constipation,145
adalimumab,musculoskeletal pain,145
albuterol sulfate\budesonide,device malfunction,145
alendronate sodium,malaise,145
bevacizumab,drug ineffective for unapproved indication,145
brigatinib,dyspnoea,145
buprenorphine hydrochloride\naloxone hydrochloride,wrong technique in product usage process,145
calcium oxybate\magnesium oxybate\potassium oxybate\sodium oxybate,abdominal discomfort,145
calcium oxybate\magnesium oxybate\potassium oxybate\sodium oxybate,pain,145
celecoxib,condition aggravated,145
certolizumab pegol,arthropathy,145
certolizumab pegol,contraindicated product administered,145
certolizumab pegol,duodenal ulcer perforation,145
corticotropin,diarrhoea,145
doxycycline,drug ineffective,145
dupilumab,hot flush,145
fluticasone furoate\vilanterol trifenatate,wrong technique in device usage process,145
fluticasone propionate\salmeterol xinafoate,asthma,145
fruquintinib,product dose omission issue,145
human immunoglobulin g,bladder disorder,145
human immunoglobulin g,blood immunoglobulin g abnormal,145
icatibant acetate,cystitis,145
idursulfase,cellulitis,145
ixazomib,back pain,145
lanadelumab,vomiting,145
methylprednisolone,off label use,145
pembrolizumab,immune-mediated dermatitis,145
relugolix,influenza,145
ribociclib succinate,dizziness,145
ruxolitinib,back pain,145
secukinumab,duodenal ulcer perforation,145
sunitinib malate,death,145
teduglutide,discomfort,145
tirzepatide,drug interaction,145
tocilizumab,alopecia,145
tocilizumab,maternal exposure during pregnancy,145
vedolizumab,injection site pruritus,145
voclosporin,nausea,145
zoledronic acid,headache,145
.alpha.1-proteinase inhibitor human,rash,144
.alpha.1-proteinase inhibitor human,respiratory tract congestion,144
adalimumab,inappropriate schedule of product administration,144
alendronate sodium,abdominal pain upper,144
alendronate sodium,discomfort,144
alendronate sodium,gastrointestinal disorder,144
alendronate sodium,intentional product use issue,144
asfotase alfa,pain in extremity,144
aztreonam lysine,cystic fibrosis,144
bremelanotide acetate,nausea,144
brigatinib,rash,144
calcium oxybate\magnesium oxybate\potassium oxybate\sodium oxybate,condition aggravated,144
celecoxib,abdominal discomfort,144
celecoxib,pruritus,144
certolizumab pegol,folliculitis,144
copper,procedural haemorrhage,144
cyclosporine,condition aggravated,144
cytarabine,myelosuppression,144
dinutuximab,alanine aminotransferase increased,144
dupilumab,ageusia,144
dupilumab,injection site induration,144
dupilumab,mental disorder,144
efavirenz\emtricitabine\tenofovir disoproxil fumarate,chronic kidney disease,144
empagliflozin,fungal infection,144
fruquintinib,headache,144
human immunoglobulin g,dry skin,144
human immunoglobulin g,ocular hyperaemia,144
human immunoglobulin g,rhinovirus infection,144
hydralazine hydrochloride,anti-neutrophil cytoplasmic antibody positive vasculitis,144
idursulfase,dyskinesia,144
infliximab-dyyb,abdominal discomfort,144
infliximab-dyyb,influenza like illness,144
methotrexate,confusional state,144
methotrexate,systemic lupus erythematosus,144
ocrelizumab,arthralgia,144
osimertinib,pain,144
pantoprazole,drug ineffective,144
pantoprazole,off label use,144
pimavanserin tartrate,agitation,144
pimavanserin tartrate,pneumonia,144
polyethylene glycol 3350,product use issue,144
ponatinib,influenza,144
ponatinib,white blood cell count decreased,144
pregabalin,dyspnoea,144
ravulizumab-cwvz,fall,144
risankizumab-rzaa,erythema,144
rituximab,anaphylactic reaction,144
rituximab,arthritis,144
rituximab,stomatitis,144
rocuronium bromide,drug ineffective,144
secukinumab,blood cholesterol increased,144
secukinumab,neck pain,144
secukinumab,oropharyngeal pain,144
selexipag,diarrhoea,144
tafamidis,cardiac failure,144
tafamidis,fatigue,144
tislelizumab,asthenia,144
tislelizumab,interstitial lung disease,144
tocilizumab,blood pressure diastolic decreased,144
tocilizumab,condition aggravated,144
treprostinil,pollakiuria,144
vedolizumab,urinary incontinence,144
voclosporin,proteinuria,144
abatacept,ill-defined disorder,143
albuterol,product substitution issue,143
albuterol sulfate,device mechanical issue,143
amlodipine besylate,hypertension,143
apremilast,drug ineffective,143
bevacizumab,therapy partial responder,143
bimekizumab-bkzx,loss of personal independence in daily activities,143
brigatinib,pain in extremity,143
certolizumab pegol,blister,143
ciltacabtagene autoleucel,immune effector cell-associated neurotoxicity syndrome,143
dinutuximab,c-reactive protein increased,143
docetaxel,fatigue,143
dupilumab,limb discomfort,143
durvalumab,immune-mediated enterocolitis,143
esomeprazole magnesium,diarrhoea,143
esomeprazole magnesium,vomiting,143
fluticasone propionate\salmeterol xinafoate,dyspnoea,143
human immunoglobulin g,feeding disorder,143
human immunoglobulin g,impaired healing,143
idursulfase,arthralgia,143
insulin glargine,cerebrovascular accident,143
isatuximab,hypokalaemia,143
ixazomib,paraesthesia,143
lenalidomide,product supply issue,143
levothyroxine sodium,diarrhoea,143
ofatumumab,device leakage,143
olaparib,myelosuppression,143
omalizumab,hypertension,143
pegfilgrastim-cbqv,product dose omission issue,143
pomalidomide,drug ineffective,143
prabotulinumtoxina-xvfs,drug ineffective,143
pregabalin,agitation,143
risankizumab-rzaa,injection site papule,143
risankizumab-rzaa,therapeutic product effect decreased,143
rituximab,hypogammaglobulinaemia,143
rituximab,lung disorder,143
teduglutide,blood albumin decreased,143
teduglutide,body height increased,143
tezepelumab-ekko,product dose omission issue,143
tocilizumab,fall,143
tofacitinib citrate,spinal operation,143
treprostinil,gastrointestinal haemorrhage,143
upadacitinib,musculoskeletal disorder,143
vedolizumab,fear of injection,143
velaglucerase alfa,bone disorder,143
venetoclax,covid-19,143
zolpidem tartrate,drug ineffective,143
abemaciclib,arthralgia,142
adalimumab-adaz,fatigue,142
adapalene,erythema,142
alendronate sodium,headache,142
"antihemophilic factor, human recombinant",nausea,142
apixaban,product storage error,142
aripiprazole,insomnia,142
bortezomib,intentional product use issue,142
budesonide\formoterol fumarate dihydrate,loss of personal independence in daily activities,142
calcium oxybate\magnesium oxybate\potassium oxybate\sodium oxybate,dry mouth,142
calcium oxybate\magnesium oxybate\potassium oxybate\sodium oxybate,enuresis,142
celecoxib,arthralgia,142
celecoxib,drug hypersensitivity,142
certolizumab pegol,irritable bowel syndrome,142
cyclosporine,lacrimation increased,142
darbepoetin alfa,hospitalisation,142
dupilumab,mobility decreased,142
etanercept,pneumonia,142
etoposide,drug ineffective for unapproved indication,142
fam-trastuzumab deruxtecan-nxki,asthenia,142
fluticasone propionate\salmeterol xinafoate,wrong technique in device usage process,142
golimumab,device leakage,142
golimumab,urinary tract infection,142
ibrutinib,fall,142
icatibant acetate,discouragement,142
icatibant acetate,poor quality sleep,142
icatibant acetate,rib fracture,142
idursulfase,hydrocephalus,142
idursulfase,scratch,142
insulin lispro,product storage error,142
ipilimumab,immune-mediated enterocolitis,142
lanadelumab,blood pressure increased,142
lenalidomide,hypersensitivity,142
mavacamten,product dose omission issue,142
obeticholic acid,pruritus,142
ofatumumab,muscle spasms,142
oxycodone hydrochloride,depression,142
palbociclib,pruritus,142
pembrolizumab,skin disorder,142
ponatinib,skin exfoliation,142
quetiapine,drug ineffective,142
relugolix,illness,142
rituximab,wound infection,142
rituximab-pvvr,dyspnoea,142
sarilumab,injection site swelling,142
teduglutide,bacteraemia,142
teduglutide,bacterial infection,142
teduglutide,circumstance or information capable of leading to medication error,142
teduglutide,product use complaint,142
tocilizumab,abdominal discomfort,142
tocilizumab,therapeutic product effect decreased,142
trastuzumab,fatigue,142
triamcinolone acetonide,no adverse event,142
vedolizumab,ankylosing spondylitis,142
vedolizumab,glaucoma,142
.alpha.1-proteinase inhibitor human,chills,141
"antihemophilic factor, human recombinant",tongue biting,141
atorvastatin,paraesthesia,141
benralizumab,fatigue,141
benralizumab,wheezing,141
brigatinib,myalgia,141
calcium carbonate,product use in unapproved indication,141
certolizumab pegol,insomnia,141
certolizumab pegol,muscle injury,141
copper,vaginal infection,141
diclofenac sodium,pemphigus,141
docetaxel,drug ineffective,141
dupilumab,general physical condition abnormal,141
dupilumab,injection site inflammation,141
enfortumab vedotin-ejfv,decreased appetite,141
esketamine,surgery,141
esomeprazole magnesium,dyspepsia,141
fenfluramine hydrochloride,seizure,141
fremanezumab-vfrm,accidental exposure to product,141
human immunoglobulin g,device breakage,141
human immunoglobulin g,hordeolum,141
human immunoglobulin g,product administration error,141
human immunoglobulin g\hyaluronidase (human recombinant),muscle spasms,141
icatibant acetate,dysphonia,141
levothyroxine sodium,abdominal pain upper,141
methotrexate,product use issue,141
mycophenolate mofetil,anaemia,141
pembrolizumab,colitis,141
prednisone,diarrhoea,141
prednisone,fatigue,141
risankizumab-rzaa,diabetes mellitus,141
risankizumab-rzaa,skin disorder,141
secukinumab,wound infection,141
semaglutide,device leakage,141
sildenafil,drug ineffective,141
teduglutide,eructation,141
teduglutide,treatment noncompliance,141
tislelizumab,platelet count decreased,141
tocilizumab,death,141
tocilizumab,drug hypersensitivity,141
trofinetide,faeces soft,141
upadacitinib,colitis,141
vedolizumab,condition aggravated,141
velaglucerase alfa,haemoglobin decreased,141
vonoprazan fumarate,drug ineffective,141
.alpha.1-proteinase inhibitor human,rib fracture,140
abaloparatide,alopecia,140
abatacept,arthritis,140
abatacept,contusion,140
adalimumab,myalgia,140
alendronate sodium,drug hypersensitivity,140
alendronate sodium,osteoarthritis,140
alendronate sodium,therapeutic product effect decreased,140
antihemophilic factor human,arthralgia,140
"antihemophilic factor, human recombinant",asthma,140
atezolizumab,pyrexia,140
cabotegravir\rilpivirine,injection site pain,140
celecoxib,confusional state,140
certolizumab pegol,osteoarthritis,140
clozapine,lymphocyte count increased,140
dimethyl fumarate,multiple sclerosis,140
dupilumab,photosensitivity reaction,140
dupilumab,seizure,140
encorafenib,nausea,140
fenfluramine,myoclonic epilepsy,140
finasteride,fatigue,140
human immunoglobulin g,osteomyelitis,140
human immunoglobulin g,pleural effusion,140
human immunoglobulin g,white blood cell count increased,140
human immunoglobulin g\hyaluronidase (human recombinant),infusion site mass,140
hydroxychloroquine,off label use,140
idursulfase,circumstance or information capable of leading to medication error,140
levonorgestrel,embedded device,140
mepolizumab,chronic obstructive pulmonary disease,140
mepolizumab,sinusitis,140
methotrexate,hypersensitivity,140
methotrexate,hypoaesthesia,140
methotrexate sodium,fatigue,140
obinutuzumab,off label use,140
ofatumumab,covid-19,140
olaparib,pain,140
omalizumab,lip swelling,140
omeprazole,hypomagnesaemia,140
oxaliplatin,vomiting,140
oxycodone hydrochloride,injury,140
paclitaxel,asthenia,140
pimavanserin tartrate,malaise,140
relugolix,abdominal pain upper,140
resmetirom,nausea,140
risankizumab-rzaa,chest pain,140
rituximab,dysphagia,140
rituximab,respiratory tract infection,140
sarilumab,malaise,140
secukinumab,lung disorder,140
semaglutide,cough,140
sodium oxybate,hypertension,140
sodium oxybate,poor quality sleep,140
tacrolimus,respiratory failure,140
teduglutide,hypoglycaemia,140
teduglutide,myalgia,140
tocilizumab,systemic lupus erythematosus,140
upadacitinib,hypoaesthesia,140
vancomycin,drug reaction with eosinophilia and systemic symptoms,140
vedolizumab,tonsillitis,140
velaglucerase alfa,influenza like illness,140
venlafaxine hydrochloride,drug interaction,140
zoledronic acid,off label use,140
zoledronic acid,vomiting,140
.alpha.1-proteinase inhibitor human,rhinorrhoea,139
abatacept,liver injury,139
abatacept,osteoarthritis,139
adalimumab-adaz,crohn's disease,139
alendronate sodium,urticaria,139
"antihemophilic factor, human recombinant",traumatic haemorrhage,139
bevacizumab,pyrexia,139
bimekizumab,ankylosing spondylitis,139
budesonide\formoterol,dyspnoea,139
budesonide\formoterol fumarate dihydrate,incorrect dose administered by device,139
budesonide\formoterol fumarate dihydrate,product use issue,139
carbamazepine,drug reaction with eosinophilia and systemic symptoms,139
carbidopa\levodopa,musculoskeletal stiffness,139
carboplatin,colitis,139
celecoxib,hypersensitivity,139
celecoxib,rheumatoid arthritis,139
cetirizine hydrochloride,withdrawal syndrome,139
ciprofloxacin,drug ineffective,139
corticotropin,rash,139
dupilumab,product use issue,139
fentanyl,drug ineffective,139
fluocinolone acetonide,off label use,139
human c1-esterase inhibitor,pain,139
human immunoglobulin g,autoimmune thyroiditis,139
human immunoglobulin g,dyspnoea exertional,139
human immunoglobulin g,nerve compression,139
lanreotide acetate,vomiting,139
lenalidomide,drug hypersensitivity,139
leuprolide acetate,arthralgia,139
methotrexate,disease progression,139
mycophenolate mofetil,cytomegalovirus infection reactivation,139
ocrelizumab,dyspnoea,139
olaparib,vomiting,139
ravulizumab-cwvz,feeling abnormal,139
ravulizumab-cwvz,pyrexia,139
ribociclib succinate,malignant neoplasm progression,139
selumetinib,blood creatine phosphokinase increased,139
semaglutide,blood pressure increased,139
teduglutide,micturition urgency,139
tenofovir disoproxil fumarate,renal failure,139
vincristine sulfate,febrile neutropenia,139
abatacept,migraine,138
adalimumab,injection site reaction,138
amikacin,haemoptysis,138
"antihemophilic factor, human recombinant",ear pain,138
bimekizumab-bkzx,therapeutic response shortened,138
budesonide,loss of personal independence in daily activities,138
bupropion hydrochloride,toxicity to various agents,138
cabotegravir\rilpivirine,off label use,138
calcium chloride\dextrose\magnesium chloride\sodium chloride\sodium lactate,hypervolaemia,138
carbidopa\levodopa,nausea,138
celecoxib,pyrexia,138
certolizumab pegol,anxiety,138
certolizumab pegol,injection site bruising,138
corticotropin,irritability,138
diclofenac,headache,138
dupilumab,blood glucose increased,138
dupilumab,wound,138
esomeprazole magnesium,intentional product misuse,138
evolocumab,rash,138
fenfluramine,petit mal epilepsy,138
finasteride,depressed mood,138
fluticasone propionate,drug ineffective,138
foscarbidopa\foslevodopa,parkinson's disease,138
fostamatinib,off label use,138
guselkumab,injection site pain,138
human immunoglobulin g,cholelithiasis,138
human immunoglobulin g,concussion,138
human immunoglobulin g,ocular discomfort,138
human immunoglobulin g,syringe issue,138
human immunoglobulin g\hyaluronidase (human recombinant),blood pressure abnormal,138
methotrexate,urticaria,138
mycophenolate mofetil,sepsis,138
nintedanib,feeling abnormal,138
ofatumumab,tremor,138
palbociclib,pneumonia,138
pancrelipase amylase\pancrelipase lipase\pancrelipase protease,surgery,138
pembrolizumab,immune-mediated adrenal insufficiency,138
prednisone,disease recurrence,138
prednisone,treatment failure,138
ribociclib succinate,cough,138
ruxolitinib,weight decreased,138
sacubitril\valsartan,dyspnoea,138
sertraline hydrochloride,serotonin syndrome,138
sertraline hydrochloride,tremor,138
teduglutide,drug intolerance,138
tenofovir disoproxil fumarate,chronic kidney disease,138
tirzepatide,death,138
tofacitinib citrate,abdominal discomfort,138
treprostinil,injection site pruritus,138
treprostinil,paranasal sinus discomfort,138
treprostinil,unintentional medical device removal,138
vedolizumab,gastrointestinal bacterial infection,138
vedolizumab,swelling face,138
venlafaxine hydrochloride,foetal exposure during pregnancy,138
venlafaxine hydrochloride,suicide attempt,138
.alpha.1-proteinase inhibitor human,feeling abnormal,137
adalimumab,neoplasm malignant,137
alendronate sodium,pyrexia,137
amlodipine besylate,oedema peripheral,137
"antihemophilic factor, human recombinant",oedema peripheral,137
axitinib,diarrhoea,137
azacitidine,drug ineffective,137
belimumab,malaise,137
budesonide\formoterol\glycopyrrolate,off label use,137
buprenorphine,no adverse event,137
capecitabine,nausea,137
carbidopa\levodopa,malaise,137
celecoxib,hypertension,137
cenobamate,fall,137
certolizumab pegol,product prescribing issue,137
dapagliflozin,acute kidney injury,137
diclofenac sodium,alopecia,137
diclofenac sodium,wound,137
diroximel fumarate,abdominal discomfort,137
dulaglutide,inappropriate schedule of product administration,137
estradiol,headache,137
etanercept,rash,137
exenatide,device malfunction,137
fenfluramine,illness,137
fruquintinib,vomiting,137
fulvestrant,treatment failure,137
gemcitabine hydrochloride,off label use,137
human immunoglobulin g,device occlusion,137
human immunoglobulin g,respiratory failure,137
human immunoglobulin g,skin discolouration,137
human immunoglobulin g,tinnitus,137
icatibant acetate,bone pain,137
infliximab,incorrect dose administered,137
infliximab-dyyb,therapy interrupted,137
lenalidomide,human chorionic gonadotropin increased,137
lenalidomide,malignant neoplasm progression,137
lisdexamfetamine dimesylate,fatigue,137
methotrexate,fibromyalgia,137
methotrexate,wound,137
methotrexate sodium,rheumatoid arthritis,137
nemolizumab-ilto,arthralgia,137
ofatumumab,drug dose omission by device,137
palbociclib,full blood count abnormal,137
palbociclib,urinary tract infection,137
pimavanserin tartrate,abnormal behaviour,137
pomalidomide,arthralgia,137
ponatinib,anxiety,137
ponatinib,insomnia,137
relugolix,anaemia,137
risankizumab-rzaa,joint swelling,137
risperidone,emotional disorder,137
rituximab-pvvr,covid-19,137
ruxolitinib,influenza,137
secukinumab,liver injury,137
secukinumab,stomatitis,137
secukinumab,therapeutic product effect decreased,137
semaglutide,palpitations,137
suzetrigine,off label use,137
teduglutide,neuropathy peripheral,137
teduglutide,pleural effusion,137
teduglutide,poor venous access,137
teduglutide,weight abnormal,137
teprotumumab-trbw,blood glucose increased,137
tocilizumab,stomatitis,137
treprostinil,post-tussive vomiting,137
upadacitinib,colectomy,137
upadacitinib,sinusitis,137
abatacept,decreased appetite,136
abatacept,memory impairment,136
acetaminophen,condition aggravated,136
adalimumab,cardiac disorder,136
adalimumab,liver disorder,136
alendronate sodium,blood cholesterol increased,136
amphetamine aspartate\amphetamine sulfate\dextroamphetamine saccharate\dextroamphetamine sulfate,headache,136
amphotericin b,drug ineffective,136
atogepant,migraine,136
atorvastatin,brain fog,136
bimekizumab-bkzx,wrong technique in product usage process,136
budesonide\formoterol fumarate dihydrate,full blood count abnormal,136
carbidopa\levodopa,constipation,136
carbidopa\levodopa,hospitalisation,136
chlorhexidine gluconate\isopropyl alcohol,product contamination,136
cladribine,lymphocyte count decreased,136
dexamethasone,diarrhoea,136
efavirenz\emtricitabine\tenofovir disoproxil fumarate,renal failure,136
fenfluramine,covid-19,136
fentanyl,death,136
fluticasone propionate,off label use,136
foscarbidopa\foslevodopa,musculoskeletal stiffness,136
fruquintinib,malaise,136
human c1-esterase inhibitor,malaise,136
human immunoglobulin g,helicobacter infection,136
human immunoglobulin g,lower limb fracture,136
idursulfase,device dislocation,136
idursulfase,device use issue,136
infliximab-dyyb,intestinal obstruction,136
ipilimumab,malignant neoplasm progression,136
ipilimumab,pyrexia,136
ixazomib,arthralgia,136
lanadelumab,sinusitis,136
levonorgestrel,pregnancy with contraceptive device,136
lisdexamfetamine dimesylate,product availability issue,136
methotrexate,infusion related reaction,136
methotrexate,paraesthesia,136
nemolizumab-ilto,erythema,136
nirmatrelvir\ritonavir,diarrhoea,136
ofatumumab,oropharyngeal pain,136
olaparib,arthralgia,136
omalizumab,abdominal pain,136
pancrelipase amylase\pancrelipase lipase\pancrelipase protease,dyspepsia,136
ponatinib,back pain,136
ripretinib,underdose,136
rituximab,respiratory failure,136
rituximab,therapeutic product effect decreased,136
sarilumab,nausea,136
secukinumab,anti-cyclic citrullinated peptide antibody positive,136
secukinumab,bursitis,136
secukinumab,dry mouth,136
semaglutide,injection site bruising,136
semaglutide,loss of consciousness,136
sertraline hydrochloride,off label use,136
tacrolimus,diarrhoea,136
teduglutide,abdominal pain lower,136
teduglutide,gastritis,136
tenofovir disoproxil fumarate,renal injury,136
teriparatide,arthralgia,136
tirzepatide,injection site coldness,136
tislelizumab,rash,136
tocilizumab,treatment failure,136
tocilizumab,vomiting,136
tofacitinib citrate,alopecia,136
tofacitinib citrate,insomnia,136
treprostinil,catheter site haemorrhage,136
vedolizumab,skin exfoliation,136
vedolizumab,urinary retention,136
velaglucerase alfa,dyspnoea,136
zoledronic acid,bone pain,136
.alpha.1-proteinase inhibitor human,nasal congestion,135
abatacept,joint range of motion decreased,135
albuterol sulfate,product lot number issue,135
alprazolam,suicide attempt,135
amphetamine aspartate\amphetamine sulfate\dextroamphetamine saccharate\dextroamphetamine sulfate,fatigue,135
antihemophilic factor human,fall,135
budesonide\formoterol fumarate dihydrate,wrong technique in product usage process,135
cabozantinib s-malate,hypothyroidism,135
carboplatin,hypotension,135
cladribine,multiple sclerosis relapse,135
diclofenac sodium,arthralgia,135
diclofenac sodium,swelling,135
diroximel fumarate,memory impairment,135
dupilumab,middle insomnia,135
dupilumab,staphylococcal infection,135
empagliflozin,fournier's gangrene,135
evolocumab,influenza like illness,135
fam-trastuzumab deruxtecan-nxki,diarrhoea,135
fenfluramine,crying,135
fluoxetine hydrochloride,intentional overdose,135
foscarbidopa\foslevodopa,fatigue,135
fruquintinib,palmar-plantar erythrodysaesthesia syndrome,135
gabapentin,fall,135
human c1-esterase inhibitor,abdominal pain,135
human c1-esterase inhibitor,product dose omission in error,135
human immunoglobulin g,blood pressure fluctuation,135
icatibant acetate,migraine,135
idursulfase,drug hypersensitivity,135
infliximab,chest pain,135
isatuximab,platelet count decreased,135
lanreotide acetate,malaise,135
lenalidomide,arthropathy,135
lenalidomide,cerebrovascular accident,135
levetiracetam,condition aggravated,135
levofloxacin,arthralgia,135
levothyroxine sodium,blood thyroid stimulating hormone increased,135
methotrexate,fall,135
nintedanib,interstitial lung disease,135
omalizumab,hypoaesthesia,135
osimertinib,acquired gene mutation,135
osimertinib,neuropathy peripheral,135
osimertinib,pneumonia,135
oxaliplatin,thrombocytopenia,135
pembrolizumab,immune-mediated myocarditis,135
polatuzumab vedotin,anaemia,135
prednisone,septic shock,135
sarilumab,peripheral swelling,135
secukinumab,erythema,135
secukinumab,infusion related reaction,135
secukinumab,paraesthesia,135
semaglutide,tremor,135
stiripentol,seizure,135
teduglutide,upper respiratory tract infection,135
tocilizumab,device issue,135
treprostinil,catheter site erythema,135
trofinetide,abdominal discomfort,135
upadacitinib,hospitalisation,135
ustekinumab,colitis ulcerative,135
vedolizumab,impaired gastric emptying,135
velaglucerase alfa,infusion site pain,135
venlafaxine hydrochloride,nausea,135
zoledronic acid,death,135
abaloparatide,constipation,134
abatacept,gait inability,134
abatacept,rheumatoid factor positive,134
adalimumab,lupus-like syndrome,134
adalimumab,surgery,134
atorvastatin,hepatic cytolysis,134
azithromycin,condition aggravated,134
benralizumab,influenza,134
bimekizumab,pain,134
brigatinib,illness,134
capecitabine,palmar-plantar erythrodysaesthesia syndrome,134
capivasertib,hyperglycaemia,134
carbidopa\levodopa,mobility decreased,134
celecoxib,headache,134
ciprofloxacin,fatigue,134
copper,device issue,134
corticotropin,memory impairment,134
cyclosporine,drug ineffective for unapproved indication,134
daratumumab,infusion related reaction,134
diclofenac sodium,maternal exposure during pregnancy,134
diroximel fumarate,headache,134
doxorubicin,off label use,134
dupilumab,device issue,134
dupilumab,paranasal sinus discomfort,134
elranatamab-bcmm,cytokine release syndrome,134
estradiol,product use issue,134
fenfluramine,gastrostomy,134
fulvestrant,breast cancer metastatic,134
fulvestrant,hyperglycaemia,134
human immunoglobulin g,norovirus infection,134
human immunoglobulin g\hyaluronidase (human recombinant),atrial fibrillation,134
human immunoglobulin g\hyaluronidase (human recombinant),chest discomfort,134
human immunoglobulin g\hyaluronidase (human recombinant),chest pain,134
human immunoglobulin g\hyaluronidase (human recombinant),feeling hot,134
human immunoglobulin g\hyaluronidase (human recombinant),foot fracture,134
human immunoglobulin g\hyaluronidase (human recombinant),limb injury,134
idursulfase,drug ineffective,134
lenalidomide,renal disorder,134
lorlatinib,malignant neoplasm progression,134
methotrexate,abdominal pain,134
methotrexate,crohn's disease,134
natalizumab,asthenia,134
oxycodone hydrochloride,anxiety,134
paclitaxel,chest discomfort,134
paclitaxel,erythema,134
pancrelipase amylase\pancrelipase lipase\pancrelipase protease,constipation,134
ponatinib,platelet count decreased,134
ravulizumab-cwvz,gait disturbance,134
ravulizumab-cwvz,infection,134
relugolix,dyspepsia,134
risankizumab-rzaa,cholecystectomy,134
risankizumab-rzaa,colitis,134
risperidone,somnolence,134
rituximab,herpes zoster,134
rituximab,somnolence,134
ruxolitinib,red blood cell count decreased,134
teduglutide,irritability,134
teduglutide,mobility decreased,134
tocilizumab,abdominal pain,134
tocilizumab,helicobacter infection,134
vedolizumab,stoma site haemorrhage,134
.alpha.1-proteinase inhibitor human,heart rate decreased,133
abatacept,asthenia,133
acetaminophen,dizziness,133
acyclovir,drug ineffective,133
adalimumab,bronchitis,133
adalimumab-aaty,death,133
alendronate sodium,product use issue,133
amlodipine besylate,malaise,133
aripiprazole,treatment noncompliance,133
atorvastatin,muscular weakness,133
belimumab,nausea,133
belimumab,product storage error,133
bosutinib monohydrate,off label use,133
budesonide,muscle spasms,133
celecoxib,psoriatic arthropathy,133
certolizumab pegol,product use issue,133
certolizumab pegol,rheumatic fever,133
certolizumab pegol,sleep disorder,133
cyclophosphamide,off label use,133
cyclosporine,product use issue,133
dapagliflozin,neoplasm malignant,133
diclofenac sodium,hypersensitivity,133
dinutuximab,aspartate aminotransferase increased,133
dupilumab,anaphylactic reaction,133
dupilumab,needle issue,133
emicizumab-kxwh,haemarthrosis,133
eptinezumab-jjmr,drug effect less than expected,133
esketamine,blood pressure increased,133
esomeprazole magnesium,gastric cancer,133
finasteride,insomnia,133
human immunoglobulin g,ankle fracture,133
human immunoglobulin g,cyst,133
human immunoglobulin g,escherichia infection,133
human immunoglobulin g\hyaluronidase (human recombinant),haemorrhage,133
human immunoglobulin g\hyaluronidase (human recombinant),seizure,133
icatibant acetate,loss of consciousness,133
icatibant acetate,peripheral swelling,133
idursulfase,hypotension,133
idursulfase,suspected covid-19,133
infliximab,therapeutic product effect incomplete,133
ixazomib,joint swelling,133
methotrexate,impaired healing,133
methotrexate,sinusitis,133
nintedanib,back pain,133
nintedanib,dehydration,133
ocrelizumab,balance disorder,133
pegvaliase-pqpz,injection site reaction,133
pembrolizumab,cardiac failure,133
pregabalin,product use in unapproved indication,133
ravulizumab-cwvz,influenza,133
rituximab,folliculitis,133
rituximab,glossodynia,133
rituximab,migraine,133
sacituzumab govitecan-hziy,neutropenia,133
sertraline hydrochloride,depression,133
sodium oxybate,wrong technique in product usage process,133
sparsentan,blood pressure decreased,133
tenapanor hydrochloride,inappropriate schedule of product administration,133
tirzepatide,blood pressure decreased,133
tirzepatide,neck pain,133
treprostinil,limb discomfort,133
upadacitinib,unevaluable event,133
vedolizumab,blood pressure diastolic decreased,133
vedolizumab,hypersomnia,133
abaloparatide,gait disturbance,132
abatacept,dry mouth,132
acetaminophen,drug hypersensitivity,132
acetaminophen,medication error,132
acetaminophen,pyrexia,132
adalimumab,product temperature excursion issue,132
adalimumab-adaz,pain,132
albuterol sulfate\budesonide,incorrect dose administered by device,132
"antihemophilic factor, human recombinant",seizure,132
bimekizumab,therapeutic product effect incomplete,132
cabozantinib s-malate,hepatic function abnormal,132
carbamazepine,drug interaction,132
carboplatin,pruritus,132
celecoxib,alopecia,132
celecoxib,swelling,132
cenobamate,dizziness,132
certolizumab pegol,wheezing,132
dexamethasone,disease progression,132
diclofenac,condition aggravated,132
diclofenac,pain in extremity,132
diclofenac,rash,132
diclofenac sodium,synovitis,132
durvalumab,disease progression,132
emicizumab-kxwh,epistaxis,132
estradiol,incorrect dose administered,132
evolocumab,low density lipoprotein increased,132
fam-trastuzumab deruxtecan-nxki,vomiting,132
fluticasone furoate\umeclidinium bromide\vilanterol trifenatate,dysphonia,132
foscarbidopa\foslevodopa,gait disturbance,132
gabapentin,pain,132
glatiramer acetate,device issue,132
golimumab,pain,132
guselkumab,rash,132
human immunoglobulin g,blood potassium decreased,132
human immunoglobulin g,immunisation reaction,132
human immunoglobulin g\hyaluronidase (human recombinant),product administration error,132
idursulfase,feeling abnormal,132
idursulfase,muscular weakness,132
idursulfase,respiratory distress,132
inclisiran sodium,low density lipoprotein increased,132
infliximab-dyyb,chest pain,132
lenalidomide,urticaria,132
levonorgestrel,pelvic pain,132
levothyroxine sodium,nausea,132
metformin hydrochloride,dizziness,132
metformin hydrochloride,multiple organ dysfunction syndrome,132
methotrexate,lower respiratory tract infection,132
natalizumab,pain,132
omalizumab,urinary tract infection,132
osimertinib,fall,132
oxycodone hydrochloride,vomiting,132
pancrelipase amylase\pancrelipase lipase\pancrelipase protease,pancreatitis,132
polyethylene glycol 3350,product use in unapproved indication,132
ponatinib,hypertension,132
ponatinib,nasopharyngitis,132
ponatinib,pneumonia,132
pregabalin,diarrhoea,132
relugolix,hypertension,132
ribociclib succinate,arthralgia,132
rilpivirine,product use in unapproved therapeutic environment,132
rituximab,diffuse large b-cell lymphoma recurrent,132
rituximab,pericarditis,132
rituximab,type 2 diabetes mellitus,132
ruxolitinib,abdominal pain,132
ruxolitinib,haematocrit increased,132
somatropin,drug administered in wrong device,132
sparsentan,hypertension,132
teprotumumab-trbw,deafness permanent,132
teprotumumab-trbw,diarrhoea,132
tirzepatide,hyperhidrosis,132
tislelizumab,decreased appetite,132
treprostinil,urticaria,132
upadacitinib,arthropathy,132
upadacitinib,intervertebral disc protrusion,132
ustekinumab,fatigue,132
ustekinumab,inappropriate schedule of product administration,132
vedolizumab,blood cholesterol increased,132
vedolizumab,infusion site swelling,132
vedolizumab,nerve compression,132
vedolizumab,streptococcal infection,132
acetaminophen,abdominal pain upper,131
acetaminophen,ill-defined disorder,131
adalimumab,erythema,131
adalimumab,hip arthroplasty,131
adalimumab,musculoskeletal disorder,131
alendronate sodium,infection,131
alendronate sodium,pruritus,131
alendronate sodium,sleep disorder,131
amikacin,malaise,131
atorvastatin,drug-induced liver injury,131
benralizumab,hypertension,131
brexpiprazole,product use in unapproved indication,131
budesonide,nausea,131
budesonide,therapeutic product effect incomplete,131
budesonide\formoterol fumarate dihydrate,sleep disorder due to a general medical condition,131
cabotegravir\rilpivirine,viral load increased,131
calcium oxybate\magnesium oxybate\potassium oxybate\sodium oxybate,neuropathy peripheral,131
celecoxib,contraindicated product administered,131
celecoxib,systemic lupus erythematosus,131
certolizumab pegol,injury,131
corticotropin,contusion,131
cytarabine,pyrexia,131
diclofenac sodium,glossodynia,131
diclofenac sodium,infusion related reaction,131
dinutuximab,pain in extremity,131
dupilumab,photophobia,131
eculizumab,haemolysis,131
enfortumab vedotin-ejfv,nausea,131
enzalutamide,malignant neoplasm progression,131
epcoritamab-bysp,diffuse large b-cell lymphoma,131
etonogestrel,menometrorrhagia,131
fenfluramine,epilepsy,131
foscarbidopa\foslevodopa,movement disorder,131
fostamatinib,hospitalisation,131
fulvestrant,pain,131
fulvestrant,rash,131
heparin sodium,heparin-induced thrombocytopenia,131
human immunoglobulin g,feeling cold,131
human immunoglobulin g,postural orthostatic tachycardia syndrome,131
human immunoglobulin g,sinus headache,131
ibuprofen,condition aggravated,131
icatibant acetate,infection,131
infliximab,aphthous ulcer,131
insulin glargine\lixisenatide,off label use,131
lanreotide acetate,inappropriate schedule of product administration,131
lenalidomide,deep vein thrombosis,131
lenalidomide,pulmonary embolism,131
levetiracetam,drug ineffective for unapproved indication,131
levothyroxine sodium,pruritus,131
lopinavir\ritonavir,foetal exposure during pregnancy,131
menthol,epithelioid mesothelioma,131
metformin hydrochloride,diabetic ketoacidosis,131
methotrexate,anaemia,131
olanzapine,condition aggravated,131
omeprazole,drug ineffective,131
paclitaxel,anaemia,131
palbociclib,dry skin,131
pembrolizumab,cytokine release syndrome,131
posaconazole,product use in unapproved indication,131
relugolix,haemoglobin decreased,131
ribociclib,asthenia,131
risankizumab-rzaa,ileostomy,131
rituximab,sleep disorder,131
secukinumab,contraindicated product administered,131
semaglutide,nephrolithiasis,131
teduglutide,dry mouth,131
teduglutide,mucous stools,131
teduglutide,speech disorder,131
tirzepatide,dysgeusia,131
tirzepatide,tachycardia,131
tocilizumab,product use issue,131
treprostinil,overdose,131
vancomycin,off label use,131
vedolizumab,back injury,131
vedolizumab,carpal tunnel syndrome,131
vedolizumab,melaena,131
vedolizumab,sinus disorder,131
venetoclax,constipation,131
abatacept,bursitis,130
adalimumab,facet joint syndrome,130
adalimumab,rectal haemorrhage,130
adalimumab,rheumatoid factor positive,130
amphetamine aspartate\amphetamine sulfate\dextroamphetamine saccharate\dextroamphetamine sulfate,impaired driving ability,130
brigatinib,abdominal discomfort,130
calcium oxybate\magnesium oxybate\potassium oxybate\sodium oxybate,suicidal ideation,130
carboplatin,rash,130
celecoxib,asthenia,130
celecoxib,impaired healing,130
celecoxib,peripheral swelling,130
certolizumab pegol,back pain,130
copper,vaginal discharge,130
dapagliflozin,deafness,130
diazepam,somnolence,130
diclofenac sodium,drug hypersensitivity,130
eculizumab,dyspnoea,130
elexacaftor\ivacaftor\tezacaftor,fatigue,130
encorafenib,death,130
enfortumab vedotin-ejfv,skin disorder,130
estradiol,application site rash,130
evolocumab,dizziness,130
fulvestrant,anaemia,130
fulvestrant,dyspnoea,130
ibrutinib,pneumonia,130
ibuprofen,toxicity to various agents,130
infliximab-dyyb,chills,130
infliximab-dyyb,hypoaesthesia,130
levothyroxine sodium,abdominal discomfort,130
lifitegrast,eye irritation,130
olaparib,constipation,130
pancrelipase amylase\pancrelipase lipase\pancrelipase protease,abdominal pain,130
pegfilgrastim,product preparation error,130
ponatinib,fall,130
prednisone,weight increased,130
propranolol hydrochloride,sleep disorder,130
ribociclib,pain,130
risankizumab-rzaa,cardiac disorder,130
risankizumab-rzaa,hypoaesthesia,130
rituximab-pvvr,pruritus,130
ruxolitinib,blood cholesterol increased,130
ruxolitinib,bone pain,130
secukinumab,skin exfoliation,130
semaglutide,suicidal ideation,130
sodium oxybate,hospitalisation,130
tacrolimus,cytomegalovirus infection,130
tadalafil,death,130
teduglutide,cellulitis,130
teduglutide,gait inability,130
tenofovir disoproxil fumarate,skeletal injury,130
tirzepatide,lethargy,130
treprostinil,burning sensation,130
upadacitinib,abdominal distension,130
upadacitinib,frequent bowel movements,130
vedolizumab,furuncle,130
vedolizumab,lymphoma,130
vedolizumab,vaginal infection,130
zolpidem tartrate,drug use disorder,130
.alpha.1-proteinase inhibitor human,insomnia,129
abaloparatide,asthenia,129
abatacept,c-reactive protein abnormal,129
alendronate sodium,insomnia,129
alendronate sodium,wound infection,129
amlodipine besylate,completed suicide,129
amphetamine aspartate\amphetamine sulfate\dextroamphetamine saccharate\dextroamphetamine sulfate,drug abuse,129
"antihemophilic factor, human recombinant",mass,129
asfotase alfa,injection site erythema,129
atezolizumab,diarrhoea,129
aztreonam lysine,product use in unapproved indication,129
budesonide\formoterol,death,129
budesonide\formoterol\glycopyrrolate,death,129
capsaicin,pain in extremity,129
carbamazepine,toxicity to various agents,129
carbidopa\levodopa,dizziness,129
dupilumab,odynophagia,129
eptinezumab-jjmr,nausea,129
evolocumab,myocardial infarction,129
exenatide,needle issue,129
fruquintinib,neuropathy peripheral,129
human immunoglobulin g,gastrointestinal haemorrhage,129
human immunoglobulin g,infusion site nodule,129
human immunoglobulin g,pulmonary thrombosis,129
human immunoglobulin g,skin exfoliation,129
human immunoglobulin g,wound infection,129
human immunoglobulin g\hyaluronidase (human recombinant),infusion site reaction,129
human immunoglobulin g\hyaluronidase (human recombinant),tremor,129
idursulfase,inflammation,129
idursulfase,oedema,129
infliximab,treatment failure,129
infliximab-dyyb,bronchitis,129
ixazomib,pain,129
lenvatinib,stomatitis,129
methotrexate,mobility decreased,129
methotrexate sodium,pain,129
mycophenolate mofetil,leukopenia,129
ocrelizumab,throat irritation,129
omalizumab,product storage error,129
onabotulinumtoxina,migraine,129
paclitaxel,neuropathy peripheral,129
pembrolizumab,vomiting,129
polatuzumab vedotin,white blood cell count decreased,129
pomalidomide,pyrexia,129
pregabalin,tremor,129
risankizumab-rzaa,scar,129
rituximab,bursitis,129
rituximab,neck pain,129
romosozumab-aqqg,arthralgia,129
ruxolitinib,anxiety,129
secukinumab,muscular weakness,129
tisagenlecleucel,pyrexia,129
tolvaptan,death,129
treprostinil,cyanosis,129
treprostinil,herpes zoster,129
treprostinil,stomatitis,129
.alpha.1-proteinase inhibitor human,heart rate abnormal,128
acalabrutinib,headache,128
alendronate sodium,asthenia,128
alendronate sodium,treatment failure,128
alprazolam,overdose,128
amikacin,death,128
amlodipine besylate,nausea,128
calcium oxybate\magnesium oxybate\potassium oxybate\sodium oxybate,constipation,128
canakinumab,pyrexia,128
carbamazepine,off label use,128
celecoxib,arthropathy,128
celecoxib,glossodynia,128
celecoxib,hand deformity,128
celecoxib,synovitis,128
certolizumab pegol,chest pain,128
ciltacabtagene autoleucel,pyrexia,128
clozapine,sedation,128
collagenase clostridium histolyticum,peyronie's disease,128
cyclosporine,product storage error,128
diclofenac,rheumatoid arthritis,128
diclofenac sodium,condition aggravated,128
diclofenac sodium,contraindicated product administered,128
diclofenac sodium,headache,128
diclofenac sodium,pericarditis,128
diroximel fumarate,gastrointestinal disorder,128
dulaglutide,accidental underdose,128
dupilumab,hypoacusis,128
dupilumab,idiopathic urticaria,128
dupilumab,injury associated with device,128
epinephrine,device failure,128
etanercept,malaise,128
etanercept-szzs,pain,128
fluticasone propionate\salmeterol xinafoate,product complaint,128
human immunoglobulin g,blood glucose decreased,128
human immunoglobulin g,blood sodium decreased,128
human immunoglobulin g,flatulence,128
human immunoglobulin g,inability to afford medication,128
human immunoglobulin g,psoriatic arthropathy,128
human immunoglobulin g,viral upper respiratory tract infection,128
human immunoglobulin g,vulvovaginal mycotic infection,128
infliximab,maternal exposure during pregnancy,128
ixazomib,fall,128
ixazomib,malaise,128
leuprolide acetate,product physical consistency issue,128
levothyroxine sodium,anxiety,128
lotilaner,product use issue,128
methotrexate,abdominal pain upper,128
methotrexate,pemphigus,128
methotrexate sodium,vomiting,128
nintedanib,abdominal distension,128
nirsevimab-alip,respiratory syncytial virus bronchiolitis,128
omalizumab,ill-defined disorder,128
osimertinib,metastases to central nervous system,128
osimertinib,renal impairment,128
osimertinib,thrombosis,128
palbociclib,breast cancer metastatic,128
relugolix,feeling cold,128
ribociclib,white blood cell count decreased,128
ribociclib succinate,alopecia,128
ribociclib succinate,rash,128
rituximab,inflammation,128
rivaroxaban,anaemia,128
sarilumab,nasopharyngitis,128
secukinumab,muscle injury,128
sparsentan,joint swelling,128
teduglutide,alopecia,128
teduglutide,lung disorder,128
teriparatide,dizziness,128
tirzepatide,hypoaesthesia,128
tocilizumab,drug intolerance,128
tocilizumab,synovitis,128
tofacitinib citrate,cataract,128
treprostinil,dizziness exertional,128
upadacitinib,haemoglobin decreased,128
vedolizumab,frustration tolerance decreased,128
voriconazole,drug interaction,128
abatacept,weight decreased,127
alendronate sodium,dry mouth,127
alendronate sodium,inflammation,127
alendronate sodium,memory impairment,127
"antihemophilic factor, human recombinant",drug ineffective,127
brigatinib,cough,127
budesonide\formoterol\glycopyrrolate,pneumonia,127
calcium oxybate\magnesium oxybate\potassium oxybate\sodium oxybate,drug hypersensitivity,127
cannabidiol,emergency care,127
carbidopa\levodopa,muscle rigidity,127
celecoxib,anti-cyclic citrullinated peptide antibody positive,127
celecoxib,folliculitis,127
celecoxib,maternal exposure during pregnancy,127
celecoxib,wound,127
certolizumab pegol,fibromyalgia,127
certolizumab pegol,migraine,127
ciprofloxacin,pain,127
clopidogrel bisulfate,drug ineffective,127
dapagliflozin,atrial fibrillation,127
dexamethasone,anaemia,127
diclofenac,malaise,127
diclofenac sodium,drug intolerance,127
docosanol,drug ineffective,127
dupilumab,aphonia,127
dupilumab,intercepted product storage error,127
dupilumab,knee arthroplasty,127
dupilumab,rheumatoid arthritis,127
dupilumab,sputum discoloured,127
fenfluramine,product dose omission issue,127
fluorouracil,diarrhoea,127
fruquintinib,pain in extremity,127
gabapentin,product use in unapproved indication,127
human immunoglobulin g,device difficult to use,127
human immunoglobulin g,sleep apnoea syndrome,127
human immunoglobulin g\hyaluronidase (human recombinant),bacterial infection,127
human immunoglobulin g\hyaluronidase (human recombinant),joint swelling,127
icatibant acetate,irritable bowel syndrome,127
icatibant acetate,mobility decreased,127
infliximab,decreased appetite,127
infliximab-dyyb,cataract,127
leflunomide,off label use,127
lenalidomide,red blood cell count decreased,127
levetiracetam,drug interaction,127
lifitegrast,vision blurred,127
lisdexamfetamine dimesylate,anxiety,127
minoxidil,poor quality product administered,127
montelukast sodium,neuropsychological symptoms,127
mycophenolate mofetil,neutropenia,127
nemolizumab-ilto,intentional product use issue,127
omalizumab,device malfunction,127
pegvaliase-pqpz,maternal exposure during pregnancy,127
pregabalin,weight increased,127
ravulizumab-cwvz,haemolysis,127
riociguat,dizziness,127
rurioctocog alfa pegol,haemarthrosis,127
sarilumab,rash,127
teduglutide,blister,127
teduglutide,hypersomnia,127
teduglutide,renal function test abnormal,127
tirzepatide,drug intolerance,127
tofacitinib citrate,hypersensitivity,127
tofacitinib citrate,osteoarthritis,127
trastuzumab,death,127
treprostinil,acute respiratory failure,127
upadacitinib,muscle spasms,127
upadacitinib,pulmonary embolism,127
vedolizumab,multiple sclerosis,127
velaglucerase alfa,osteoarthritis,127
.alpha.1-proteinase inhibitor human,pneumothorax,126
adalimumab,autoimmune disorder,126
adalimumab,pulmonary fibrosis,126
alendronate sodium,dizziness,126
alendronate sodium,pneumonia,126
alendronate sodium,rheumatoid factor positive,126
apixaban,product dose omission issue,126
atezolizumab,fatigue,126
calcium oxybate\magnesium oxybate\potassium oxybate\sodium oxybate,cough,126
celecoxib,dyspnoea,126
celecoxib,fibromyalgia,126
celecoxib,general physical health deterioration,126
celecoxib,hypoaesthesia,126
certolizumab pegol,type 2 diabetes mellitus,126
corticotropin,joint swelling,126
deutetrabenazine,death,126
deutetrabenazine,depression,126
dexamethasone,condition aggravated,126
diclofenac,pyrexia,126
diclofenac sodium,nausea,126
docetaxel,disease progression,126
dupilumab,arthropathy,126
dupilumab,balance disorder,126
dupilumab,skin warm,126
escitalopram oxalate,drug ineffective,126
fluticasone propionate\salmeterol xinafoate,device delivery system issue,126
fulvestrant,metastases to liver,126
garadacimab-gxii,hereditary angioedema,126
guselkumab,hepatic enzyme increased,126
human immunoglobulin g,gastritis,126
human immunoglobulin g,sciatica,126
human immunoglobulin g\hyaluronidase (human recombinant),cellulitis,126
ibuprofen,rash,126
icatibant acetate,frustration tolerance decreased,126
icatibant acetate,productive cough,126
idursulfase,muscle rigidity,126
infliximab,clostridium difficile infection,126
infliximab,frequent bowel movements,126
ketoconazole,drug ineffective,126
lenalidomide,drug intolerance,126
lorazepam,drug ineffective,126
macitentan,product dose omission issue,126
metformin hydrochloride,hyperlactacidaemia,126
nirsevimab-alip,drug ineffective,126
norgestrel,intermenstrual bleeding,126
olanzapine,suicide attempt,126
ondansetron,maternal exposure during pregnancy,126
oxycodone hydrochloride,death,126
ponatinib,chest pain,126
prednisone,dyspnoea,126
prednisone,maternal exposure during pregnancy,126
quetiapine,drug interaction,126
quetiapine,overdose,126
ravulizumab-cwvz,covid-19,126
ripretinib,malignant neoplasm progression,126
risankizumab-rzaa,muscle spasms,126
risankizumab-rzaa,visual impairment,126
risperidone,product dose omission issue,126
rituximab,hyperhidrosis,126
ruxolitinib,thrombosis,126
sacituzumab govitecan-hziy,death,126
selinexor,asthenia,126
tralokinumab-ldrm,injection site pain,126
treprostinil,dry skin,126
treprostinil,gastroenteritis viral,126
treprostinil,heart rate decreased,126
vedolizumab,pyoderma gangrenosum,126
voriconazole,off label use,126
zuranolone,fatigue,126
abatacept,loss of personal independence in daily activities,125
abatacept,wound infection,125
acetaminophen,hepatic failure,125
albuterol,therapeutic product effect incomplete,125
alendronate sodium,decreased appetite,125
alendronate sodium,lip dry,125
amikacin,adverse drug reaction,125
amlodipine besylate,metabolic acidosis,125
asfotase alfa,headache,125
capecitabine,death,125
carbidopa\levodopa,dysphagia,125
celecoxib,osteoarthritis,125
celecoxib,pemphigus,125
celecoxib,wheezing,125
certolizumab pegol,gait disturbance,125
certolizumab pegol,gait inability,125
clozapine,hypotension,125
clozapine,lower respiratory tract infection,125
clozapine,monocyte count increased,125
cytarabine\daunorubicin,acute myeloid leukaemia recurrent,125
diclofenac,pruritus,125
dupilumab,hand dermatitis,125
dupilumab,irritability,125
dupilumab,localised infection,125
enfortumab vedotin-ejfv,pyrexia,125
ensifentrine,dyspnoea,125
etoposide,febrile neutropenia,125
evolocumab,incorrect disposal of product,125
fenfluramine,left ventricular dysfunction,125
fluoxetine hydrochloride,toxicity to various agents,125
gabapentin,drug interaction,125
human immunoglobulin g,allergic sinusitis,125
human immunoglobulin g,injection site haemorrhage,125
human immunoglobulin g\hyaluronidase (human recombinant),chronic obstructive pulmonary disease,125
human immunoglobulin g\hyaluronidase (human recombinant),gastrointestinal infection,125
ibuprofen,hypersensitivity,125
ibuprofen,nausea,125
idursulfase,lip discolouration,125
idursulfase,pleural effusion,125
inclisiran sodium,myalgia,125
infliximab,insomnia,125
infliximab-dyyb,infusion site extravasation,125
insulin glargine,diabetes mellitus inadequate control,125
isotretinoin,drug ineffective,125
ixazomib,nasopharyngitis,125
lanadelumab,anxiety,125
lanreotide acetate,weight decreased,125
methotrexate,hand deformity,125
methotrexate,inflammation,125
minoxidil,product use in unapproved indication,125
niraparib,nausea,125
osimertinib,off label use,125
parathyroid hormone,blood calcium decreased,125
pegfilgrastim,febrile neutropenia,125
pembrolizumab,drug ineffective,125
pimavanserin tartrate,ill-defined disorder,125
ponatinib,feeling abnormal,125
risankizumab-rzaa,obstruction,125
rituximab,constipation,125
rituximab,contusion,125
rituximab,hand deformity,125
ruxolitinib,abdominal discomfort,125
ruxolitinib,infection,125
secukinumab,migraine,125
sertraline hydrochloride,diarrhoea,125
teduglutide,mental disorder,125
teduglutide,oxygen saturation decreased,125
teduglutide,rash macular,125
tislelizumab,drug eruption,125
upadacitinib,hepatic enzyme increased,125
upadacitinib,procedural pain,125
valproic acid,drug ineffective,125
vedolizumab,cognitive disorder,125
voclosporin,diarrhoea,125
agalsidase beta,weight decreased,124
alendronate sodium,contusion,124
alprazolam,intentional overdose,124
asfotase alfa,injection site reaction,124
bupropion hydrochloride\naltrexone hydrochloride,constipation,124
celecoxib,infusion related reaction,124
celecoxib,intentional product use issue,124
certolizumab pegol,anti-cyclic citrullinated peptide antibody positive,124
copper,abortion induced,124
dexamethasone,nausea,124
doxycycline,off label use,124
dupilumab,rosacea,124
durvalumab,off label use,124
esketamine,off label use,124
evolocumab,muscle spasms,124
fezolinetant,alanine aminotransferase increased,124
foscarbidopa\foslevodopa,infusion site abscess,124
glatiramer acetate,multiple sclerosis,124
human immunoglobulin g,full blood count decreased,124
human immunoglobulin g,no adverse event,124
human immunoglobulin g\hyaluronidase (human recombinant),body temperature increased,124
human immunoglobulin g\hyaluronidase (human recombinant),lymphadenopathy,124
lanadelumab,arthritis,124
lenacapavir sodium,injection site discharge,124
lenalidomide,product administration interrupted,124
levonorgestrel,uterine perforation,124
levothyroxine sodium,dyspnoea,124
maribavir,fatigue,124
mycophenolate mofetil,pyrexia,124
mycophenolate mofetil,therapy non-responder,124
nirsevimab-alip,respiratory syncytial virus infection,124
ponatinib,acute lymphocytic leukaemia recurrent,124
ponatinib,cough,124
ponatinib,pruritus,124
prednisolone,drug ineffective for unapproved indication,124
ravulizumab-cwvz,nausea,124
rilpivirine,off label use,124
rituximab-pvvr,cough,124
ruxolitinib,depressed mood,124
ruxolitinib,intentional product use issue,124
sarilumab,diarrhoea,124
sarilumab,pruritus,124
secukinumab,c-reactive protein increased,124
secukinumab,sleep disorder,124
secukinumab,treatment failure,124
semaglutide,acute kidney injury,124
sertraline hydrochloride,somnolence,124
sodium oxybate,intentional product use issue,124
teduglutide,hypersensitivity,124
tirzepatide,anaphylactic reaction,124
tocilizumab,hand deformity,124
tocilizumab,wound,124
toripalimab,off label use,124
treprostinil,head injury,124
treprostinil,intentional product use issue,124
treprostinil,limb injury,124
treprostinil,restless legs syndrome,124
treprostinil,vertigo,124
treprostinil sodium,dyspnoea exertional,124
upadacitinib,condition aggravated,124
upadacitinib,eczema,124
vedolizumab,anorectal polyp,124
vedolizumab,presyncope,124
vedolizumab,wrong technique in product usage process,124
venetoclax,pancytopenia,124
venlafaxine hydrochloride,anxiety,124
abaloparatide,blood pressure increased,123
abatacept,pulmonary fibrosis,123
abemaciclib,myelosuppression,123
acetaminophen,malaise,123
adalimumab,breast cancer stage iii,123
adalimumab,drug ineffective for unapproved indication,123
adalimumab,haemorrhage,123
adalimumab,joint stiffness,123
adalimumab,liver function test increased,123
adalimumab,oedema peripheral,123
agalsidase beta,weight increased,123
amlodipine besylate,blood pressure increased,123
amphetamine aspartate\amphetamine sulfate\dextroamphetamine saccharate\dextroamphetamine sulfate,drug diversion,123
azacitidine,death,123
azacitidine,neutropenia,123
bevacizumab,colorectal cancer metastatic,123
carboplatin,condition aggravated,123
celecoxib,joint swelling,123
celecoxib,type 2 diabetes mellitus,123
certolizumab pegol,arthritis,123
conestat alfa,condition aggravated,123
dapagliflozin,diarrhoea,123
dexamethasone,pyrexia,123
diclofenac,nasopharyngitis,123
dinutuximab,platelet count decreased,123
dupilumab,drug effective for unapproved indication,123
esomeprazole magnesium,product use in unapproved indication,123
estradiol,product administered at inappropriate site,123
evolocumab,diarrhoea,123
fluocinolone acetonide,circumstance or information capable of leading to medication error,123
fulvestrant,decreased appetite,123
human c1-esterase inhibitor,poor venous access,123
human immunoglobulin g,aphonia,123
human immunoglobulin g,arthritis infective,123
human immunoglobulin g,hot flush,123
human immunoglobulin g\hyaluronidase (human recombinant),device issue,123
human immunoglobulin g\hyaluronidase (human recombinant),injection site pruritus,123
icatibant acetate,product prescribing issue,123
idursulfase,eczema,123
infliximab-dyyb,drug specific antibody present,123
isotretinoin,headache,123
lenalidomide,dysgeusia,123
methotrexate,contusion,123
methotrexate,pericarditis,123
methylphenidate,off label use,123
nintedanib,nasopharyngitis,123
ocrelizumab,diarrhoea,123
onasemnogene abeparvovec-xioi,aspartate aminotransferase increased,123
pancrelipase amylase\pancrelipase lipase\pancrelipase protease,asthenia,123
pantoprazole,hypomagnesaemia,123
pralsetinib,product prescribing issue,123
pregabalin,aggression,123
relugolix,dry mouth,123
relugolix,micturition urgency,123
rituximab,acute kidney injury,123
rituximab,therapy partial responder,123
teduglutide,injection site haemorrhage,123
teduglutide,urticaria,123
testosterone cypionate,liquid product physical issue,123
tofacitinib citrate,inflammation,123
tralokinumab-ldrm,rash,123
tramadol,somnolence,123
trospium chloride\xanomeline,constipation,123
upadacitinib,stress,123
vedolizumab,colorectal cancer,123
vedolizumab,lower limb fracture,123
vedolizumab,neuropathy peripheral,123
vedolizumab,sneezing,123
abatacept,lung disorder,122
adalimumab,amnesia,122
adalimumab,drug specific antibody present,122
adalimumab,hospitalisation,122
alendronate sodium,migraine,122
alendronate sodium,oedema,122
amikacin,device issue,122
"antihemophilic factor, human recombinant",myalgia,122
azacitidine,off label use,122
bimekizumab-bkzx,urinary tract infection,122
brigatinib,product use issue,122
buprenorphine,nausea,122
cabotegravir\rilpivirine,product dose omission issue,122
capecitabine,vomiting,122
carboplatin,hypothyroidism,122
carfilzomib,off label use,122
celecoxib,helicobacter infection,122
celecoxib,liver injury,122
celecoxib,nasopharyngitis,122
celecoxib,oedema,122
celecoxib,pericarditis,122
cladribine,white blood cell count decreased,122
clozapine,toxicity to various agents,122
corticotropin,hospitalisation,122
diclofenac sodium,hepatic enzyme increased,122
dupilumab,device use issue,122
dupilumab,incorrect product administration duration,122
dupilumab,oesophageal food impaction,122
evolocumab,cough,122
foscarbidopa\foslevodopa,infusion site infection,122
human immunoglobulin g,allergy to immunoglobulin therapy,122
human immunoglobulin g,mental disorder,122
human immunoglobulin g,sinusitis bacterial,122
infliximab,osteoarthritis,122
insulin glargine,glycosylated haemoglobin increased,122
interferon beta-1a,maternal exposure during pregnancy,122
lanadelumab,injection site bruising,122
lanreotide acetate,headache,122
linaclotide,constipation,122
maribavir,death,122
methotrexate,glossodynia,122
methotrexate sodium,drug ineffective for unapproved indication,122
methoxy polyethylene glycol-epoetin beta,death,122
mycophenolate mofetil,gastrointestinal disorder,122
nemolizumab-ilto,skin exfoliation,122
ofatumumab,stress,122
onabotulinumtoxina,headache,122
oxaliplatin,fatigue,122
palbociclib,anxiety,122
polatuzumab vedotin,neutrophil count decreased,122
rifaximin,hospitalisation,122
risankizumab-rzaa,road traffic accident,122
rituximab,blister,122
rituximab,confusional state,122
ruxolitinib phosphate,product physical consistency issue,122
semaglutide,chest pain,122
semaglutide,taste disorder,122
sodium oxybate,dyspnoea,122
sparsentan,blood potassium increased,122
teduglutide,chest discomfort,122
teduglutide,feeling hot,122
teduglutide,pain in jaw,122
teduglutide,product quality issue,122
teprotumumab-trbw,nausea,122
tocilizumab,inflammation,122
tolvaptan,wrong technique in product usage process,122
treprostinil,upper respiratory tract infection,122
upadacitinib,systemic lupus erythematosus,122
vedolizumab,general symptom,122
vedolizumab,haematemesis,122
vedolizumab,renal pain,122
velaglucerase alfa,asthenia,122
velaglucerase alfa,myalgia,122
vutrisiran,hospitalisation,122
abatacept,asthma,121
abatacept,facet joint syndrome,121
abemaciclib,dizziness,121
adalimumab,nephrolithiasis,121
adalimumab,obesity,121
adalimumab,osteoporosis,121
adalimumab,sciatica,121
adalimumab,upper respiratory tract infection,121
alendronate sodium,hypercholesterolaemia,121
"antihemophilic factor, human recombinant",musculoskeletal chest pain,121
apalutamide,fatigue,121
carbidopa\levodopa,anxiety,121
celecoxib,duodenal ulcer perforation,121
celecoxib,infection,121
certolizumab pegol,abdominal pain,121
diclofenac sodium,diarrhoea,121
dinutuximab,pain,121
dupilumab,flatulence,121
dupilumab,lethargy,121
dupilumab,neuralgia,121
elacestrant,vomiting,121
fenfluramine,aortic valve thickening,121
fenfluramine,cough,121
fenfluramine,irritability,121
fezolinetant,hepatic enzyme increased,121
finasteride,medication error,121
foscarbidopa\foslevodopa,weight decreased,121
fulvestrant,death,121
human immunoglobulin g,blood glucose abnormal,121
human immunoglobulin g,ulcer,121
icatibant acetate,muscular weakness,121
idursulfase,nasal discharge discolouration,121
infliximab,urticaria,121
infliximab-dyyb,joint swelling,121
infliximab-dyyb,productive cough,121
interferon beta-1a,influenza like illness,121
ixazomib,hypoaesthesia,121
ixazomib,inappropriate schedule of product administration,121
lanadelumab,product availability issue,121
lenalidomide,sepsis,121
lenvatinib,arthralgia,121
metformin hydrochloride,dyspnoea,121
methotrexate,blister,121
methotrexate,chest pain,121
methotrexate,depression,121
methylphenidate,drug ineffective,121
mycophenolate mofetil,multiple organ dysfunction syndrome,121
naltrexone,off label use,121
nintedanib,pain,121
ocrelizumab,infection,121
omalizumab,exposure via skin contact,121
paclitaxel,flushing,121
pregabalin,depressed level of consciousness,121
ravulizumab-cwvz,back pain,121
relugolix,loss of libido,121
ribociclib,off label use,121
risankizumab-rzaa,weight increased,121
rituximab,platelet count decreased,121
rituximab,pulmonary fibrosis,121
rituximab-abbs,hypertension,121
tacrolimus,post transplant lymphoproliferative disorder,121
tacrolimus,renal impairment,121
teduglutide,osteomyelitis,121
teduglutide,rectal haemorrhage,121
teduglutide,sciatica,121
tenofovir disoproxil fumarate,bone loss,121
tirzepatide,injection site vesicles,121
tocilizumab,tooth disorder,121
tofacitinib citrate,anxiety,121
tofacitinib citrate,confusional state,121
treprostinil,cellulitis,121
trofinetide,pyrexia,121
upadacitinib,haemorrhage,121
upadacitinib,thrombosis,121
vedolizumab,abdominal rigidity,121
zoledronic acid,pain in extremity,121
.alpha.1-proteinase inhibitor human,abdominal pain,120
.alpha.1-proteinase inhibitor human,blood pressure systolic increased,120
abaloparatide,product use complaint,120
amlodipine besylate,cough,120
aripiprazole,suicidal ideation,120
bimekizumab,insurance issue,120
bimekizumab-bkzx,intentional dose omission,120
bimekizumab-bkzx,sinusitis,120
brigatinib,arthralgia,120
cabotegravir\rilpivirine,pathogen resistance,120
carboplatin,sepsis,120
celecoxib,hepatic enzyme increased,120
celecoxib,injury,120
celecoxib,therapeutic product effect decreased,120
certolizumab pegol,ill-defined disorder,120
certolizumab pegol,memory impairment,120
clozapine,infection,120
cyclophosphamide,neutropenia,120
dapagliflozin,asthenia,120
dexamethasone,febrile neutropenia,120
diclofenac,psoriatic arthropathy,120
diclofenac sodium,hand deformity,120
dupilumab,musculoskeletal discomfort,120
eculizumab,headache,120
faricimab-svoa,no adverse event,120
fluocinolone acetonide,device failure,120
human immunoglobulin g,epstein-barr virus infection,120
human immunoglobulin g,night sweats,120
human immunoglobulin g\hyaluronidase (human recombinant),weight fluctuation,120
idursulfase,joint swelling,120
infliximab,alopecia,120
infliximab,arthritis,120
infliximab,drug level below therapeutic,120
lenalidomide,abdominal pain,120
leuprolide acetate,dizziness,120
lorlatinib,fatigue,120
measles virus strain enders^ attenuated edmonston live antigen\mumps virus strain b level jeryl lynn live antigen\rubella virus strain wistar ra 27/3 live antigen\varicella-zoster virus strain oka/merck live antigen,no adverse event,120
mepolizumab,asthenia,120
metformin hydrochloride,cardiac arrest,120
metformin hydrochloride,condition aggravated,120
metformin hydrochloride,diabetes mellitus inadequate control,120
metformin hydrochloride,fall,120
methotrexate,arthritis,120
methotrexate,dyspepsia,120
methotrexate,urinary tract infection,120
ocrelizumab,back pain,120
olaparib,off label use,120
osimertinib,pruritus,120
oxycodone hydrochloride,somnolence,120
pegvisomant,off label use,120
pembrolizumab,immune-mediated lung disease,120
pomalidomide,decreased appetite,120
pomalidomide,vomiting,120
prednisone,febrile neutropenia,120
ravulizumab-cwvz,arthralgia,120
relugolix,abdominal distension,120
relugolix,blood cholesterol increased,120
relugolix,chest pain,120
relugolix,dehydration,120
ribociclib succinate,death,120
risankizumab,product temperature excursion issue,120
risankizumab-rzaa,condition aggravated,120
sarilumab,inappropriate schedule of product administration,120
secukinumab,feeling abnormal,120
teduglutide,gastrointestinal inflammation,120
teduglutide,muscular weakness,120
teduglutide,skin exfoliation,120
teriparatide,nausea,120
tezepelumab-ekko,drug ineffective,120
tirzepatide,insurance issue,120
treprostinil,faeces soft,120
treprostinil,heart rate irregular,120
treprostinil,right ventricular failure,120
vedolizumab,cyst,120
velaglucerase alfa,productive cough,120
zoledronic acid,diarrhoea,120
abaloparatide,injection site erythema,119
abaloparatide,vertigo,119
acetaminophen,depressed level of consciousness,119
acetaminophen,diarrhoea,119
adalimumab-afzb,drug ineffective,119
albuterol sulfate,product packaging quantity issue,119
alendronate sodium,dyspepsia,119
alendronate sodium,facet joint syndrome,119
amoxicillin\clavulanic acid,drug ineffective,119
"antihemophilic factor, human recombinant",face injury,119
"antihemophilic factor, human recombinant",thrombosis,119
apixaban,drug interaction,119
avapritinib,brain fog,119
belimumab,influenza,119
cabozantinib s-malate,pruritus,119
capivasertib,nausea,119
celecoxib,blister,119
celecoxib,blood cholesterol increased,119
celecoxib,irritable bowel syndrome,119
celecoxib,musculoskeletal stiffness,119
celecoxib,sinusitis,119
copper,back pain,119
diclofenac sodium,vomiting,119
dupilumab,stomatitis,119
erenumab-aooe,off label use,119
etanercept,fatigue,119
etanercept-szzs,arthralgia,119
evolocumab,product preparation error,119
famotidine,drug ineffective,119
fenfluramine,overdose,119
fluticasone furoate\vilanterol trifenatate,product dose omission issue,119
human c1-esterase inhibitor,covid-19,119
human immunoglobulin g,dry mouth,119
human immunoglobulin g,stiff person syndrome,119
human immunoglobulin g,suspected covid-19,119
human immunoglobulin g,wound,119
idursulfase,catheter site pain,119
idursulfase,otorrhoea,119
infliximab,hospitalisation,119
infliximab-dyyb,myalgia,119
lisdexamfetamine dimesylate,product physical issue,119
metformin hydrochloride,malaise,119
methotrexate,gait disturbance,119
ofatumumab,abortion spontaneous,119
ofatumumab,product dose omission issue,119
omalizumab,migraine,119
oxaliplatin,erythema,119
oxycodone hydrochloride,nausea,119
palbociclib,cataract,119
pancrelipase amylase\pancrelipase lipase\pancrelipase protease,malaise,119
pomalidomide,neutrophil count decreased,119
prednisone,disease progression,119
relugolix,urinary retention,119
romosozumab-aqqg,hospitalisation,119
rosuvastatin,arthralgia,119
ruxolitinib,haematocrit decreased,119
ruxolitinib,neuropathy peripheral,119
secukinumab,joint range of motion decreased,119
secukinumab,lip dry,119
semaglutide,hospitalisation,119
semaglutide,hyperhidrosis,119
semaglutide,migraine,119
semaglutide,suspected counterfeit product,119
teduglutide,candida infection,119
teduglutide,metabolic acidosis,119
tislelizumab,chest discomfort,119
tocilizumab,migraine,119
treprostinil,haematological infection,119
upadacitinib,insomnia,119
vedolizumab,anal stenosis,119
vedolizumab,ascites,119
vedolizumab,dizziness postural,119
vedolizumab,systemic lupus erythematosus,119
velaglucerase alfa,abdominal pain upper,119
venlafaxine hydrochloride,overdose,119
vimseltinib,fatigue,119
vonoprazan fumarate,nausea,119
abaloparatide,unevaluable event,118
abatacept,hypercholesterolaemia,118
abatacept,night sweats,118
abatacept,psoriasis,118
acetaminophen,hypotension,118
acetaminophen,rash,118
adalimumab-afzb,fatigue,118
albuterol sulfate,device defective,118
alendronate sodium,bursitis,118
amlodipine besylate,pulmonary oedema,118
"antihemophilic factor, human recombinant",gastrointestinal haemorrhage,118
apremilast,abdominal discomfort,118
aripiprazole,sedation,118
atorvastatin,dizziness,118
atorvastatin,muscle spasms,118
cabotegravir,injection site pain,118
calcium oxybate\magnesium oxybate\potassium oxybate\sodium oxybate,memory impairment,118
celecoxib,joint range of motion decreased,118
celecoxib,musculoskeletal pain,118
certolizumab pegol,caesarean section,118
cyclophosphamide,cytokine release syndrome,118
diclofenac,dyspnoea,118
dinutuximab,neuroblastoma recurrent,118
dupilumab,eyelid irritation,118
dupilumab,symptom recurrence,118
eculizumab,drug ineffective,118
eribulin,myelosuppression,118
estradiol,application site irritation,118
estradiol\norethindrone acetate,application site pruritus,118
fentanyl,product adhesion issue,118
gabapentin,completed suicide,118
gabapentin,drug ineffective for unapproved indication,118
gemcitabine,neutropenia,118
human immunoglobulin g,wrong technique in device usage process,118
human immunoglobulin g\hyaluronidase (human recombinant),body temperature abnormal,118
human immunoglobulin g\hyaluronidase (human recombinant),lethargy,118
hydrocortisone,off label use,118
idursulfase,head injury,118
ixazomib,illness,118
lanadelumab,abdominal pain upper,118
lanadelumab,urticaria,118
lenalidomide,bone pain,118
lenalidomide,hyperhidrosis,118
levonorgestrel,post procedural discomfort,118
loperamide hydrochloride,constipation,118
lotilaner,ocular hyperaemia,118
lumateperone,dizziness,118
mepolizumab,diarrhoea,118
mepolizumab,incorrect dose administered,118
methotrexate,anxiety,118
methotrexate,insomnia,118
methotrexate,mouth ulceration,118
mycophenolate mofetil,nausea,118
nivolumab,hypothyroidism,118
ofatumumab,mobility decreased,118
ofatumumab,visual impairment,118
olaparib,underdose,118
osimertinib,vomiting,118
pancrelipase amylase\pancrelipase lipase\pancrelipase protease,pancreatic disorder,118
pregabalin,malaise,118
ravulizumab-cwvz,illness,118
risankizumab-rzaa,dry skin,118
risankizumab-rzaa,post procedural complication,118
rituximab,myalgia,118
semaglutide,pyrexia,118
semaglutide,somnolence,118
tacrolimus,condition aggravated,118
teduglutide,neck pain,118
teduglutide,underweight,118
tezepelumab,drug ineffective,118
tocilizumab,blister,118
tocilizumab,insomnia,118
tocilizumab,urinary tract infection,118
tofacitinib citrate,muscle spasms,118
treprostinil,candida infection,118
treprostinil,neuropathy peripheral,118
upadacitinib,atrial fibrillation,118
upadacitinib,dehydration,118
upadacitinib,pulmonary thrombosis,118
varicella-zoster virus strain oka/merck live antigen,no adverse event,118
vedolizumab,coronary artery occlusion,118
vedolizumab,hepatic cirrhosis,118
vedolizumab,spinal fracture,118
vedolizumab,white blood cell count decreased,118
zoledronic acid,asthenia,118
abatacept,erythema,117
aflibercept,blindness,117
alendronate sodium,lung disorder,117
alendronate sodium,muscle spasms,117
amikacin,drug dose omission by device,117
amikacin,oxygen saturation decreased,117
"antihemophilic factor, human recombinant",skin abrasion,117
brigatinib,death,117
budesonide\formoterol fumarate dihydrate,incorrect dose administered,117
carboplatin,neuropathy peripheral,117
celecoxib,mobility decreased,117
celecoxib,muscle injury,117
celecoxib,treatment failure,117
cenobamate,wrong technique in product usage process,117
certolizumab pegol,muscular weakness,117
dapagliflozin,vomiting,117
dexamethasone,acute kidney injury,117
diclofenac sodium,hypertension,117
dimethyl fumarate,gastrointestinal disorder,117
dupilumab,vitreous floaters,117
durvalumab,myelosuppression,117
evolocumab,dyspnoea,117
evolocumab,nasopharyngitis,117
evolocumab,pain,117
foscarbidopa\foslevodopa,anxiety,117
gabapentin,headache,117
givosiran sodium,porphyria acute,117
human coagulation factor viii/von willebrand factor complex,haemarthrosis,117
human immunoglobulin g,gastric infection,117
human immunoglobulin g,interstitial lung disease,117
human immunoglobulin g,product leakage,117
human immunoglobulin g,walking aid user,117
human immunoglobulin g\hyaluronidase (human recombinant),depression,117
human immunoglobulin g\hyaluronidase (human recombinant),fungal infection,117
human immunoglobulin g\hyaluronidase (human recombinant),immunoglobulins decreased,117
human immunoglobulin g\hyaluronidase (human recombinant),stress,117
human immunoglobulin g\hyaluronidase (human recombinant),suspected covid-19,117
icatibant acetate,blood pressure decreased,117
icatibant acetate,erythema,117
icatibant acetate,general physical health deterioration,117
icatibant acetate,injection site swelling,117
idursulfase,incontinence,117
idursulfase,psychomotor skills impaired,117
idursulfase,skin lesion,117
infliximab,herpes zoster,117
infliximab-dyyb,arthritis,117
insulin aspart,visual impairment,117
levothyroxine sodium,blood glucose increased,117
metformin hydrochloride,headache,117
methotrexate,decreased appetite,117
mirtazapine,toxicity to various agents,117
ofatumumab,injection site bruising,117
pegvaliase-pqpz,urticaria,117
pimavanserin tartrate,illness,117
ponatinib,urinary tract infection,117
ravulizumab-cwvz,diarrhoea,117
relugolix,atrial fibrillation,117
ribociclib succinate,pain in extremity,117
risankizumab-rzaa,anaemia,117
risankizumab-rzaa,fistula,117
risankizumab-rzaa,hip fracture,117
rituximab,atrial fibrillation,117
rituximab,dry mouth,117
rituximab,therapy non-responder,117
sacubitril\valsartan,cardiac failure,117
secukinumab,rheumatic fever,117
teduglutide,abdominal hernia,117
teduglutide,gastrointestinal infection,117
teduglutide,proctalgia,117
teduglutide,short-bowel syndrome,117
teduglutide,transient ischaemic attack,117
tenofovir disoproxil fumarate,osteonecrosis,117
tirzepatide,mobility decreased,117
treprostinil,throat tightness,117
upadacitinib,decreased appetite,117
ustekinumab,nausea,117
vedolizumab,candida infection,117
vedolizumab,gastrointestinal anastomotic stenosis,117
velaglucerase alfa,rhinorrhoea,117
abacavir sulfate\dolutegravir sodium\lamivudine,product dose omission issue,116
acalabrutinib,neuropathy peripheral,116
acetaminophen,drug-induced liver injury,116
alendronate sodium,depression,116
amlodipine besylate,fall,116
"antihemophilic factor, human recombinant",rash,116
avapritinib,vomiting,116
axitinib,fatigue,116
bortezomib,plasma cell myeloma recurrent,116
capecitabine,disease progression,116
celecoxib,gastrointestinal disorder,116
celecoxib,product use issue,116
certolizumab pegol,liver injury,116
clopidogrel bisulfate,melaena,116
dapagliflozin,product dose omission issue,116
docetaxel,neutropenia,116
dulaglutide,injection site haemorrhage,116
dupilumab,lip dry,116
durvalumab,asthenia,116
eptinezumab-jjmr,throat irritation,116
escitalopram oxalate,sexual dysfunction,116
esomeprazole magnesium,abdominal pain upper,116
esomeprazole magnesium,fall,116
estradiol\norethindrone acetate,product adhesion issue,116
etonogestrel,complication of device removal,116
exenatide,wrong technique in device usage process,116
filgrastim,febrile neutropenia,116
fluticasone furoate\umeclidinium bromide\vilanterol trifenatate,pneumonia,116
gemcitabine,thrombocytopenia,116
human immunoglobulin g,complication associated with device,116
human immunoglobulin g,mast cell activation syndrome,116
infliximab,gastrointestinal disorder,116
infliximab,therapeutic product effect decreased,116
irinotecan hydrochloride,off label use,116
istradefylline,condition aggravated,116
ixekizumab,injection site erythema,116
lamotrigine,nausea,116
lanadelumab,infection,116
letrozole,leukopenia,116
levocetirizine dihydrochloride,drug ineffective,116
levofloxacin,drug ineffective,116
lisdexamfetamine dimesylate,insurance issue,116
lorlatinib,blood triglycerides increased,116
mesalamine,diarrhoea,116
mycophenolate mofetil,hypertension,116
natalizumab,urinary tract infection,116
nirmatrelvir\ritonavir,incorrect dose administered,116
ofatumumab,insomnia,116
oxycodone hydrochloride,product counterfeit,116
pembrolizumab,urinary tract infection,116
pomalidomide,product prescribing issue,116
prednisone,anaemia,116
prednisone,neutropenia,116
ribociclib,vomiting,116
ribociclib succinate,leukopenia,116
ribociclib succinate,neutrophil count decreased,116
risankizumab-rzaa,abdominal discomfort,116
risankizumab-rzaa,alopecia,116
rituximab,discomfort,116
rituximab-pvvr,dizziness,116
romosozumab-aqqg,fall,116
sarilumab,polymyalgia rheumatica,116
secukinumab,dyspepsia,116
secukinumab,musculoskeletal pain,116
sertraline hydrochloride,vomiting,116
sitagliptin phosphate,product dose omission issue,116
teduglutide,head injury,116
teduglutide,infrequent bowel movements,116
tocilizumab,gastrointestinal disorder,116
tocilizumab,tooth infection,116
tofacitinib citrate,visual impairment,116
trastuzumab,metastases to central nervous system,116
treprostinil,oral discomfort,116
treprostinil,respiratory tract irritation,116
upadacitinib,diverticulitis,116
upadacitinib,psoriasis,116
vedolizumab,oral candidiasis,116
vedolizumab,proctitis ulcerative,116
vedolizumab,tooth disorder,116
venetoclax,neutrophil count decreased,116
zoledronic acid,dizziness,116
abatacept,abdominal pain,115
alendronate sodium,sinusitis,115
amphetamine aspartate\amphetamine sulfate\dextroamphetamine saccharate\dextroamphetamine sulfate,anxiety,115
aripiprazole,drug interaction,115
axicabtagene ciloleucel,pyrexia,115
baclofen,toxicity to various agents,115
bimekizumab-bkzx,injection site swelling,115
brigatinib,photosensitivity reaction,115
calcium oxybate\magnesium oxybate\potassium oxybate\sodium oxybate,incorrect dose administered,115
celecoxib,contusion,115
celecoxib,gait inability,115
celecoxib,weight increased,115
cetirizine hydrochloride,therapeutic response unexpected,115
corticotropin,injection site mass,115
corticotropin,visual impairment,115
cyclosporine,drug interaction,115
denosumab,tooth disorder,115
diclofenac,vomiting,115
diclofenac sodium,type 2 diabetes mellitus,115
dupilumab,device defective,115
esketamine,incorrect dose administered by device,115
evolocumab,blood glucose increased,115
foscarbidopa\foslevodopa,dizziness,115
fruquintinib,drug ineffective,115
golimumab,sinusitis,115
human immunoglobulin g,hand fracture,115
ibuprofen,drug effective for unapproved indication,115
icatibant acetate,injection site haemorrhage,115
infliximab,blood pressure systolic increased,115
infliximab,psoriatic arthropathy,115
infliximab-dyyb,inflammation,115
irinotecan hydrochloride,asthenia,115
lenalidomide,herpes zoster,115
levonorgestrel,headache,115
lorlatinib,dyspnoea,115
methotrexate,discomfort,115
methotrexate,myelosuppression,115
mycophenolate mofetil,parvovirus b19 infection,115
naltrexone,wrong technique in product usage process,115
nemolizumab-ilto,urticaria,115
omalizumab,contusion,115
omalizumab,infection,115
omalizumab,sensitivity to weather change,115
onabotulinumtoxina,botulism,115
pegvaliase-pqpz,off label use,115
pimavanserin tartrate,dementia with lewy bodies,115
pimavanserin tartrate,vomiting,115
pomalidomide,infection,115
ribociclib succinate,decreased appetite,115
rituximab,blood pressure diastolic decreased,115
ruxolitinib,somnolence,115
ruxolitinib,vomiting,115
secukinumab,gastrooesophageal reflux disease,115
secukinumab,night sweats,115
semaglutide,dry mouth,115
somatropin,fatigue,115
teduglutide,kidney infection,115
teduglutide,lethargy,115
teduglutide,malabsorption,115
tirzepatide,pulmonary embolism,115
tofacitinib citrate,pyrexia,115
treprostinil,ageusia,115
treprostinil,blood iron decreased,115
tucatinib,diarrhoea,115
upadacitinib,ileostomy,115
vedolizumab,coeliac disease,115
vedolizumab,skin discolouration,115
vedolizumab,stoma complication,115
velaglucerase alfa,seizure,115
venlafaxine hydrochloride,dizziness,115
.alpha.1-proteinase inhibitor human,device issue,114
adalimumab,herpes zoster,114
adalimumab-adaz,injection site pain,114
alendronate sodium,gait inability,114
amlodipine besylate,pneumonia,114
atezolizumab,decreased appetite,114
atorvastatin,drug ineffective,114
belimumab,condition aggravated,114
bimekizumab,nausea,114
budesonide\formoterol fumarate dihydrate,device defective,114
budesonide\formoterol\glycopyrronium,device delivery system issue,114
cannabidiol,weight decreased,114
celecoxib,abdominal pain upper,114
celecoxib,chest pain,114
dapagliflozin,weight decreased,114
diclofenac sodium,peripheral swelling,114
dinutuximab,vomiting,114
dupilumab,eosinophilia,114
dupilumab,injection site nodule,114
durvalumab,interstitial lung disease,114
eculizumab,pyrexia,114
empagliflozin,dizziness,114
human immunoglobulin g,musculoskeletal chest pain,114
human immunoglobulin g,renal failure,114
human immunoglobulin g\hyaluronidase (human recombinant),body height decreased,114
hydroxychloroquine,drug ineffective,114
icatibant acetate,blood pressure abnormal,114
idursulfase,hypokinesia,114
idursulfase,salivary hypersecretion,114
infliximab,abdominal distension,114
infliximab,general physical health deterioration,114
infliximab-dyyb,dehydration,114
ixekizumab,product dose omission issue,114
lamotrigine,off label use,114
mepolizumab,productive cough,114
mycophenolate mofetil,bk virus infection,114
mycophenolic acid,drug ineffective,114
nintedanib,pulmonary fibrosis,114
nivolumab,pyrexia,114
ofatumumab,diarrhoea,114
prednisone,therapy non-responder,114
pregabalin,paraesthesia,114
pregabalin,substance abuse,114
ravulizumab-cwvz,diplopia,114
relugolix,diabetes mellitus,114
relugolix,hepatic enzyme increased,114
rituximab,impaired healing,114
rituximab-pvvr,product use issue,114
teduglutide,arthropod bite,114
tirzepatide,gastritis,114
tocilizumab,joint range of motion decreased,114
tofacitinib citrate,oropharyngeal pain,114
tofacitinib citrate,weight decreased,114
treprostinil,ear discomfort,114
treprostinil,oral pain,114
treprostinil sodium,vomiting,114
vedolizumab,increased tendency to bruise,114
velaglucerase alfa,balance disorder,114
velaglucerase alfa,blood iron decreased,114
velaglucerase alfa,off label use,114
abatacept,musculoskeletal pain,113
abatacept,"sleep disorder due to general medical condition, insomnia type",113
acalabrutinib,asthenia,113
acetaminophen,coagulopathy,113
adalimumab,foot deformity,113
adalimumab,pyoderma gangrenosum,113
adalimumab,vision blurred,113
amlodipine besylate,non-cardiogenic pulmonary oedema,113
atezolizumab,asthenia,113
benralizumab,cerebrovascular accident,113
brigatinib,dizziness,113
budesonide,cough,113
budesonide\formoterol\glycopyrronium,chronic obstructive pulmonary disease,113
calcium oxybate\magnesium oxybate\potassium oxybate\sodium oxybate,paraesthesia,113
carbidopa\levodopa,stoma site erythema,113
certolizumab pegol,road traffic accident,113
certolizumab pegol,therapeutic product effect decreased,113
clozapine,chest pain,113
copper,complication associated with device,113
corticotropin,increased appetite,113
diclofenac,hypersensitivity,113
diclofenac,peripheral swelling,113
diroximel fumarate,hot flush,113
durvalumab,pneumonitis,113
enfortumab vedotin-ejfv,weight decreased,113
esomeprazole magnesium,malaise,113
fingolimod hydrochloride,multiple sclerosis relapse,113
flutemetamol f-18,flushing,113
guselkumab,headache,113
human immunoglobulin g,heart rate abnormal,113
human immunoglobulin g,hypoacusis,113
human immunoglobulin g,medication error,113
human immunoglobulin g,paranasal sinus hypersecretion,113
icatibant acetate,chest injury,113
icatibant acetate,epilepsy,113
icatibant acetate,panic attack,113
icatibant acetate,pharyngitis,113
icatibant acetate,rhinorrhoea,113
idursulfase,needle issue,113
infliximab,systemic lupus erythematosus,113
lanadelumab,pruritus,113
leflunomide,systemic lupus erythematosus,113
lidocaine,drug ineffective,113
metformin hydrochloride,gastrointestinal disorder,113
methotrexate,contraindicated product administered,113
nemolizumab-ilto,injection site haemorrhage,113
nicotine,product adhesion issue,113
ofatumumab,condition aggravated,113
olaparib,dizziness,113
omalizumab,gastrointestinal disorder,113
omalizumab,product complaint,113
paclitaxel,back pain,113
palbociclib,blood glucose increased,113
palbociclib,neuropathy peripheral,113
pancrelipase amylase\pancrelipase lipase\pancrelipase protease,pancreaticoduodenectomy,113
pomalidomide,joint swelling,113
rifaximin,insurance issue,113
risankizumab-rzaa,colitis ulcerative,113
rituximab,depression,113
rituximab,muscle injury,113
sodium oxybate,blood pressure increased,113
sodium oxybate,pain,113
teduglutide,blood electrolytes decreased,113
teduglutide,blood sodium decreased,113
teduglutide,cystitis,113
teduglutide,product reconstitution quality issue,113
tezepelumab-ekko,pneumonia,113
tirzepatide,gait disturbance,113
tirzepatide,lipase increased,113
trametinib dimethyl sulfoxide,pyrexia,113
treprostinil,exercise tolerance decreased,113
treprostinil,viral infection,113
treprostinil sodium,pain,113
upadacitinib,feeling abnormal,113
vedolizumab,ageusia,113
vedolizumab,angina pectoris,113
vedolizumab,colorectal adenoma,113
vedolizumab,laryngitis,113
vedolizumab,soft tissue inflammation,113
velaglucerase alfa,jaundice,113
velaglucerase alfa,oxygen saturation decreased,113
venlafaxine hydrochloride,withdrawal syndrome,113
vibegron,death,113
zoledronic acid,malignant neoplasm progression,113
zolpidem tartrate,drug dependence,113
abatacept,oedema,112
alendronate sodium,night sweats,112
amikacin,nausea,112
apixaban,pain in extremity,112
avapritinib,product dose omission issue,112
belimumab,injection site haemorrhage,112
benralizumab,chest discomfort,112
benralizumab,covid-19,112
brodalumab,psoriasis,112
budesonide,condition aggravated,112
cabozantinib s-malate,dysphonia,112
calcium oxybate\magnesium oxybate\potassium oxybate\sodium oxybate,nasopharyngitis,112
calcium oxybate\magnesium oxybate\potassium oxybate\sodium oxybate,pre-existing condition improved,112
calcium oxybate\magnesium oxybate\potassium oxybate\sodium oxybate,urinary tract infection,112
celecoxib,asthma,112
certolizumab pegol,bronchitis,112
certolizumab pegol,dry mouth,112
clopidogrel bisulfate,anaemia,112
daprodustat,hospitalisation,112
diazepam,drug dependence,112
diclofenac sodium,anti-cyclic citrullinated peptide antibody positive,112
docetaxel,lacrimation increased,112
dupilumab,lower respiratory tract infection,112
dupilumab,skin infection,112
efavirenz\emtricitabine\tenofovir disoproxil fumarate,tooth loss,112
emicizumab-kxwh,arthralgia,112
encorafenib,diarrhoea,112
encorafenib,fatigue,112
esketamine,device issue,112
etoposide,disease progression,112
fam-trastuzumab deruxtecan-nxki,decreased appetite,112
fluticasone propionate,product delivery mechanism issue,112
fulvestrant,arthralgia,112
golimumab,ankylosing spondylitis,112
guselkumab,injection site haemorrhage,112
human immunoglobulin g,crying,112
ibuprofen,somnolence,112
icatibant acetate,vision blurred,112
insulin aspart,drug ineffective,112
lamotrigine,seizure,112
lanadelumab,product dose omission in error,112
lanreotide acetate,malignant neoplasm progression,112
lanreotide acetate,pain,112
lenalidomide,swelling,112
leuprolide acetate,product preparation error,112
linaclotide,off label use,112
mepolizumab,bronchitis,112
mepolizumab,nausea,112
mesalamine,off label use,112
methotrexate,leukopenia,112
midodrine,suspected suicide attempt,112
nintedanib,arthralgia,112
nivolumab,pruritus,112
pomalidomide,sinusitis,112
ponatinib,pancreatitis,112
ripretinib,pain,112
risankizumab-rzaa,hypotension,112
risankizumab-rzaa,lung neoplasm malignant,112
rituximab,neutrophil count decreased,112
rituximab,productive cough,112
rituximab,upper respiratory tract infection,112
ruxolitinib,peripheral swelling,112
sarilumab,illness,112
secukinumab,therapeutic product effect incomplete,112
teduglutide,polyp,112
tirzepatide,no adverse event,112
trastuzumab,breast cancer metastatic,112
treprostinil,gout,112
upadacitinib,neck pain,112
vedolizumab,ankle fracture,112
vedolizumab,drug intolerance,112
vedolizumab,pericarditis,112
venetoclax,full blood count decreased,112
abatacept,prescribed overdose,111
abatacept,therapeutic product effect incomplete,111
adalimumab,hernia,111
adalimumab,renal failure,111
apremilast,loss of personal independence in daily activities,111
aripiprazole,psychotic disorder,111
carboplatin,decreased appetite,111
certolizumab pegol,paraesthesia,111
cetirizine hydrochloride,headache,111
clozapine,confusional state,111
corticotropin,swelling face,111
denosumab,pain in extremity,111
erenumab-aooe,therapy interrupted,111
esomeprazole magnesium,dizziness,111
foscarbidopa\foslevodopa,drug ineffective,111
foscarbidopa\foslevodopa,infusion site nodule,111
gabapentin,depressed level of consciousness,111
golimumab,covid-19,111
human immunoglobulin g,injection site reaction,111
idursulfase,choking,111
idursulfase,hypersomnia,111
infliximab,abdominal discomfort,111
infliximab,anal abscess,111
infliximab,anal fistula,111
ixazomib,product use issue,111
lebrikizumab-lbkz,injection site pain,111
levothyroxine sodium,arthralgia,111
macitentan,headache,111
metformin hydrochloride,blood lactic acid increased,111
methotrexate,helicobacter infection,111
methotrexate,sleep disorder,111
methotrexate sodium,drug intolerance,111
natalizumab,illness,111
nemolizumab-ilto,rash papular,111
nintedanib,covid-19,111
nintedanib,hypertension,111
ocrelizumab,memory impairment,111
ofatumumab,pruritus,111
pegfilgrastim,device use error,111
pembrolizumab,hospitalisation,111
pembrolizumab,sepsis,111
perfluorohexyloctane,inappropriate schedule of product administration,111
quetiapine fumarate,intentional overdose,111
relugolix,cardiac disorder,111
ribociclib,malignant neoplasm progression,111
rifampin,product use in unapproved indication,111
risankizumab-rzaa,arthropathy,111
rituximab,anti-cyclic citrullinated peptide antibody positive,111
rituximab,grip strength decreased,111
rituximab,joint range of motion decreased,111
rivaroxaban,gastrointestinal haemorrhage,111
ruxolitinib,product use issue,111
secukinumab,incorrect dose administered,111
semaglutide,atrial fibrillation,111
semaglutide,peripheral swelling,111
spironolactone,acute kidney injury,111
tadalafil,dizziness,111
teduglutide,food allergy,111
teduglutide,inflammation,111
teduglutide,limb discomfort,111
tocilizumab,bronchitis,111
tocilizumab,ear infection,111
tofacitinib citrate,abdominal pain upper,111
tofacitinib citrate,cerebrovascular accident,111
trastuzumab,asthenia,111
treprostinil,product administration interrupted,111
ustekinumab,headache,111
valganciclovir,drug ineffective,111
vedolizumab,dry mouth,111
vedolizumab,erythema nodosum,111
velaglucerase alfa,heart rate irregular,111
velaglucerase alfa,humerus fracture,111
velaglucerase alfa,oxygen saturation abnormal,111
velaglucerase alfa,respiratory rate decreased,111
velaglucerase alfa,sinus congestion,111
.alpha.1-proteinase inhibitor human,kidney infection,110
.alpha.1-proteinase inhibitor human,thrombosis,110
abatacept,fall,110
abatacept,therapeutic response decreased,110
abemaciclib,death,110
acalabrutinib,dizziness,110
acetaminophen,attention deficit hyperactivity disorder,110
acoltremon,vision blurred,110
adalimumab,exostosis,110
albuterol sulfate\budesonide,drug dose omission by device,110
albuterol sulfate\budesonide,incorrect dose administered,110
alendronate sodium,c-reactive protein increased,110
alendronate sodium,musculoskeletal pain,110
aripiprazole,akathisia,110
atezolizumab,anaemia,110
atezolizumab,hypothyroidism,110
axicabtagene ciloleucel,squamous cell carcinoma of skin,110
belimumab,hospitalisation,110
benralizumab,dizziness,110
burosumab-twza,inappropriate schedule of product administration,110
carfilzomib,death,110
carfilzomib,plasma cell myeloma,110
celecoxib,rheumatic fever,110
celecoxib,rheumatoid factor positive,110
certolizumab pegol,c-reactive protein increased,110
corticotropin,nasopharyngitis,110
diclofenac,synovitis,110
diclofenac sodium,duodenal ulcer perforation,110
diclofenac sodium,general physical health deterioration,110
dupilumab,diabetes mellitus,110
dupilumab,ear discomfort,110
dupilumab,eyelid rash,110
elexacaftor\ivacaftor\tezacaftor,insomnia,110
eltrombopag olamine,death,110
enfortumab vedotin-ejfv,dry mouth,110
escitalopram oxalate,anxiety,110
fenfluramine,ear infection,110
fulvestrant,pyrexia,110
human c1-esterase inhibitor,vomiting,110
human immunoglobulin g,irritability,110
human immunoglobulin g\hyaluronidase (human recombinant),obstruction,110
ibuprofen,overdose,110
ibuprofen,pruritus,110
idursulfase,anaphylactic reaction,110
idursulfase,aspiration,110
idursulfase,breath sounds abnormal,110
idursulfase,stress,110
infliximab,lower respiratory tract infection,110
infliximab-dyyb,injection site pain,110
infliximab-dyyb,migraine,110
infliximab-dyyb,musculoskeletal stiffness,110
istradefylline,product dose omission issue,110
lanadelumab,chest pain,110
lanadelumab,treatment noncompliance,110
lanreotide acetate,product dose omission issue,110
leflunomide,pemphigus,110
metformin hydrochloride,decreased appetite,110
mycophenolate mofetil,epstein-barr virus infection,110
oxaliplatin,pruritus,110
oxaliplatin,pyrexia,110
oxycodone hydrochloride,general physical health deterioration,110
ozanimod hydrochloride,fatigue,110
palbociclib,haematocrit decreased,110
prednisone,hyperglycaemia,110
pregabalin,constipation,110
pregabalin,suicidal ideation,110
ripretinib,incorrect dosage administered,110
risankizumab-rzaa,anxiety,110
rituximab,fibromyalgia,110
rituximab,white blood cell count decreased,110
sacubitril\valsartan,renal impairment,110
secukinumab,device delivery system issue,110
simvastatin,off label use,110
teduglutide,eye disorder,110
tofacitinib citrate,hip arthroplasty,110
tramadol,vomiting,110
trastuzumab,intentional product use issue,110
treprostinil,infusion site discolouration,110
vedolizumab,acute kidney injury,110
vedolizumab,basal cell carcinoma,110
vedolizumab,deafness,110
vedolizumab,eye infection,110
vedolizumab,eye irritation,110
velaglucerase alfa,epilepsy,110
venlafaxine hydrochloride,somnolence,110
vonoprazan fumarate,off label use,110
.alpha.1-proteinase inhibitor human,sinus congestion,109
.alpha.1-proteinase inhibitor human,somnolence,109
abaloparatide,migraine,109
abatacept,congenital anomaly,109
abatacept,lip dry,109
abatacept,muscular weakness,109
acalabrutinib,dyspnoea,109
adalimumab,ankylosing spondylitis,109
adalimumab,immunodeficiency,109
adalimumab,nail disorder,109
adalimumab,peripheral venous disease,109
adalimumab-aaty,therapy interrupted,109
albuterol,full blood count abnormal,109
albuterol sulfate,illness,109
alprazolam,intentional product misuse,109
ambrisentan,pneumonia,109
amikacin,weight decreased,109
amiodarone,hyperthyroidism,109
"antihemophilic factor, human recombinant",feeling hot,109
apixaban,pruritus,109
atorvastatin,malaise,109
bimekizumab-bkzx,injection site erythema,109
bimekizumab-bkzx,product distribution issue,109
cabotegravir,product dose omission issue,109
calcium oxybate\magnesium oxybate\potassium oxybate\sodium oxybate,covid-19,109
carbidopa\levodopa,somnolence,109
celecoxib,autoimmune disorder,109
celecoxib,malaise,109
celecoxib,prescribed overdose,109
cetirizine hydrochloride,overdose,109
clozapine,therapy cessation,109
corticotropin,back pain,109
diclofenac sodium,intentional product use issue,109
diclofenac sodium,weight increased,109
estradiol\norethindrone acetate,application site irritation,109
fenfluramine,dehydration,109
fenfluramine,viral infection,109
fentanyl,cardiac arrest,109
furosemide,condition aggravated,109
guselkumab,psoriatic arthropathy,109
human c1-esterase inhibitor,nausea,109
human immunoglobulin g,stomatitis,109
human immunoglobulin g\hyaluronidase (human recombinant),constipation,109
human immunoglobulin g\hyaluronidase (human recombinant),gait disturbance,109
icatibant acetate,biliary colic,109
icatibant acetate,concussion,109
icatibant acetate,hyperhidrosis,109
icatibant acetate,skin laceration,109
idursulfase,gastrointestinal disorder,109
imatinib,drug resistance,109
lanadelumab,incorrect dose administered,109
lenalidomide,confusional state,109
levofloxacin,pain in extremity,109
lopinavir\ritonavir,neurodevelopmental disorder,109
lorlatinib,asthenia,109
mepolizumab,dyspnoea exertional,109
methotrexate,erythema,109
minoxidil,product container issue,109
mycophenolate mofetil,renal impairment,109
nirsevimab,drug ineffective,109
octreotide acetate,product storage error,109
olaparib,dyspnoea,109
omalizumab,influenza like illness,109
omalizumab,viral infection,109
palbociclib,blood pressure increased,109
pancrelipase amylase\pancrelipase lipase\pancrelipase protease,illness,109
pembrolizumab,headache,109
pembrolizumab,leukopenia,109
perflutren,dyspnoea,109
ponatinib,vision blurred,109
quetiapine,coma,109
relugolix,blood pressure abnormal,109
relugolix,heart rate increased,109
riociguat,hypotension,109
risankizumab-rzaa,gait inability,109
rituximab,diffuse large b-cell lymphoma,109
rituximab,gastrooesophageal reflux disease,109
rituximab,tachycardia,109
rivaroxaban,product dose omission issue,109
rosuvastatin calcium,rhabdomyolysis,109
ruxolitinib,haemorrhage,109
ruxolitinib,skin cancer,109
sacubitril\valsartan,blood pressure decreased,109
sarilumab,pneumonia,109
selinexor,vomiting,109
sparsentan,abdominal discomfort,109
teduglutide,hypoaesthesia,109
teduglutide,injury associated with device,109
tirzepatide,blood glucose abnormal,109
tirzepatide,cerebrovascular accident,109
tocilizumab,discomfort,109
tocilizumab,impaired healing,109
trastuzumab,malignant neoplasm progression,109
treprostinil,therapeutic response decreased,109
treprostinil sodium,death,109
upadacitinib,cardiac disorder,109
upadacitinib,gait inability,109
vedolizumab,inflammatory marker increased,109
vedolizumab,renal cyst,109
vedolizumab,renal disorder,109
zoledronic acid,neutropenia,109
.alpha.1-proteinase inhibitor human,urticaria,108
abaloparatide,injection site reaction,108
abatacept,insurance issue,108
adalimumab,prescribed overdose,108
adalimumab-adaz,drug dose omission by device,108
adalimumab-fkjp,inappropriate schedule of product administration,108
amikacin,headache,108
aripiprazole lauroxil,off label use,108
avacopan,pneumonia,108
brigatinib,lung neoplasm malignant,108
calcium oxybate\magnesium oxybate\potassium oxybate\sodium oxybate,hypertension,108
calcium oxybate\magnesium oxybate\potassium oxybate\sodium oxybate,somnambulism,108
celecoxib,lower limb fracture,108
celecoxib,"sleep disorder due to general medical condition, insomnia type",108
cenegermin-bkbj,drug ineffective,108
certolizumab pegol,muscle spasms,108
ciltacabtagene autoleucel,adverse event,108
ciprofloxacin,paraesthesia,108
clozapine,weight increased,108
cytarabine\daunorubicin,pyrexia,108
denosumab,fatigue,108
diclofenac,pemphigus,108
esomeprazole,hypomagnesaemia,108
evolocumab,nausea,108
fluorouracil,nausea,108
fluticasone furoate\umeclidinium bromide\vilanterol trifenatate,overdose,108
fluticasone furoate\vilanterol trifenatate,drug ineffective,108
human immunoglobulin g,skin ulcer,108
icatibant acetate,injection site reaction,108
icatibant acetate,sensitive skin,108
infliximab,illness,108
infliximab,incorrect drug administration rate,108
infliximab-dyyb,colitis ulcerative,108
infliximab-dyyb,feeling abnormal,108
insulin glargine,illness,108
isotretinoin,abortion induced,108
lanadelumab,off label use,108
lanadelumab,viral infection,108
lisdexamfetamine dimesylate,depression,108
methotrexate,blood cholesterol increased,108
methotrexate,ill-defined disorder,108
methotrexate,respiratory failure,108
nintedanib,chest pain,108
nintedanib,illness,108
nivolumab,immune-mediated lung disease,108
ofatumumab,limb discomfort,108
oxaliplatin,asthenia,108
palbociclib,bone pain,108
pancrelipase amylase\pancrelipase lipase\pancrelipase protease,hospitalisation,108
pembrolizumab,radiotherapy,108
pembrolizumab,white blood cell count decreased,108
pomalidomide,laboratory test abnormal,108
prednisone,vomiting,108
relugolix,glycosylated haemoglobin increased,108
ribociclib,metastases to bone,108
rilpivirine,viral load increased,108
risankizumab-rzaa,rash macular,108
rituximab-pvvr,blood pressure fluctuation,108
rituximab-pvvr,pain,108
ruxolitinib,flatulence,108
ruxolitinib,haemoglobin increased,108
sodium chloride,neutrophil count decreased,108
sodium citrate,paraesthesia,108
teduglutide,cerebrovascular accident,108
teduglutide,pancreatitis,108
teduglutide,respiratory rate decreased,108
teduglutide,systemic lupus erythematosus,108
teriparatide,fatigue,108
testosterone,no adverse event,108
tofacitinib citrate,mobility decreased,108
tolvaptan,dry mouth,108
treprostinil,blood pressure systolic decreased,108
treprostinil,device electrical finding,108
trofinetide,gastroenteritis viral,108
vedolizumab,skin lesion,108
velaglucerase alfa,nephrolithiasis,108
velaglucerase alfa,product temperature excursion issue,108
abemaciclib,abdominal pain,107
acalabrutinib,diarrhoea,107
aflibercept,vision blurred,107
alendronate sodium,prescribed overdose,107
amikacin,diarrhoea,107
amoxicillin,rash,107
amphetamine aspartate\amphetamine sulfate\dextroamphetamine saccharate\dextroamphetamine sulfate,somnolence,107
"antihemophilic factor, human recombinant",urinary tract infection,107
atezolizumab,rash,107
avapritinib,rash,107
belimumab,incorrect dose administered,107
bimekizumab-bkzx,injection site pruritus,107
budesonide\formoterol\glycopyrrolate,feeling abnormal,107
bupropion hydrochloride\naltrexone hydrochloride,anxiety,107
calcium chloride\dextrose\magnesium chloride\sodium chloride\sodium lactate,dyspnoea,107
carbidopa\levodopa,pain,107
carboplatin,neoplasm progression,107
celecoxib,pneumonia,107
certolizumab pegol,bursitis,107
ciprofloxacin,myalgia,107
corticotropin,pruritus,107
corticotropin,sensitivity to weather change,107
dapagliflozin,fatigue,107
dapagliflozin propanediol,fungal infection,107
diclofenac sodium,arthropathy,107
diphenhydramine hydrochloride,toxicity to various agents,107
empagliflozin,off label use,107
etanercept,accidental exposure to product,107
evolocumab,ill-defined disorder,107
foscarbidopa\foslevodopa,somnolence,107
fruquintinib,proteinuria,107
human c1-esterase inhibitor,nasopharyngitis,107
human immunoglobulin g,gallbladder disorder,107
human immunoglobulin g\hyaluronidase (human recombinant),drug ineffective,107
icatibant acetate,hypersensitivity,107
icatibant acetate,injection site erythema,107
idursulfase,tonsillitis,107
imatinib,pleural effusion,107
infliximab,nasal congestion,107
infliximab,sepsis,107
infliximab-dyyb,hypotension,107
insulin glargine,blood glucose abnormal,107
interferon beta-1a,fall,107
interferon beta-1a,fatigue,107
lanadelumab,feeling abnormal,107
lenacapavir sodium,injection site pain,107
lenalidomide,pancytopenia,107
levetiracetam,headache,107
levothyroxine sodium,eye pruritus,107
lorlatinib,haemoglobin decreased,107
methotrexate,wheezing,107
nintedanib,dyspepsia,107
nivolumab,pneumonia,107
ocrelizumab,rash,107
ofatumumab,migraine,107
olanzapine,drug interaction,107
olaparib,malaise,107
omalizumab,eye swelling,107
omalizumab,throat irritation,107
ondansetron,urinary tract infection,107
osimertinib,cough,107
osimertinib,dizziness,107
osimertinib,product dose omission issue,107
palbociclib,blood creatinine increased,107
palbociclib,infection,107
ponatinib,abdominal pain,107
ponatinib,chronic myeloid leukaemia,107
prednisone,pain,107
ravulizumab-cwvz,dysphagia,107
ravulizumab-cwvz,nasopharyngitis,107
rituximab-abbs,intentional dose omission,107
rituximab-pvvr,hypertension,107
secukinumab,asthma,107
secukinumab,contusion,107
sodium oxybate,terminal insomnia,107
sodium oxybate,tremor,107
tafamidis,fall,107
teduglutide,drug effect less than expected,107
tezepelumab-ekko,pain,107
ticagrelor,myocardial infarction,107
tirzepatide,urinary tract infection,107
tocilizumab,paraesthesia,107
tofacitinib citrate,stress,107
tolvaptan,nausea,107
treprostinil,cataract,107
treprostinil,upper-airway cough syndrome,107
vedolizumab,intestinal perforation,107
vedolizumab,staphylococcal infection,107
vedolizumab,suspected covid-19,107
velaglucerase alfa,swelling face,107
velaglucerase alfa,weight abnormal,107
venetoclax,pain,107
zilucoplan,injection site pain,107
zoledronic acid,metastases to bone,107
.alpha.1-proteinase inhibitor human,ear infection,106
abatacept,prescribed underdose,106
acalabrutinib,pneumonia,106
adalimumab-adaz,inappropriate schedule of product administration,106
adalimumab-adaz,malaise,106
alendronate sodium,grip strength decreased,106
amikacin,oropharyngeal pain,106
amikacin,unevaluable event,106
amiodarone,cornea verticillata,106
aripiprazole,malaise,106
avapritinib,swelling face,106
benralizumab,chronic obstructive pulmonary disease,106
budesonide,wheezing,106
budesonide\formoterol fumarate,device issue,106
cabozantinib s-malate,skin ulcer,106
carbidopa\levodopa,cognitive disorder,106
certolizumab pegol,injection site swelling,106
certolizumab pegol,joint range of motion decreased,106
certolizumab pegol,oropharyngeal pain,106
certolizumab pegol,weight decreased,106
clozapine,dyspnoea,106
clozapine,sepsis,106
collagenase clostridium histolyticum,death,106
collagenase clostridium histolyticum,fracture of penis,106
dapagliflozin,dehydration,106
diclofenac sodium,blister,106
docetaxel,vomiting,106
dupilumab,pemphigoid,106
durvalumab,decreased appetite,106
durvalumab,immune-mediated hepatic disorder,106
eculizumab,haemoglobin decreased,106
eculizumab,myasthenia gravis,106
esomeprazole magnesium,pain,106
fentanyl,wrong technique in product usage process,106
fluticasone furoate\umeclidinium bromide\vilanterol trifenatate,product use in unapproved indication,106
fruquintinib,arthralgia,106
fulvestrant,dizziness,106
human immunoglobulin g,drug ineffective for unapproved indication,106
human immunoglobulin g,infusion site induration,106
human immunoglobulin g\hyaluronidase (human recombinant),kidney infection,106
icatibant acetate,speech disorder,106
incobotulinumtoxina,off label use,106
infliximab,drug hypersensitivity,106
infliximab,therapeutic response decreased,106
infliximab-dyyb,body temperature decreased,106
infliximab-dyyb,c-reactive protein increased,106
insulin glargine,hypoglycaemia,106
irinotecan hydrochloride,vomiting,106
istradefylline,death,106
laronidase,pyrexia,106
lenalidomide,full blood count abnormal,106
letrozole,anaemia,106
leuprolide acetate,constipation,106
levetiracetam,dizziness,106
mepolizumab,hypersensitivity,106
metformin hydrochloride,blood glucose increased,106
methotrexate,liver injury,106
methotrexate,muscular weakness,106
methotrexate,type 2 diabetes mellitus,106
montelukast sodium,asthma,106
nintedanib,blood pressure increased,106
nivolumab,vomiting,106
ocrelizumab,muscle spasms,106
ofatumumab,rash,106
ofatumumab,rhinorrhoea,106
pacritinib,fatigue,106
perfluorohexyloctane,product use issue,106
perfluorohexyloctane,vision blurred,106
pexidartinib hydrochloride,nausea,106
pomalidomide,alopecia,106
pregabalin,chest pain,106
ravulizumab-cwvz,platelet count decreased,106
relugolix,paraesthesia,106
ribociclib,diarrhoea,106
risankizumab-rzaa,cholelithiasis,106
rituximab,night sweats,106
semaglutide,hypoaesthesia,106
sertraline hydrochloride,intentional self-injury,106
sodium citrate,hypoaesthesia,106
sparsentan,renal impairment,106
tarlatamab-dlle,immune effector cell-associated neurotoxicity syndrome,106
tazemetostat hydrobromide,fatigue,106
teduglutide,device breakage,106
tocilizumab,confusional state,106
tocilizumab,psoriatic arthropathy,106
tocilizumab,type 2 diabetes mellitus,106
tofacitinib citrate,blood pressure increased,106
treprostinil,infusion site inflammation,106
treprostinil,neoplasm malignant,106
treprostinil,respiration abnormal,106
treprostinil sodium,hypotension,106
vedolizumab,cardiac failure congestive,106
vedolizumab,hypothyroidism,106
vedolizumab,sleep apnoea syndrome,106
.alpha.1-proteinase inhibitor human,atrial fibrillation,105
abatacept,dyspepsia,105
abatacept,paraesthesia,105
abemaciclib,abdominal discomfort,105
adalimumab-adaz,abdominal pain,105
alendronate sodium,c-reactive protein abnormal,105
alprazolam,poisoning deliberate,105
anastrozole,nausea,105
apixaban,subdural haematoma,105
azelastine hydrochloride,no adverse event,105
belimumab,rash,105
brivaracetam,therapy interrupted,105
cabotegravir,off label use,105
calcium carbonate,rheumatoid arthritis,105
calcium oxybate\magnesium oxybate\potassium oxybate\sodium oxybate,diarrhoea,105
calcium oxybate\magnesium oxybate\potassium oxybate\sodium oxybate,drug effect less than expected,105
carboxymethylcellulose sodium\glycerin,product container issue,105
celecoxib,decreased appetite,105
celecoxib,sciatica,105
certolizumab pegol,dyspepsia,105
certolizumab pegol,wound infection,105
cladribine,multiple sclerosis,105
clozapine,incorrect dose administered,105
copper,ovarian cyst,105
copper,unevaluable event,105
corticotropin,weight decreased,105
dexamethasone,fatigue,105
diazepam,off label use,105
diclofenac,weight increased,105
diclofenac sodium,musculoskeletal stiffness,105
diroximel fumarate,abdominal pain upper,105
donor human stool spores (ethanol treated),clostridium difficile infection,105
enfortumab vedotin-ejfv,alopecia,105
enfortumab vedotin-ejfv,pain,105
etanercept,nasopharyngitis,105
evolocumab,cerebrovascular accident,105
evolocumab,injection site swelling,105
fenfluramine,nausea,105
human immunoglobulin g,allergy to arthropod bite,105
human immunoglobulin g,disturbance in attention,105
human immunoglobulin g,joint dislocation,105
human immunoglobulin g\hyaluronidase (human recombinant),visual impairment,105
idursulfase,oedema peripheral,105
infliximab-dyyb,blood pressure decreased,105
infliximab-dyyb,faecal calprotectin increased,105
infliximab-dyyb,psoriasis,105
infliximab-dyyb,pyoderma gangrenosum,105
lanadelumab,limb injury,105
lanadelumab,rash,105
lenalidomide,adverse drug reaction,105
lenvatinib,hepatic function abnormal,105
levothyroxine sodium,chest pain,105
lorlatinib,oedema peripheral,105
lutetium lu-177 vipivotide tetraxetan,ill-defined disorder,105
mavacamten,fatigue,105
measles virus strain enders^ attenuated edmonston live antigen\mumps virus strain b level jeryl lynn live antigen\rubella virus strain wistar ra 27/3 live antigen,pyrexia,105
methotrexate,hepatic cirrhosis,105
methotrexate,injury,105
methotrexate,overdose,105
methotrexate sodium,rash,105
mycophenolate mofetil,colitis,105
natalizumab,inappropriate schedule of product administration,105
neratinib,diarrhoea,105
ocrelizumab,mobility decreased,105
olaparib,disease progression,105
olaparib,interstitial lung disease,105
omalizumab,body temperature decreased,105
osimertinib,neoplasm malignant,105
paclitaxel,diarrhoea,105
pembrolizumab,no adverse event,105
perflutren,muscle spasms,105
ponatinib,visual impairment,105
pregabalin,arthralgia,105
relugolix,dizziness postural,105
ribociclib succinate,platelet count decreased,105
ribociclib succinate,weight decreased,105
risankizumab-rzaa,diverticulitis,105
risankizumab-rzaa,prostate cancer,105
secukinumab,facet joint syndrome,105
secukinumab,nail disorder,105
teduglutide,blood glucose increased,105
teduglutide,gastroenteritis,105
teduglutide,infusion related reaction,105
teduglutide,sinus disorder,105
tezepelumab-ekko,device leakage,105
tofacitinib citrate,hypoaesthesia,105
tofacitinib citrate,upper respiratory tract infection,105
tofacitinib citrate,vomiting,105
trospium chloride\xanomeline,off label use,105
upadacitinib,immunodeficiency,105
vedolizumab,jaundice,105
vedolizumab,vascular access site pain,105
velaglucerase alfa,infusion site extravasation,105
venlafaxine hydrochloride,headache,105
abaloparatide,chest pain,104
acetaminophen,pruritus,104
adalimumab,incorrect dose administered,104
alendronate sodium,swollen joint count increased,104
ambrisentan,peripheral swelling,104
amlodipine besylate,asthma,104
"antihemophilic factor, human recombinant",nasal congestion,104
apalutamide,death,104
avacopan,therapy interrupted,104
bevacizumab,rash,104
bimekizumab-bkzx,product use issue,104
budesonide\formoterol\glycopyrrolate,malaise,104
cabozantinib,diarrhoea,104
cabozantinib s-malate,dry skin,104
cannabidiol,drug ineffective,104
cannabidiol,pneumonia,104
capecitabine,drug ineffective,104
carbidopa\levodopa,speech disorder,104
celecoxib,stomatitis,104
celecoxib,swollen joint count increased,104
certolizumab pegol,asthma,104
cladribine,lower respiratory tract infection,104
denosumab,hospitalisation,104
diclofenac,discomfort,104
diclofenac,urticaria,104
elexacaftor\ivacaftor\tezacaftor,weight increased,104
empagliflozin,nausea,104
eptinezumab-jjmr,fatigue,104
fenfluramine,balance disorder,104
fluticasone propionate\salmeterol xinafoate,device malfunction,104
guselkumab,drug delivery system malfunction,104
guselkumab,pain,104
human immunoglobulin g,gastrointestinal viral infection,104
human immunoglobulin g,infusion site discolouration,104
human immunoglobulin g,skin irritation,104
human immunoglobulin g,sputum discoloured,104
human immunoglobulin g\hyaluronidase (human recombinant),blood immunoglobulin g decreased,104
human immunoglobulin g\hyaluronidase (human recombinant),diverticulitis,104
human immunoglobulin g\hyaluronidase (human recombinant),neoplasm malignant,104
human immunoglobulin g\hyaluronidase (human recombinant),syncope,104
icatibant acetate,dysuria,104
icatibant acetate,urinary tract infection,104
idursulfase,sneezing,104
infliximab,heart rate increased,104
infliximab-dyyb,gastrointestinal disorder,104
ipilimumab,immune-mediated hepatic disorder,104
irinotecan hydrochloride,pyrexia,104
isatuximab,hypoproteinaemia,104
lamotrigine,dizziness,104
lanadelumab,pregnancy,104
lanreotide acetate,decreased appetite,104
lenalidomide,muscular weakness,104
lenalidomide,skin exfoliation,104
leuprolide acetate,hypertension,104
levetiracetam,drug reaction with eosinophilia and systemic symptoms,104
levonorgestrel,fatigue,104
levothyroxine sodium,incorrect product administration duration,104
lisdexamfetamine dimesylate,disturbance in attention,104
lorlatinib,peripheral swelling,104
mepolizumab,rash,104
methotrexate,anti-cyclic citrullinated peptide antibody positive,104
methoxy polyethylene glycol-epoetin beta,haemoglobin decreased,104
mycophenolate mofetil,disease progression,104
ocrelizumab,oropharyngeal pain,104
pimavanserin tartrate,inappropriate schedule of product administration,104
ponatinib,cardiac disorder,104
prednisone,nausea,104
ravulizumab-cwvz,eyelid ptosis,104
ravulizumab-cwvz,symptom recurrence,104
relugolix,gynaecomastia,104
relugolix,hypersensitivity,104
relugolix,neuropathy peripheral,104
relugolix,prostate cancer,104
ribociclib succinate,constipation,104
risankizumab-rzaa,abscess,104
risankizumab-rzaa,depression,104
rituximab,pancytopenia,104
ruxolitinib,haemoglobin abnormal,104
sotatercept,headache,104
teduglutide,blood potassium increased,104
teduglutide,dysuria,104
teduglutide,food poisoning,104
teduglutide,hiccups,104
tenofovir disoproxil,drug ineffective,104
tirzepatide,blindness,104
tirzepatide,brain fog,104
tocilizumab,pemphigus,104
trastuzumab,vomiting,104
treprostinil,device use issue,104
upadacitinib,cerebrovascular accident,104
upadacitinib,chills,104
upadacitinib,mobility decreased,104
upadacitinib,road traffic accident,104
vedolizumab,bacteraemia,104
vedolizumab,gait inability,104
vedolizumab,neurogenic shock,104
vedolizumab,pustule,104
vedolizumab,wheezing,104
velaglucerase alfa,product distribution issue,104
.alpha.1-proteinase inhibitor human,decreased appetite,103
.alpha.1-proteinase inhibitor human,obstruction,103
abaloparatide,decreased appetite,103
abatacept,foetal exposure during pregnancy,103
abatacept,obesity,103
acetaminophen,alanine aminotransferase increased,103
acetaminophen,asthenia,103
adalimumab,medication error,103
adalimumab-afzb,arthralgia,103
albuterol sulfate,product delivery mechanism issue,103
amikacin,asthenia,103
amiodarone hydrochloride,drug ineffective,103
"antihemophilic factor, human recombinant",hand fracture,103
"antihemophilic factor, human recombinant",hypersensitivity,103
"antihemophilic factor, human recombinant",off label use,103
aripiprazole,headache,103
atezolizumab,hypertension,103
atorvastatin,pain,103
cabozantinib s-malate,headache,103
calcium carbonate,vomiting,103
calcium chloride\dextrose\magnesium chloride\sodium chloride\sodium lactate,asthenia,103
carfilzomib,hypertension,103
cenegermin-bkbj,product administration error,103
certolizumab pegol,blood cholesterol increased,103
cladribine,urinary tract infection,103
corticotropin,muscle spasms,103
cyclosporine,rash,103
dasatinib,pleural effusion,103
dinutuximab,hypoxia,103
dupilumab,cardiac failure congestive,103
dupilumab,emotional disorder,103
enzalutamide,hot flush,103
escitalopram oxalate,fatigue,103
fenfluramine,influenza,103
fentanyl,prescription drug used without a prescription,103
ferric carboxymaltose,hypophosphataemia,103
fluorouracil,neutropenia,103
foscarbidopa\foslevodopa,"hallucination, visual",103
human immunoglobulin g,blood immunoglobulin a decreased,103
human immunoglobulin g,bone pain,103
human immunoglobulin g,urinary incontinence,103
human immunoglobulin g\hyaluronidase (human recombinant),candida infection,103
human immunoglobulin g\hyaluronidase (human recombinant),device occlusion,103
hydrocodone bitartrate,drug diversion,103
ibrutinib,surgery,103
icatibant acetate,muscle strain,103
idursulfase,abdominal hernia,103
idursulfase,catheter site discolouration,103
idursulfase,middle ear effusion,103
inclisiran sodium,injection site pain,103
infliximab-dyyb,feeling hot,103
insulin glargine,device defective,103
ixazomib,tremor,103
lamotrigine,stevens-johnson syndrome,103
lenalidomide,oropharyngeal pain,103
lisdexamfetamine dimesylate,product substitution issue,103
lutetium lu-177 vipivotide tetraxetan,malignant neoplasm progression,103
metformin hydrochloride,glycosylated haemoglobin increased,103
methotrexate,asthma,103
methotrexate,neurotoxicity,103
mycophenolate mofetil,urinary tract infection,103
natalizumab,death,103
nintedanib,insomnia,103
norgestrel,polymenorrhoea,103
olaparib,platelet count decreased,103
omalizumab,chills,103
osimertinib,metastases to meninges,103
oxycodone hydrochloride,mental disorder,103
paclitaxel,pyrexia,103
palbociclib,abdominal discomfort,103
palbociclib,thrombocytopenia,103
palbociclib,weight increased,103
pregabalin,loss of consciousness,103
quetiapine fumarate,drug interaction,103
quetiapine fumarate,hypertension,103
quetiapine fumarate,overdose,103
ribociclib succinate,metastases to bone,103
risankizumab-rzaa,sinusitis,103
ruxolitinib,general physical health deterioration,103
secukinumab,ankylosing spondylitis,103
secukinumab,c-reactive protein abnormal,103
selumetinib,paronychia,103
semaglutide,disability,103
semaglutide,myocardial infarction,103
teduglutide,abdominal rigidity,103
teduglutide,large intestine polyp,103
tocilizumab,decreased appetite,103
tocilizumab,muscle spasms,103
trametinib dimethyl sulfoxide,product storage error,103
trofinetide,flatulence,103
upadacitinib,hip surgery,103
vedolizumab,heavy menstrual bleeding,103
velaglucerase alfa,pallor,103
abaloparatide,dyspnoea,102
abaloparatide,wrong technique in product usage process,102
abatacept,visual impairment,102
aceclidine hydrochloride,ocular hyperaemia,102
adalimumab,atrial fibrillation,102
adalimumab,disability,102
adalimumab,injection site bruising,102
albuterol sulfate\budesonide,asthma,102
alendronate sodium,exposure during pregnancy,102
alprazolam,anxiety,102
amikacin,pneumonia,102
anastrozole,fatigue,102
anastrozole,neutropenia,102
apremilast,depression,102
aripiprazole,vomiting,102
asfotase alfa,bone pain,102
bimekizumab,fall,102
brentuximab vedotin,white blood cell count decreased,102
budesonide\formoterol,asthma,102
bupropion hydrochloride,overdose,102
calcium chloride\dextrose\magnesium chloride\sodium chloride\sodium lactate,vomiting,102
carboxymethylcellulose sodium,cataract,102
celecoxib,c-reactive protein increased,102
celecoxib,deep vein thrombosis postoperative,102
certolizumab pegol,abortion spontaneous,102
certolizumab pegol,hospitalisation,102
cetirizine hydrochloride,hypersensitivity,102
denosumab,fracture,102
diclofenac,abdominal discomfort,102
diclofenac,asthenia,102
diclofenac,mobility decreased,102
diclofenac sodium,psoriatic arthropathy,102
diclofenac sodium,treatment failure,102
diclofenac sodium,urticaria,102
diroximel fumarate,white blood cell count decreased,102
donanemab-azbt,amyloid related imaging abnormalities,102
durvalumab,metastases to central nervous system,102
elacestrant,diarrhoea,102
fenfluramine,gastrointestinal disorder,102
fluorouracil,off label use,102
human c1-esterase inhibitor,maternal exposure during pregnancy,102
human immunoglobulin g,oral infection,102
human immunoglobulin g\hyaluronidase (human recombinant),blister,102
human immunoglobulin g\hyaluronidase (human recombinant),vision blurred,102
icatibant acetate,breast feeding,102
icatibant acetate,chills,102
icatibant acetate,myalgia,102
idursulfase,autism spectrum disorder,102
idursulfase,drug delivery system issue,102
infliximab,nephrolithiasis,102
isotretinoin,unintended pregnancy,102
ixazomib,anaemia,102
ixazomib,anxiety,102
leflunomide,psoriatic arthropathy,102
lenalidomide,vision blurred,102
lotilaner,therapy interrupted,102
methotrexate,duodenal ulcer perforation,102
methotrexate,liver disorder,102
methotrexate,lung disorder,102
methotrexate sodium,diarrhoea,102
miconazole nitrate,drug ineffective,102
nivolumab,weight decreased,102
ofatumumab,vision blurred,102
olaparib,headache,102
omalizumab,alopecia,102
onabotulinumtoxina,adverse drug reaction,102
onasemnogene abeparvovec-xioi,alanine aminotransferase increased,102
peginterferon beta-1a,drug delivery system malfunction,102
pembrolizumab,erythema,102
perfluorohexyloctane,circumstance or information capable of leading to medication error,102
perfluorohexyloctane,product delivery mechanism issue,102
ponatinib,blood glucose increased,102
ponatinib,myalgia,102
prabotulinumtoxina-xvfs,drug effect less than expected,102
prednisone,covid-19,102
prednisone,headache,102
relugolix,feeling of body temperature change,102
relugolix,increased appetite,102
riociguat,dyspnoea,102
rituximab,covid-19 pneumonia,102
rituximab,psoriatic arthropathy,102
rituximab-pvvr,blood pressure increased,102
rituximab-pvvr,death,102
sarilumab,infection,102
secukinumab,obesity,102
sodium oxybate,covid-19,102
sparsentan,abdominal pain upper,102
sparsentan,nasopharyngitis,102
tacrolimus,multiple organ dysfunction syndrome,102
tacrolimus,urinary tract infection,102
tazemetostat hydrobromide,off label use,102
teduglutide,disturbance in attention,102
teduglutide,spinal fracture,102
teprotumumab-trbw,alopecia,102
teprotumumab-trbw,physical disability,102
tezepelumab,wheezing,102
tislelizumab,diarrhoea,102
tislelizumab,dyspnoea,102
tocilizumab,injury,102
tofacitinib citrate,drug hypersensitivity,102
treprostinil,frequent bowel movements,102
ustekinumab,psoriasis,102
ustekinumab-stba,intentional product use issue,102
vedolizumab,bladder cancer,102
velaglucerase alfa,vision blurred,102
.alpha.1-proteinase inhibitor human,abdominal pain upper,101
abatacept,swollen joint count increased,101
acetaminophen,coma,101
adalimumab,back injury,101
adalimumab,feeling abnormal,101
adalimumab,foetal exposure during pregnancy,101
alendronate sodium,obesity,101
alendronate sodium,pulmonary fibrosis,101
antihemophilic factor human,extra dose administered,101
"antihemophilic factor, human recombinant",accident,101
"antihemophilic factor, human recombinant",weight decreased,101
atorvastatin calcium,myalgia,101
avapritinib,pain,101
baclofen,drug ineffective,101
brentuximab vedotin,death,101
brigatinib,back pain,101
brigatinib,vomiting,101
budesonide\formoterol fumarate,wrong technique in device usage process,101
buprenorphine hydrochloride\naloxone hydrochloride,tooth fracture,101
bupropion,seizure,101
cabozantinib s-malate,drug ineffective,101
calcium carbonate,fatigue,101
calcium carbonate,off label use,101
carboplatin,therapy partial responder,101
clopidogrel bisulfate,abdominal pain,101
coagulation factor ix recombinant human\isopropyl alcohol,haemarthrosis,101
corticotropin,multiple sclerosis relapse,101
cyclosporine,ocular discomfort,101
denosumab,back pain,101
dexamethasone,covid-19,101
diclofenac,pericarditis,101
diclofenac sodium,dizziness,101
diclofenac sodium,folliculitis,101
dupilumab,adverse drug reaction,101
efavirenz\emtricitabine\tenofovir disoproxil fumarate,osteonecrosis,101
esketamine,fatigue,101
esomeprazole,headache,101
etanercept-szzs,drug ineffective,101
evolocumab,unevaluable event,101
filgrastim,off label use,101
finasteride,libido decreased,101
flibanserin,drug ineffective,101
foscarbidopa\foslevodopa,loss of consciousness,101
human immunoglobulin g,device malfunction,101
human immunoglobulin g,rash papular,101
human immunoglobulin g\hyaluronidase (human recombinant),burning sensation,101
human immunoglobulin g\hyaluronidase (human recombinant),fluid retention,101
human immunoglobulin g\hyaluronidase (human recombinant),product storage error,101
icatibant acetate,nephrolithiasis,101
icatibant acetate,obesity,101
idursulfase,hearing aid user,101
idursulfase,hyperthermia,101
imatinib,nausea,101
infliximab,ankylosing spondylitis,101
infliximab-dyyb,dyspepsia,101
lenalidomide,alopecia,101
levothyroxine sodium,heart rate increased,101
maribavir,taste disorder,101
mepolizumab,underdose,101
metformin hydrochloride,abdominal pain upper,101
metformin hydrochloride,pain,101
methamphetamine,drug diversion,101
methotrexate,folliculitis,101
methotrexate,rheumatic fever,101
mometasone furoate monohydrate\olopatadine hydrochloride,device delivery system issue,101
montelukast,anxiety,101
mycophenolate mofetil,headache,101
nemolizumab-ilto,hypersensitivity,101
nintedanib,hepatic enzyme increased,101
phenytoin,drug ineffective,101
prednisone,asthenia,101
pregabalin,vomiting,101
relugolix,depressed mood,101
revumenib citrate,platelet count decreased,101
ripretinib,muscle spasms,101
risankizumab-rzaa,gastrointestinal sounds abnormal,101
rituximab,multiple organ dysfunction syndrome,101
rituximab,myelosuppression,101
sacubitril\valsartan,fatigue,101
sparsentan,asthenia,101
tacrolimus,infection,101
teduglutide,clostridium difficile infection,101
teduglutide,injection site urticaria,101
teprotumumab-trbw,injury,101
tocilizumab,depression,101
treprostinil,cerebrovascular accident,101
treprostinil,renal failure,101
upadacitinib,myocardial infarction,101
vedolizumab,haematuria,101
vedolizumab,hordeolum,101
vedolizumab,pleural effusion,101
vedolizumab,vascular device occlusion,101
venetoclax,cough,101
venetoclax,hospitalisation,101
.alpha.1-proteinase inhibitor human,infusion site bruising,100
abatacept,chest pain,100
adapalene,skin exfoliation,100
albuterol,product use in unapproved indication,100
alendronate sodium,chest pain,100
alendronate sodium,gait disturbance,100
amoxicillin,drug hypersensitivity,100
antihemophilic factor human,limb injury,100
apixaban,pain,100
bimekizumab,loss of personal independence in daily activities,100
budesonide,rash,100
calcium carbonate,drug ineffective,100
calcium oxybate\magnesium oxybate\potassium oxybate\sodium oxybate,restless legs syndrome,100
celecoxib,dyspepsia,100
celecoxib,memory impairment,100
certolizumab pegol,depression,100
clozapine,cellulitis,100
clozapine,urinary tract infection,100
corticotropin,death,100
cyclophosphamide,myelosuppression,100
cyclosporine,acute kidney injury,100
dapagliflozin,cardiac failure congestive,100
dapagliflozin,off label use,100
dapagliflozin,renal disorder,100
diclofenac,wheezing,100
diclofenac sodium,exposure during pregnancy,100
diclofenac sodium,hypoaesthesia,100
drospirenone,dysmenorrhoea,100
dupilumab,eating disorder,100
dupilumab,eczema eyelids,100
dupilumab,oedema peripheral,100
dupilumab,wrong technique in device usage process,100
efavirenz\emtricitabine\tenofovir disoproxil fumarate,bone loss,100
elapegademase-lvlr,stomatitis,100
elexacaftor\ivacaftor\tezacaftor,infective pulmonary exacerbation of cystic fibrosis,100
emicizumab-kxwh,head injury,100
emicizumab-kxwh,joint injury,100
eptinezumab-jjmr,pruritus,100
esomeprazole,tinnitus,100
fluconazole,drug interaction,100
fremanezumab-vfrm,inappropriate schedule of product administration,100
fulvestrant,malaise,100
gabapentin,constipation,100
givinostat,platelet count decreased,100
glatiramer acetate,multiple sclerosis relapse,100
human immunoglobulin g,dermatitis allergic,100
human immunoglobulin g,device leakage,100
human immunoglobulin g,infectious mononucleosis,100
human immunoglobulin g,secretion discharge,100
human immunoglobulin g\hyaluronidase (human recombinant),blood glucose decreased,100
icatibant acetate,oesophageal injury,100
idursulfase,dysphonia,100
idursulfase,gastroenteritis,100
idursulfase,suspected product quality issue,100
inclisiran sodium,pain in extremity,100
infliximab,anaphylactic reaction,100
infliximab,inflammation,100
leflunomide,pericarditis,100
leuprolide acetate,drug ineffective,100
levothyroxine sodium,hyperhidrosis,100
loratadine,extra dose administered,100
macitentan,pneumonia,100
mepolizumab,pyrexia,100
methylphenidate hydrochloride,product dose omission issue,100
mirtazapine,drug ineffective,100
omalizumab,eczema,100
omalizumab,pharyngeal swelling,100
omalizumab,sleep disorder,100
pacritinib,product dose omission issue,100
palbociclib,mean cell volume increased,100
pegvaliase-pqpz,rash,100
pembrolizumab,taste disorder,100
piperacillin sodium\tazobactam sodium,drug ineffective,100
ponatinib,hepatic enzyme increased,100
ponatinib,peripheral swelling,100
ravulizumab-cwvz,breakthrough haemolysis,100
ravulizumab-cwvz,weight decreased,100
risankizumab-rzaa,gastrointestinal inflammation,100
risankizumab-rzaa,musculoskeletal disorder,100
risperidone,drug interaction,100
rituximab,oedema peripheral,100
rituximab-pvvr,nasopharyngitis,100
ruxolitinib,alopecia,100
ruxolitinib,disease progression,100
sarilumab,dizziness,100
secukinumab,breast cancer stage iii,100
semaglutide,hypoglycaemia,100
semaglutide,myalgia,100
semaglutide,syncope,100
sodium oxybate,nephrolithiasis,100
sodium oxybate,sleep apnoea syndrome,100
sparsentan,decreased appetite,100
sparsentan,vomiting,100
teduglutide,blood phosphorus decreased,100
teduglutide,cataract,100
teduglutide,skin discolouration,100
teprotumumab-trbw,dizziness,100
testosterone cypionate,product dose omission issue,100
tiotropium bromide,dyspnoea,100
tirzepatide,alanine aminotransferase increased,100
tirzepatide,appendicitis,100
tirzepatide,dysphagia,100
tirzepatide,lymphadenopathy,100
tocilizumab,anti-cyclic citrullinated peptide antibody positive,100
tocilizumab,memory impairment,100
tocilizumab,osteoarthritis,100
treprostinil,respiratory disorder,100
treprostinil,spinal fracture,100
valacyclovir hydrochloride,drug ineffective,100
vedolizumab,alanine aminotransferase increased,100
vedolizumab,injury,100
vedolizumab,osteomyelitis,100
vedolizumab,stomal hernia,100
velaglucerase alfa,syncope,100
venetoclax,acute kidney injury,100
venetoclax,dyspnoea,100
venlafaxine hydrochloride,intentional overdose,100
zolpidem tartrate,suicide attempt,100
abaloparatide,peripheral swelling,99
abaloparatide,product use in unapproved indication,99
abaloparatide,tremor,99
abatacept,gastrooesophageal reflux disease,99
acetaminophen,confusional state,99
adalimumab,adverse event,99
adalimumab,pulmonary embolism,99
adalimumab,swollen joint count increased,99
adalimumab-fkjp,product dose omission issue,99
alendronate sodium,asthma,99
alendronate sodium,breast cancer stage iii,99
alteplase,no adverse event,99
amifampridine phosphate,condition aggravated,99
anastrozole,arthralgia,99
"antihemophilic factor, human recombinant",dizziness,99
"antihemophilic factor, human recombinant",joint warmth,99
"antihemophilic factor, human recombinant",upper respiratory tract infection,99
aripiprazole,nausea,99
asfotase alfa,back pain,99
asfotase alfa,dizziness,99
bimekizumab,diarrhoea,99
budesonide,pneumonia,99
calcium carbonate,pain,99
carbidopa\levodopa,device occlusion,99
celecoxib,discomfort,99
certolizumab pegol,injection site erythema,99
ciprofloxacin,anxiety,99
clozapine,dizziness,99
cyclophosphamide,thrombocytopenia,99
cyclosporine,renal impairment,99
deutetrabenazine,off label use,99
dexamethasone,no adverse event,99
dexamethasone,product use in unapproved indication,99
diclofenac sodium,helicobacter infection,99
dulaglutide,accidental overdose,99
dupilumab,exposure during pregnancy,99
dupilumab,nervousness,99
dupilumab,sinus operation,99
dupilumab,skin hyperpigmentation,99
durvalumab,hypothyroidism,99
eculizumab,malaise,99
encorafenib,serous retinal detachment,99
estradiol,circumstance or information capable of leading to device use error,99
"estrogens, conjugated",product prescribing error,99
fenfluramine,left ventricular hypertrophy,99
fulvestrant,thrombocytopenia,99
gemcitabine,neoplasm progression,99
human immunoglobulin g\hyaluronidase (human recombinant),balance disorder,99
ibuprofen,intentional product misuse,99
icatibant acetate,gastric polyps,99
icatibant acetate,mental disorder,99
idursulfase,coeliac disease,99
idursulfase,crohn's disease,99
idursulfase,device physical property issue,99
idursulfase,limb asymmetry,99
idursulfase,sensitivity to weather change,99
infliximab,peripheral swelling,99
infliximab-dyyb,ear infection,99
infliximab-dyyb,urticaria,99
insulin aspart,diabetes mellitus inadequate control,99
insulin aspart,product quality issue,99
lamotrigine,fatigue,99
lamotrigine,pyrexia,99
lanadelumab,poor venous access,99
leflunomide,contraindicated product administered,99
lenvatinib,dysphonia,99
mepolizumab,pain in extremity,99
metformin hydrochloride,hyperglycaemia,99
metformin hydrochloride,renal impairment,99
methotrexate,gait inability,99
methylprednisolone sodium succinate,drug ineffective,99
mycophenolate mofetil,drug interaction,99
mycophenolate mofetil,pneumocystis jirovecii pneumonia,99
natalizumab,progressive multifocal leukoencephalopathy,99
nintedanib,condition aggravated,99
ocrelizumab,insomnia,99
ocrelizumab,muscle spasticity,99
ofatumumab,brain fog,99
olaparib,white blood cell count decreased,99
omalizumab,general physical health deterioration,99
omalizumab,respiratory tract infection,99
omalizumab,skin plaque,99
pancrelipase amylase\pancrelipase lipase\pancrelipase protease,gastrointestinal disorder,99
pomalidomide,insomnia,99
pomalidomide,thrombosis,99
prednisone,cytomegalovirus infection,99
pregabalin,weight decreased,99
quetiapine,hypotension,99
relugolix,white blood cell count decreased,99
revumenib citrate,product dose omission issue,99
ribociclib succinate,abdominal discomfort,99
ripretinib,asthenia,99
risankizumab-rzaa,myalgia,99
rituximab,interstitial lung disease,99
rituximab,irritable bowel syndrome,99
sarilumab,musculoskeletal stiffness,99
semaglutide,ill-defined disorder,99
somatropin,therapy interrupted,99
sotatercept-csrk,haemoglobin increased,99
sparsentan,feeling abnormal,99
teduglutide,dumping syndrome,99
teduglutide,impaired gastric emptying,99
teprotumumab-trbw,hypoacusis,99
teprotumumab-trbw,weight decreased,99
tezepelumab-ekko,cough,99
tirzepatide,gastrointestinal pain,99
tirzepatide,hypoacusis,99
tocilizumab,stress,99
tofacitinib citrate,gait inability,99
tramadol,intentional product misuse,99
treprostinil,infusion site discomfort,99
treprostinil,paranasal sinus hypersecretion,99
treprostinil,throat clearing,99
upadacitinib,erythema,99
upadacitinib,hip fracture,99
voclosporin,blood pressure increased,99
.alpha.1-proteinase inhibitor human,tremor,98
abaloparatide,weight decreased,98
abatacept,liver disorder,98
abatacept,road traffic accident,98
abiraterone acetate,death,98
adalimumab,deep vein thrombosis postoperative,98
adalimumab,intervertebral disc protrusion,98
adalimumab,joint dislocation,98
adalimumab,red blood cell sedimentation rate increased,98
adalimumab,taste disorder,98
alirocumab,injection site pain,98
amoxicillin,off label use,98
antihemophilic factor human,pain,98
"antihemophilic factor, human recombinant",erythema,98
"antihemophilic factor, human recombinant",joint range of motion decreased,98
avapritinib,condition aggravated,98
aztreonam lysine,pneumonia,98
bevacizumab,abdominal pain,98
bevacizumab,drug ineffective,98
blinatumomab,death,98
brigatinib,sleep disorder,98
buprenorphine,drug dependence,98
buprenorphine,vomiting,98
bupropion hydrochloride,drug ineffective,98
calcium carbonate,alopecia,98
calcium carbonate,condition aggravated,98
calcium oxybate\magnesium oxybate\potassium oxybate\sodium oxybate,migraine,98
cannabidiol,vomiting,98
capivasertib,malignant neoplasm progression,98
celecoxib,knee arthroplasty,98
certolizumab pegol,stress,98
cetirizine hydrochloride,pain,98
diclofenac,diarrhoea,98
diclofenac,gastrointestinal disorder,98
diclofenac,glossodynia,98
diclofenac,hypoaesthesia,98
diclofenac,systemic lupus erythematosus,98
donanemab-azbt,flushing,98
durvalumab,malaise,98
eculizumab,pain,98
elranatamab,cytokine release syndrome,98
empagliflozin,weight decreased,98
etanercept-szzs,pain in extremity,98
foscarbidopa\foslevodopa,infusion site inflammation,98
fulvestrant,drug ineffective,98
guselkumab,pruritus,98
human coagulation factor viii/von willebrand factor complex,haemorrhage,98
human immunoglobulin g,eye irritation,98
human immunoglobulin g,facial pain,98
human immunoglobulin g,lacrimation increased,98
human immunoglobulin g,meniscus injury,98
human immunoglobulin g,pneumonia viral,98
human immunoglobulin g\hyaluronidase (human recombinant),blood pressure fluctuation,98
human immunoglobulin g\hyaluronidase (human recombinant),inflammation,98
human immunoglobulin g\hyaluronidase (human recombinant),oxygen saturation decreased,98
icatibant acetate,body height abnormal,98
icatibant acetate,memory impairment,98
idursulfase,bronchiolitis,98
idursulfase,infusion site haematoma,98
infliximab,chest discomfort,98
infliximab-dyyb,flatulence,98
insulin aspart,hypoglycaemia,98
insulin glargine,drug dose omission by device,98
insulin glargine,wrong technique in device usage process,98
irinotecan hydrochloride,malignant neoplasm progression,98
isotretinoin,anxiety,98
letrozole,disease progression,98
levothyroxine sodium,vomiting,98
levothyroxine sodium,weight increased,98
lisdexamfetamine dimesylate,insomnia,98
methotrexate,septic shock,98
methotrexate sodium,headache,98
metoprolol,drug ineffective,98
mycophenolic acid,off label use,98
naltrexone,needle issue,98
natalizumab,cognitive disorder,98
nirmatrelvir\ritonavir,therapeutic product effect incomplete,98
nivolumab,asthenia,98
nivolumab,fulminant type 1 diabetes mellitus,98
ocrelizumab,b-lymphocyte count decreased,98
olanzapine,vomiting,98
omalizumab,chronic spontaneous urticaria,98
omalizumab,respiratory tract congestion,98
osimertinib,dry skin,98
paclitaxel,infusion related reaction,98
pembrolizumab,constipation,98
pembrolizumab,myalgia,98
pembrolizumab,myositis,98
pexidartinib hydrochloride,pruritus,98
pimavanserin tartrate,psychotic disorder,98
polatuzumab vedotin,platelet count decreased,98
pomalidomide,hypoaesthesia,98
ribociclib,malaise,98
ribociclib,pyrexia,98
riociguat,headache,98
ripretinib,constipation,98
ripretinib,pain in extremity,98
risankizumab-rzaa,off label use,98
risankizumab-rzaa,stoma creation,98
rituximab,feeling abnormal,98
rosuvastatin,dyspnoea,98
sarilumab,urinary tract infection,98
semaglutide,maternal exposure during pregnancy,98
sertraline hydrochloride,condition aggravated,98
sotatercept-csrk,diarrhoea,98
teduglutide,fear,98
teduglutide,lower respiratory tract infection,98
teduglutide,stoma site erythema,98
teduglutide,urinary incontinence,98
temozolomide,death,98
tenofovir disoproxil fumarate,multiple fractures,98
tocilizumab,arthritis,98
tocilizumab,fibromyalgia,98
tocilizumab,hypotension,98
tocilizumab,lung disorder,98
tocilizumab,sinus disorder,98
treprostinil sodium,pain in jaw,98
trofinetide,urinary tract infection,98
upadacitinib,hernia,98
vedolizumab,aphasia,98
vedolizumab,body height decreased,98
vedolizumab,tinnitus,98
velaglucerase alfa,arthritis,98
velaglucerase alfa,blood bilirubin increased,98
velaglucerase alfa,liver disorder,98
velaglucerase alfa,mental disorder,98
velaglucerase alfa,nervousness,98
vutrisiran,intentional dose omission,98
.alpha.1-proteinase inhibitor human,lethargy,97
abaloparatide,blood calcium increased,97
abatacept,anxiety,97
abatacept,red blood cell sedimentation rate increased,97
abrocitinib,off label use,97
acetaminophen,urticaria,97
adalimumab,ear infection,97
adalimumab,epilepsy,97
adalimumab,rotator cuff syndrome,97
adalimumab,therapeutic response decreased,97
adalimumab,thrombosis,97
"antihemophilic factor, human recombinant",haematochezia,97
"antihemophilic factor, human recombinant",suspected covid-19,97
apixaban,haematuria,97
aripiprazole,dyskinesia,97
atorvastatin,necrotising myositis,97
brigatinib,metastases to central nervous system,97
budesonide\formoterol\glycopyrrolate,illness,97
buprenorphine,injection site pain,97
buprenorphine,pain,97
bupropion hydrochloride\naltrexone hydrochloride,insomnia,97
cabozantinib s-malate,product prescribing issue,97
cabozantinib s-malate,renal cell carcinoma,97
calcium carbonate,blood cholesterol increased,97
carbidopa\levodopa,hip fracture,97
carfilzomib,thrombocytopenia,97
celecoxib,road traffic accident,97
celecoxib,wound infection,97
cetirizine hydrochloride,rash,97
clarithromycin,pathogen resistance,97
clonazepam,drug ineffective,97
corticotropin,cataract,97
corticotropin,therapy non-responder,97
cyclophosphamide,anaemia,97
denosumab,compression fracture,97
diclofenac,irritable bowel syndrome,97
diclofenac sodium,impaired healing,97
diclofenac sodium,pruritus,97
dupilumab,sepsis,97
escitalopram oxalate,drug interaction,97
faricimab-svoa,eye inflammation,97
fenfluramine,sedation,97
foscarbidopa\foslevodopa,dyspnoea,97
foscarbidopa\foslevodopa,pyrexia,97
fostamatinib,product prescribing issue,97
golimumab,arthralgia,97
human immunoglobulin g,diplopia,97
human immunoglobulin g,intervertebral disc degeneration,97
human immunoglobulin g,pollakiuria,97
human immunoglobulin g,spinal stenosis,97
human immunoglobulin g\hyaluronidase (human recombinant),road traffic accident,97
icatibant acetate,gastritis,97
idursulfase,chest discomfort,97
idursulfase,hot flush,97
infliximab-dyyb,hyperhidrosis,97
insulin aspart,blood glucose decreased,97
insulin human,incorrect dose administered,97
insulin lispro,dizziness,97
interferon beta-1a,product dose omission issue,97
ixazomib,muscle spasms,97
ixekizumab,psoriatic arthropathy,97
lamotrigine,intentional overdose,97
lenalidomide,condition aggravated,97
lenalidomide,musculoskeletal stiffness,97
lenalidomide,neck pain,97
levothyroxine sodium,dry skin,97
lisdexamfetamine dimesylate,headache,97
lotilaner,vision blurred,97
methotrexate,back pain,97
methotrexate,grip strength decreased,97
methotrexate,rheumatoid factor positive,97
methotrexate,upper respiratory tract infection,97
methylphenidate hydrochloride,off label use,97
morphine sulfate,death,97
nintedanib,drug intolerance,97
nintedanib,pain in extremity,97
ofatumumab,somnolence,97
olanzapine,intentional overdose,97
paclitaxel,malignant neoplasm progression,97
propranolol hydrochloride,drug ineffective for unapproved indication,97
quetiapine fumarate,headache,97
quetiapine fumarate,somnolence,97
ravulizumab-cwvz,blood pressure increased,97
ripretinib,nausea,97
ripretinib,pruritus,97
risankizumab-rzaa,hip surgery,97
secukinumab,device deployment issue,97
selinexor,off label use,97
semaglutide,heart rate increased,97
semaglutide,retching,97
sodium oxybate,migraine,97
tacrolimus,pyrexia,97
tacrolimus,septic shock,97
teduglutide,balance disorder,97
teduglutide,dyschezia,97
teduglutide,emotional disorder,97
tenofovir disoproxil fumarate,osteoporosis,97
testosterone cypionate,product deposit,97
tirzepatide,discomfort,97
tirzepatide,influenza like illness,97
tocilizumab,gait inability,97
tocilizumab,wheezing,97
tolvaptan,dizziness,97
treprostinil sodium,chest pain,97
triptorelin pamoate,death,97
upadacitinib,swelling,97
vedolizumab,muscle strain,97
vedolizumab,product prescribing issue,97
venlafaxine hydrochloride,serotonin syndrome,97
abemaciclib,weight decreased,96
adalimumab,injection site pruritus,96
adalimumab,neuropathy peripheral,96
adalimumab,"sleep disorder due to general medical condition, insomnia type",96
albuterol sulfate\budesonide,drug ineffective,96
alendronate sodium,live birth,96
alendronate sodium,muscular weakness,96
alendronate sodium,paraesthesia,96
amlodipine besylate,peripheral swelling,96
antihemophilic factor human,arthropathy,96
apixaban,malaise,96
aripiprazole,product dose omission issue,96
atezolizumab,pneumonitis,96
avapritinib,periorbital swelling,96
azelastine hydrochloride,product delivery mechanism issue,96
bimekizumab-bkzx,urticaria,96
blinatumomab,pyrexia,96
budesonide,insomnia,96
budesonide\formoterol\glycopyrrolate,intentional device misuse,96
calcium carbonate,swelling,96
calcium oxybate\magnesium oxybate\potassium oxybate\sodium oxybate,hunger,96
capivasertib,vomiting,96
celecoxib,hypercholesterolaemia,96
celecoxib,lower respiratory tract infection,96
celecoxib,pulmonary fibrosis,96
celecoxib,weight decreased,96
certolizumab pegol,swollen joint count increased,96
citalopram,completed suicide,96
dapagliflozin,malaise,96
darolutamide,fatigue,96
denosumab,femur fracture,96
diclofenac,drug intolerance,96
diclofenac,folliculitis,96
diclofenac sodium,malaise,96
diroximel fumarate,pain,96
docetaxel,pleural effusion,96
durvalumab,hepatic function abnormal,96
emtricitabine\tenofovir,neurodevelopmental disorder,96
emtricitabine\tenofovir disoproxil fumarate,renal impairment,96
enfortumab vedotin-ejfv,constipation,96
enzalutamide,asthenia,96
etanercept,covid-19,96
evolocumab,malaise,96
fenfluramine,pericardial effusion,96
fluorouracil,arteriospasm coronary,96
foscarbidopa\foslevodopa,cognitive disorder,96
foscarbidopa\foslevodopa,hyperkinesia,96
glofitamab,cytokine release syndrome,96
human c1-esterase inhibitor,fatigue,96
human immunoglobulin g,arthropod sting,96
human immunoglobulin g,blood urine present,96
human immunoglobulin g,panic attack,96
human immunoglobulin g,wrist fracture,96
human immunoglobulin g\hyaluronidase (human recombinant),skin lesion,96
icatibant acetate,sensation of foreign body,96
idursulfase,airway compression,96
idursulfase,dyspnoea exertional,96
idursulfase,ear disorder,96
idursulfase,endotracheal intubation complication,96
idursulfase,folliculitis,96
idursulfase,goitre,96
idursulfase,hypervolaemia,96
idursulfase,post-acute covid-19 syndrome,96
idursulfase,product prescribing issue,96
idursulfase,walking distance test abnormal,96
infliximab,heart rate decreased,96
infliximab-dyyb,acne,96
infliximab-dyyb,anal abscess,96
insulin aspart,cerebrovascular accident,96
insulin glargine,injury associated with device,96
irinotecan hydrochloride,death,96
leflunomide,arthralgia,96
leflunomide,maternal exposure during pregnancy,96
lenalidomide,viral infection,96
lenvatinib,abdominal pain,96
letrozole,alopecia,96
levonorgestrel,menstruation delayed,96
lisdexamfetamine,drug ineffective,96
lisocabtagene maraleucel,cytokine release syndrome,96
lotilaner,off label use,96
methotrexate,muscle injury,96
methotrexate,therapeutic product effect decreased,96
midazolam,seizure,96
mycophenolate mofetil,polyomavirus-associated nephropathy,96
ocrelizumab,sinusitis,96
omalizumab,chronic obstructive pulmonary disease,96
omalizumab,therapeutic response shortened,96
onabotulinumtoxina,eyelid ptosis,96
osimertinib,headache,96
oxycodone hydrochloride,homicide,96
pantoprazole,acute kidney injury,96
parathyroid hormone,product dose omission issue,96
pembrolizumab,liver disorder,96
pimavanserin tartrate,hip fracture,96
pomalidomide,abdominal pain upper,96
potassium nitrate\sodium fluoride,drug ineffective,96
prednisone,hypertension,96
pregabalin,hypotension,96
pregabalin,muscle spasms,96
quetiapine,depressed level of consciousness,96
relugolix,amnesia,96
relugolix,hypoacusis,96
relugolix,palpitations,96
risankizumab-rzaa,injection site discharge,96
rituximab,liver injury,96
ruxolitinib,sleep disorder,96
sarilumab,therapeutic response decreased,96
sarilumab,white blood cell count decreased,96
secukinumab,exposure during pregnancy,96
semaglutide,abnormal loss of weight,96
semaglutide,death,96
semaglutide,gait disturbance,96
sertraline hydrochloride,myopathy,96
sodium oxybate,enuresis,96
somatropin,device failure,96
somatropin,drug ineffective,96
teduglutide,diabetes mellitus,96
teduglutide,myocardial infarction,96
teduglutide,retching,96
tenapanor hydrochloride,therapy interrupted,96
tirzepatide,cholecystitis,96
tirzepatide,muscle atrophy,96
tirzepatide,peripheral swelling,96
tocilizumab,hypoaesthesia,96
tocilizumab,sleep disorder,96
treprostinil,bendopnoea,96
treprostinil,product deposit,96
treprostinil,seizure,96
upadacitinib,adverse drug reaction,96
upadacitinib,bronchitis,96
upadacitinib,shoulder operation,96
vedolizumab,accident,96
vedolizumab,hypoglycaemia,96
vedolizumab,infected fistula,96
vedolizumab,intestinal polyp,96
vedolizumab,limb discomfort,96
velaglucerase alfa,osteoporosis,96
voclosporin,dizziness,96
zolbetuximab-clzb,hypoalbuminaemia,96
zoledronic acid,back pain,96
zoledronic acid,chills,96
zoledronic acid,drug ineffective,96
zoledronic acid,myalgia,96
.alpha.1-proteinase inhibitor human,hepatic cirrhosis,95
abatacept,cough,95
abatacept,peripheral venous disease,95
acetaminophen\oxycodone hydrochloride,overdose,95
adalimumab,procedural pain,95
"antihemophilic factor, human recombinant",eye contusion,95
apixaban,condition aggravated,95
aripiprazole,condition aggravated,95
bevacizumab,dyspnoea,95
bevacizumab,platelet count decreased,95
bimekizumab,nasopharyngitis,95
bimekizumab-bkzx,anxiety,95
budesonide\formoterol fumarate dihydrate,chronic obstructive pulmonary disease,95
carbidopa\levodopa,loss of consciousness,95
carfilzomib,myelosuppression,95
cenegermin-bkbj,eye discharge,95
certolizumab pegol,lower limb fracture,95
ciprofloxacin,medication error,95
corticotropin,anxiety,95
corticotropin,pneumonia,95
corticotropin,vomiting,95
damoctocog alfa pegol,haemorrhage,95
dapagliflozin,hypoacusis,95
diclofenac,alopecia,95
diclofenac,drug hypersensitivity,95
dimethyl fumarate,drug ineffective,95
donanemab-azbt,cerebral haemorrhage,95
doxorubicin,neutropenia,95
eculizumab,pneumonia,95
emicizumab-kxwh,contusion,95
etanercept,device mechanical issue,95
etanercept-szzs,rheumatoid arthritis,95
ethinyl estradiol\etonogestrel,device breakage,95
evolocumab,injection site pruritus,95
evolocumab,pruritus,95
fam-trastuzumab deruxtecan-nxki,off label use,95
fenfluramine,mitral valve prolapse,95
fenfluramine hydrochloride,diarrhoea,95
fentanyl,device malfunction,95
filgrastim,neutropenia,95
foscarbidopa\foslevodopa,catheter site pain,95
fulvestrant,cough,95
glofitamab,disease progression,95
human immunoglobulin g,eye contusion,95
human immunoglobulin g,gingivitis,95
human immunoglobulin g,liver disorder,95
human immunoglobulin g,swollen tongue,95
human immunoglobulin g\hyaluronidase (human recombinant),circumstance or information capable of leading to medication error,95
human immunoglobulin g\hyaluronidase (human recombinant),infusion site warmth,95
idursulfase,wrong technique in device usage process,95
inclisiran sodium,fatigue,95
infliximab,hypoaesthesia,95
lamotrigine,suicide attempt,95
lapine t-lymphocyte immune globulin,off label use,95
leflunomide,lower respiratory tract infection,95
lenacapavir sodium,injection site nodule,95
lenalidomide,myocardial infarction,95
letrozole,white blood cell count decreased,95
levetiracetam,behaviour disorder,95
lotilaner,condition aggravated,95
macitentan,peripheral swelling,95
metformin hydrochloride,electrocardiogram qt prolonged,95
methotrexate,muscle spasms,95
metronidazole,drug ineffective,95
mirabegron,drug ineffective,95
nilotinib,off label use,95
octreotide acetate,diarrhoea,95
ofatumumab,anxiety,95
olanzapine,extrapyramidal disorder,95
omalizumab,hyperhidrosis,95
osimertinib,platelet count decreased,95
oxycodone hydrochloride,road traffic accident,95
pancrelipase amylase\pancrelipase lipase\pancrelipase protease,diabetes mellitus,95
pegvaliase-pqpz,injection site erythema,95
pembrolizumab,general physical health deterioration,95
pimavanserin tartrate,depression,95
pomalidomide,somnolence,95
prednisone,thrombocytopenia,95
pregabalin,suicide attempt,95
procarbazine hydrochloride,fatigue,95
regorafenib monohydrate,death,95
relugolix,joint swelling,95
revumenib citrate,off label use,95
risankizumab-rzaa,injection site swelling,95
risankizumab-rzaa,mobility decreased,95
rituximab,memory impairment,95
rituximab,nail disorder,95
secukinumab,hypercholesterolaemia,95
semaglutide,chills,95
semaglutide,pancreatitis acute,95
teduglutide,polyuria,95
teduglutide,thrombocytopenia,95
tirzepatide,atrial fibrillation,95
tirzepatide,contusion,95
tocilizumab,poor venous access,95
tocilizumab,rhinorrhoea,95
tofacitinib citrate,arthropathy,95
tofacitinib citrate,loss of personal independence in daily activities,95
trametinib dimethyl sulfoxide,rash,95
treprostinil,arrhythmia,95
treprostinil,device related infection,95
treprostinil,hypersensitivity,95
treprostinil,loss of personal independence in daily activities,95
treprostinil,product communication issue,95
trospium chloride\xanomeline,urinary retention,95
vedolizumab,device defective,95
vedolizumab,foot fracture,95
vedolizumab,multiple allergies,95
vedolizumab,oropharyngeal discomfort,95
vedolizumab,retching,95
venetoclax,atrial fibrillation,95
vonoprazan fumarate,diarrhoea,95
zolpidem tartrate,intentional product misuse,95
.alpha.1-proteinase inhibitor human,hypoaesthesia,94
abaloparatide,muscular weakness,94
abatacept,sciatica,94
acetaminophen,encephalopathy,94
adalimumab,hepatic cirrhosis,94
adalimumab,oropharyngeal pain,94
adalimumab,somnolence,94
albuterol,loss of personal independence in daily activities,94
ambrisentan,dizziness,94
amlodipine besylate,vasoplegia syndrome,94
amphetamine aspartate\amphetamine sulfate\dextroamphetamine saccharate\dextroamphetamine sulfate,disturbance in attention,94
amphetamine aspartate\amphetamine sulfate\dextroamphetamine saccharate\dextroamphetamine sulfate,feeling abnormal,94
"antihemophilic factor, human recombinant",eye haemorrhage,94
"antihemophilic factor, human recombinant",mouth injury,94
apixaban,haemoglobin decreased,94
aripiprazole,extrapyramidal disorder,94
atezolizumab,interstitial lung disease,94
atorvastatin,fall,94
budesonide\formoterol,product dose omission issue,94
budesonide\formoterol\glycopyrrolate,drug delivery system issue,94
budesonide\formoterol\glycopyrrolate,memory impairment,94
buprenorphine hydrochloride\naloxone hydrochloride,toothache,94
calcium carbonate,pemphigus,94
calcium carbonate,synovitis,94
calcium carbonate,systemic lupus erythematosus,94
calcium oxybate\magnesium oxybate\potassium oxybate\sodium oxybate,panic attack,94
carbidopa\levodopa,memory impairment,94
carfilzomib,infection,94
certolizumab pegol,c-reactive protein abnormal,94
certolizumab pegol,erythema,94
clozapine,condition aggravated,94
cyclosporine,pruritus,94
dasatinib,death,94
diazepam,drug ineffective,94
diclofenac,swelling,94
diclofenac,wound,94
diclofenac sodium,dyspnoea,94
diclofenac sodium,wheezing,94
diroximel fumarate,dizziness,94
docetaxel,back pain,94
dupilumab,pollakiuria,94
durvalumab,pneumonia,94
emicizumab-kxwh,pain,94
escitalopram oxalate,suicidal ideation,94
estradiol,product use complaint,94
etanercept-szzs,fatigue,94
etanercept-szzs,off label use,94
fenfluramine,tonic convulsion,94
fluoxetine hydrochloride,serotonin syndrome,94
fluticasone furoate,drug ineffective,94
fluticasone furoate\vilanterol trifenatate,dyspnoea,94
fulvestrant,general physical health deterioration,94
human immunoglobulin g,blood immunoglobulin m decreased,94
human immunoglobulin g,breast mass,94
human immunoglobulin g,cardiac failure,94
human immunoglobulin g,cold sweat,94
human immunoglobulin g,loss of personal independence in daily activities,94
human immunoglobulin g,thyroid hormones decreased,94
human immunoglobulin g\hyaluronidase (human recombinant),joint injury,94
human immunoglobulin g\hyaluronidase (human recombinant),loss of consciousness,94
human immunoglobulin g\hyaluronidase (human recombinant),procedural pain,94
human immunoglobulin g\hyaluronidase (human recombinant),skin laceration,94
ibrutinib,nausea,94
ibuprofen,suicide attempt,94
icatibant acetate,autoimmune disorder,94
icatibant acetate,basal cell carcinoma,94
icatibant acetate,diverticulum intestinal,94
icatibant acetate,giant cell arteritis,94
icatibant acetate,laryngitis,94
icatibant acetate,post procedural complication,94
idursulfase,musculoskeletal stiffness,94
infliximab-dyyb,device malfunction,94
interferon beta-1a,gait disturbance,94
lenalidomide,anxiety,94
lenalidomide,balance disorder,94
lenalidomide,cataract,94
levetiracetam,drug hypersensitivity,94
levothyroxine sodium,migraine,94
levothyroxine sodium,muscular weakness,94
magnesium sulfate\potassium chloride\sodium sulfate,nausea,94
menthol,mesothelioma malignant,94
menthol,pleural mesothelioma malignant,94
methotrexate,irritable bowel syndrome,94
nintedanib,epistaxis,94
ocrelizumab,illness,94
omalizumab,oedema,94
omalizumab,wrong technique in device usage process,94
polatuzumab vedotin,lymphocyte count decreased,94
pomalidomide,product use issue,94
pregabalin,depression,94
pregabalin,miosis,94
quetiapine fumarate,dizziness,94
quetiapine fumarate,suicide attempt,94
relugolix,gastrooesophageal reflux disease,94
ribociclib,decreased immune responsiveness,94
ribociclib succinate,hypersensitivity,94
risankizumab-rzaa,cardiac operation,94
risankizumab-rzaa,chills,94
risankizumab-rzaa,contusion,94
risankizumab-rzaa,general physical health deterioration,94
risankizumab-rzaa,malignant melanoma,94
rituximab,leukopenia,94
rosuvastatin calcium,acute kidney injury,94
secukinumab,exposure via skin contact,94
sodium citrate,muscle spasms,94
sodium oxybate,stress,94
sparsentan,dyspnoea,94
tadalafil,cough,94
teduglutide,extra dose administered,94
teduglutide,fistula discharge,94
teduglutide,head discomfort,94
teduglutide,neuralgia,94
tirzepatide,renal impairment,94
tirzepatide,vaginal haemorrhage,94
tislelizumab,drug-induced liver injury,94
tocilizumab,prescribed overdose,94
tofacitinib citrate,dysphonia,94
tofacitinib citrate,rhinorrhoea,94
treprostinil,depressed mood,94
treprostinil,laboratory test abnormal,94
treprostinil sodium,decreased appetite,94
upadacitinib,limb operation,94
vedolizumab,cardiac failure,94
vedolizumab,eye pruritus,94
vedolizumab,faecal calprotectin increased,94
vedolizumab,macular degeneration,94
vedolizumab,platelet count increased,94
vedolizumab,suicidal ideation,94
velaglucerase alfa,chills,94
velaglucerase alfa,infusion site swelling,94
velaglucerase alfa,myocardial infarction,94
venetoclax,decreased appetite,94
.alpha.1-proteinase inhibitor human,stress,93
abatacept,device failure,93
adalimumab,delirium,93
adalimumab,drug-induced liver injury,93
adalimumab,eczema,93
adalimumab,tinnitus,93
adalimumab-aaty,condition aggravated,93
aflibercept,eye inflammation,93
albuterol sulfate,device breakage,93
alendronate sodium,"sleep disorder due to general medical condition, insomnia type",93
amoxicillin,drug ineffective,93
aripiprazole,schizophrenia,93
axitinib,off label use,93
aztreonam lysine,infection,93
belimumab,pain in extremity,93
belimumab,urinary tract infection,93
bevacizumab,hypothyroidism,93
budesonide\formoterol\glycopyrrolate,lung disorder,93
bupropion hydrochloride,nausea,93
cabozantinib s-malate,abdominal discomfort,93
cabozantinib s-malate,adverse event,93
cabozantinib s-malate,arthralgia,93
cabozantinib s-malate,proteinuria,93
calcium carbonate,abdominal discomfort,93
calcium carbonate,type 2 diabetes mellitus,93
calcium chloride\dextrose\magnesium chloride\sodium chloride\sodium lactate,hypotension,93
capecitabine,off label use,93
carbidopa\levodopa,dyspnoea,93
carboplatin,hepatic cytolysis,93
carfilzomib,neutropenia,93
cetirizine hydrochloride,nausea,93
clozapine,mucosal inflammation,93
dapagliflozin,hypertension,93
daptomycin,eosinophilic pneumonia,93
denosumab,pathological fracture,93
diclofenac,decreased appetite,93
diclofenac,hand deformity,93
diclofenac,injury,93
diclofenac,neck pain,93
diclofenac sodium,abdominal pain upper,93
diclofenac sodium,confusional state,93
dupilumab,diverticulitis,93
dupilumab,hip fracture,93
dupilumab,oral pain,93
dupilumab,skin laceration,93
dupilumab,tinnitus,93
eculizumab,illness,93
eliglustat,weight increased,93
esomeprazole magnesium,abdominal discomfort,93
fruquintinib,constipation,93
human immunoglobulin g,amnesia,93
human immunoglobulin g,foetal exposure during pregnancy,93
human immunoglobulin g,ophthalmic migraine,93
human immunoglobulin g,thermal burn,93
human immunoglobulin g\hyaluronidase (human recombinant),infusion site induration,93
human immunoglobulin g\hyaluronidase (human recombinant),oedema peripheral,93
ibrutinib,hypertension,93
icatibant acetate,multiple allergies,93
icatibant acetate,physical deconditioning,93
idursulfase,device placement issue,93
idursulfase,ear haemorrhage,93
idursulfase,eye disorder,93
idursulfase,hepatic enzyme increased,93
idursulfase,medical device site erythema,93
idursulfase,medical device site irritation,93
idursulfase,scar,93
idursulfase,spinal stenosis,93
infliximab,anaemia,93
insulin human,wrong technique in product usage process,93
lenvatinib,acute kidney injury,93
leuprolide acetate,back pain,93
levonorgestrel,dysmenorrhoea,93
lisdexamfetamine dimesylate,product use issue,93
loperamide hydrochloride,diarrhoea,93
maribavir,cytomegalovirus infection reactivation,93
maribavir,product use issue,93
mepolizumab,chest discomfort,93
metformin hydrochloride,abdominal discomfort,93
methotrexate,blood pressure increased,93
methotrexate,multiple organ dysfunction syndrome,93
metoprolol,off label use,93
mitapivat,haemoglobin decreased,93
nirmatrelvir\ritonavir,nausea,93
nitric oxide,device issue,93
ocrelizumab,erythema,93
olaparib,drug ineffective,93
omalizumab,tremor,93
omeprazole,nausea,93
onasemnogene abeparvovec-xioi,vomiting,93
osilodrostat phosphate,fatigue,93
oxymetazoline hydrochloride,drug ineffective,93
pantoprazole,dyspnoea,93
pimavanserin tartrate,hypersomnia,93
pomalidomide,memory impairment,93
propranolol hydrochloride,infantile spitting up,93
ravulizumab-cwvz,pain in extremity,93
rilpivirine,virologic failure,93
risankizumab-rzaa,carpal tunnel syndrome,93
risankizumab-rzaa,hyperhidrosis,93
rituximab,malignant neoplasm progression,93
rituximab,therapeutic product effect incomplete,93
ruxolitinib,night sweats,93
sarilumab,rhinorrhoea,93
secukinumab,grip strength decreased,93
semaglutide,gallbladder injury,93
semaglutide,hypoacusis,93
sodium oxybate,condition aggravated,93
tafamidis,dizziness,93
teduglutide,glaucoma,93
teduglutide,injection site swelling,93
tirzepatide,dysphonia,93
tirzepatide,pain of skin,93
tocilizumab,asthma,93
tocilizumab,pericarditis,93
tofacitinib citrate,depression,93
trastuzumab,dyspnoea,93
treprostinil,pneumothorax,93
treprostinil,swelling face,93
upadacitinib,abdominal discomfort,93
upadacitinib,breast cancer female,93
ustekinumab,arthralgia,93
vedolizumab,anal skin tags,93
vedolizumab,injection site bruising,93
vedolizumab,lip swelling,93
venetoclax,arthralgia,93
venetoclax,dizziness,93
venetoclax,hospice care,93
venetoclax,vomiting,93
venlafaxine hydrochloride,suicidal ideation,93
abatacept,breast cancer stage iii,92
adalimumab,device malfunction,92
adalimumab-aaty,device malfunction,92
albuterol,headache,92
albuterol sulfate,adverse event,92
ambrisentan,fatigue,92
"antihemophilic factor, human recombinant",bronchitis,92
"antihemophilic factor, human recombinant",internal haemorrhage,92
azacitidine,acute myeloid leukaemia,92
bimekizumab-bkzx,cough,92
bimekizumab-bkzx,oropharyngeal pain,92
bortezomib,thrombocytopenia,92
budesonide\formoterol fumarate dihydrate,chest discomfort,92
budesonide\formoterol fumarate dihydrate,device issue,92
budesonide\formoterol\glycopyrrolate,condition aggravated,92
bupropion,toxicity to various agents,92
bupropion hydrochloride\dextromethorphan hydrobromide,dizziness,92
calcium carbonate,confusional state,92
calcium carbonate,headache,92
calcium carbonate,rash,92
carbamazepine,drug ineffective,92
celecoxib,delirium,92
celecoxib,gait disturbance,92
celecoxib,hip arthroplasty,92
certolizumab pegol,injection site reaction,92
certolizumab pegol,rheumatoid factor positive,92
corticotropin,underdose,92
cyclosporine,hypertension,92
cyclosporine,product dose omission issue,92
cyclosporine,treatment failure,92
dasatinib,off label use,92
denosumab,pain,92
deutetrabenazine,dyskinesia,92
deutetrabenazine,product use in unapproved indication,92
diclofenac sodium,drug effect less than expected,92
diclofenac sodium,nasopharyngitis,92
diclofenac sodium,pyrexia,92
dupilumab,bacterial infection,92
dupilumab,skin reaction,92
dupilumab,treatment failure,92
esomeprazole magnesium,arthritis,92
esomeprazole magnesium,gastrointestinal disorder,92
estradiol,application site pain,92
fam-trastuzumab deruxtecan-nxki,myelosuppression,92
fenfluramine,sleep disorder,92
fluorouracil,drug ineffective,92
fruquintinib,abdominal pain upper,92
glatiramer acetate,device mechanical issue,92
golimumab,fall,92
human c1-esterase inhibitor,illness,92
human c1-esterase inhibitor,pneumonia,92
human immunoglobulin g,cognitive disorder,92
human immunoglobulin g,immunodeficiency,92
human immunoglobulin g,oropharyngeal discomfort,92
human immunoglobulin g\hyaluronidase (human recombinant),eating disorder,92
human immunoglobulin g\hyaluronidase (human recombinant),poor venous access,92
human immunoglobulin g\hyaluronidase (human recombinant),sneezing,92
ibuprofen,dizziness,92
ibuprofen,drug-induced liver injury,92
idursulfase,haematochezia,92
infliximab,colitis,92
infliximab,poor venous access,92
infliximab-dyyb,eczema,92
insulin lispro,hypoacusis,92
ixazomib,pruritus,92
lamotrigine,foetal exposure during pregnancy,92
leflunomide,drug intolerance,92
leflunomide,pain,92
levetiracetam,partial seizures,92
levetiracetam,suicidal ideation,92
levonorgestrel,vomiting,92
levothyroxine sodium,disturbance in attention,92
loperamide hydrochloride,intentional product use issue,92
lotilaner,wrong technique in product usage process,92
mepolizumab,lung disorder,92
mepolizumab,nasal congestion,92
mepolizumab,pruritus,92
methotrexate,night sweats,92
methotrexate sodium,alopecia,92
mycophenolate mofetil,staphylococcal infection,92
mycophenolate mofetil,thrombocytopenia,92
mycophenolate mofetil,vomiting,92
natalizumab,feeling abnormal,92
natalizumab,hypersensitivity,92
nemolizumab,pemphigoid,92
osimertinib,muscle spasms,92
oxaliplatin,paraesthesia,92
oxycodone hydrochloride,confusional state,92
pimavanserin tartrate,oedema peripheral,92
pomalidomide,upper respiratory tract infection,92
ponatinib,haemoglobin decreased,92
ponatinib,hypoacusis,92
ponatinib,palpitations,92
prednisolone acetate,no adverse event,92
pregabalin,back pain,92
pregabalin,tachycardia,92
propranolol hydrochloride,diarrhoea,92
quetiapine fumarate,vomiting,92
relugolix,hypersomnia,92
revumenib citrate,nausea,92
ripretinib,hospitalisation,92
rituximab,abdominal distension,92
rituximab,blood cholesterol increased,92
rituximab,flushing,92
rituximab-pvvr,fall,92
rituximab-pvvr,malaise,92
rosuvastatin,nausea,92
sparsentan,wrong technique in product usage process,92
tadalafil,drug ineffective,92
tarlatamab-dlle,small cell lung cancer,92
teduglutide,injection site discomfort,92
tirzepatide,covid-19,92
tocilizumab,blood pressure fluctuation,92
tocilizumab,cataract,92
tocilizumab,duodenal ulcer perforation,92
tocilizumab,glossodynia,92
tocilizumab,muscle injury,92
tofacitinib citrate,acne,92
tofacitinib citrate,gastrointestinal disorder,92
tolvaptan,dialysis,92
treprostinil,poor quality sleep,92
upadacitinib,carpal tunnel syndrome,92
vedolizumab,endometriosis,92
vedolizumab,gastrointestinal microorganism overgrowth,92
vedolizumab,rhinitis,92
vedolizumab,vascular access site bruising,92
velaglucerase alfa,hepatic cancer,92
velaglucerase alfa,post procedural contusion,92
.alpha.1-proteinase inhibitor human,oral candidiasis,91
abaloparatide,pollakiuria,91
adalimumab-aaty,crohn's disease,91
adalimumab-adaz,circumstance or information capable of leading to medication error,91
ambrisentan,diarrhoea,91
ambrisentan,nausea,91
amikacin,dysgeusia,91
amlodipine besylate,somnolence,91
"antihemophilic factor, human recombinant",multiple allergies,91
apixaban,asthenia,91
apixaban,rash,91
asfotase alfa,myalgia,91
bevacizumab,weight decreased,91
budesonide\formoterol fumarate dihydrate,drug dose omission by device,91
buprenorphine,withdrawal syndrome,91
calcium oxybate\magnesium oxybate\potassium oxybate\sodium oxybate,inappropriate schedule of product administration,91
capivasertib,disease progression,91
certolizumab pegol,grip strength decreased,91
certolizumab pegol,product dose omission in error,91
cetirizine hydrochloride,dizziness,91
ciltacabtagene autoleucel,neurotoxicity,91
clozapine,aggression,91
clozapine,suicidal ideation,91
corticotropin,abdominal discomfort,91
corticotropin,gait disturbance,91
cyclosporine,therapy cessation,91
dapagliflozin,sepsis,91
dapagliflozin propanediol,product dose omission issue,91
diclofenac,dizziness,91
diclofenac,muscle injury,91
diclofenac sodium,irritable bowel syndrome,91
dinutuximab,weight increased,91
diroximel fumarate,gait disturbance,91
diroximel fumarate,intentional product misuse,91
doxylamine succinate,drug ineffective,91
dulaglutide,off label use,91
dulaglutide,weight decreased,91
dupilumab,dysuria,91
dupilumab,eosinophilic granulomatosis with polyangiitis,91
dupilumab,night sweats,91
dupilumab,pigmentation disorder,91
emicizumab-kxwh,no adverse event,91
emtricitabine\tenofovir disoproxil fumarate,osteoarthritis,91
epinephrine,drug dose omission by device,91
esketamine,headache,91
estradiol,incorrect dose administered by device,91
etanercept,joint swelling,91
everolimus,off label use,91
evolocumab,hypoacusis,91
ezetimibe,diarrhoea,91
ferric maltol,constipation,91
foscarbidopa\foslevodopa,aggression,91
fruquintinib,dyspnoea,91
fulvestrant,back pain,91
golimumab,device failure,91
human immunoglobulin g,blood pressure systolic increased,91
human immunoglobulin g,circumstance or information capable of leading to medication error,91
human immunoglobulin g,immune system disorder,91
human immunoglobulin g,injury,91
human immunoglobulin g,intentional dose omission,91
human immunoglobulin g,pallor,91
human immunoglobulin g,pharyngeal swelling,91
human immunoglobulin g\hyaluronidase (human recombinant),crying,91
human immunoglobulin g\hyaluronidase (human recombinant),ligament sprain,91
human immunoglobulin g\hyaluronidase (human recombinant),nephrolithiasis,91
human immunoglobulin g\hyaluronidase (human recombinant),sleep disorder,91
ibrutinib,arthralgia,91
ibrutinib,asthenia,91
imatinib,thrombocytopenia,91
infliximab,depression,91
infliximab,intestinal resection,91
infliximab-dyyb,accidental exposure to product,91
infliximab-dyyb,contusion,91
infliximab-dyyb,exposure via skin contact,91
insulin aspart,diabetic ketoacidosis,91
insulin lispro,injection site pain,91
interferon beta-1a,drug ineffective,91
ixazomib,influenza,91
letrozole,vomiting,91
levetiracetam,cognitive disorder,91
levothyroxine,fatigue,91
levothyroxine sodium,asthenia,91
levothyroxine sodium,visual impairment,91
lutetium lu-177 vipivotide tetraxetan,disease progression,91
macitentan,diarrhoea,91
mepolizumab,lower respiratory tract infection,91
metformin hydrochloride,constipation,91
mycophenolate mofetil,bronchopulmonary aspergillosis,91
natalizumab,hypoaesthesia,91
nicotine,incorrect product administration duration,91
nirmatrelvir\ritonavir,product use issue,91
ofatumumab,feeling cold,91
ofatumumab,musculoskeletal stiffness,91
ofatumumab,sinusitis,91
olanzapine,agitation,91
omalizumab,throat tightness,91
osilodrostat phosphate,off label use,91
oxycodone hydrochloride,insomnia,91
palbociclib,abdominal pain upper,91
palbociclib,brain fog,91
palbociclib,influenza,91
pantoprazole,hypocalcaemia,91
patiromer,death,91
perfluorohexyloctane,product complaint,91
polatuzumab vedotin,hypokalaemia,91
pomalidomide,balance disorder,91
pomalidomide,dry skin,91
pregabalin,visual impairment,91
quetiapine fumarate,nausea,91
ravulizumab-cwvz,extravascular haemolysis,91
relugolix,cerebrovascular accident,91
ribociclib,arthralgia,91
ribociclib succinate,pyrexia,91
risankizumab-rzaa,shoulder operation,91
risankizumab-rzaa,skin discolouration,91
rituximab,helicobacter infection,91
rituximab,musculoskeletal pain,91
rituximab-abbs,intentional product use issue,91
ruxolitinib,inflammation,91
ruxolitinib phosphate,dermatitis atopic,91
secukinumab,abdominal distension,91
sertraline hydrochloride,hyponatraemia,91
tacrolimus,sepsis,91
teclistamab,cytokine release syndrome,91
teduglutide,nightmare,91
teduglutide,stoma site discharge,91
teriparatide,headache,91
tirzepatide,erythema,91
tirzepatide,renal failure,91
tislelizumab,vomiting,91
tocilizumab,blood pressure diastolic increased,91
tocilizumab,c-reactive protein abnormal,91
tofacitinib citrate,cardiac disorder,91
tolvaptan,blood creatinine increased,91
trofinetide,condition aggravated,91
ublituximab,fatigue,91
upadacitinib,memory impairment,91
vamorolone,product dose omission issue,91
vedolizumab,bladder disorder,91
vedolizumab,malnutrition,91
vedolizumab,product dispensing error,91
vedolizumab,volvulus,91
velaglucerase alfa,atrial fibrillation,91
velaglucerase alfa,hand fracture,91
velaglucerase alfa,musculoskeletal stiffness,91
venetoclax,tumour lysis syndrome,91
.alpha.1-proteinase inhibitor human,musculoskeletal chest pain,90
abaloparatide,pruritus,90
abatacept,wrong technique in device usage process,90
adalimumab,blepharospasm,90
adalimumab,deafness,90
adalimumab,prescribed underdose,90
aflibercept,eye pain,90
apomorphine hydrochloride,dyskinesia,90
aripiprazole,confusional state,90
aripiprazole,dizziness,90
aspirin,gastrointestinal haemorrhage,90
bevacizumab,ascites,90
bimekizumab,arthralgia,90
brivaracetam,off label use,90
calcium carbonate,arthralgia,90
calcium carbonate,arthropathy,90
calcium carbonate,blister,90
calcium carbonate,pericarditis,90
carbamazepine,seizure,90
celecoxib,sleep disorder,90
certolizumab pegol,lip dry,90
colchicine,off label use,90
copper,fear,90
diclofenac sodium,discomfort,90
diclofenac sodium,gait inability,90
diclofenac sodium,inappropriate schedule of product administration,90
diclofenac sodium,infection,90
dimethicone\loperamide hydrochloride,incorrect dose administered,90
docetaxel,diarrhoea,90
dupilumab,arthropod bite,90
durvalumab,fatigue,90
durvalumab,radiation pneumonitis,90
epinephrine,off label use,90
fam-trastuzumab deruxtecan-nxki,alopecia,90
fenfluramine,echocardiogram abnormal,90
fenfluramine,partial seizures,90
fezolinetant,aspartate aminotransferase increased,90
human immunoglobulin g,adrenal insufficiency,90
human immunoglobulin g,atypical pneumonia,90
human immunoglobulin g,macular degeneration,90
human immunoglobulin g,musculoskeletal pain,90
human immunoglobulin g,tachypnoea,90
human immunoglobulin g,therapeutic product effect incomplete,90
human immunoglobulin g\hyaluronidase (human recombinant),head injury,90
human immunoglobulin g\hyaluronidase (human recombinant),osteoporosis,90
ibuprofen,abdominal pain,90
icatibant acetate,muscle spasms,90
icatibant acetate,ovarian cyst,90
icatibant acetate,umbilical hernia,90
idursulfase,device leakage,90
idursulfase,skin irritation,90
infliximab,death,90
infliximab,flushing,90
infliximab,neoplasm malignant,90
insulin glargine,pain,90
insulin lispro,blood glucose abnormal,90
isotretinoin,therapy cessation,90
leflunomide,duodenal ulcer perforation,90
levetiracetam,treatment noncompliance,90
levothyroxine sodium,pyrexia,90
liraglutide,product dose omission issue,90
lorazepam,off label use,90
lotilaner,eye pain,90
metformin hydrochloride,arthralgia,90
methotrexate,lymphoproliferative disorder,90
methotrexate,obesity,90
methotrexate sodium,pneumonia,90
minoxidil,overdose,90
mirtazapine,somnolence,90
mycophenolate mofetil,disease recurrence,90
nintedanib,gastrointestinal haemorrhage,90
nivolumab,taste disorder,90
obeticholic acid,blood alkaline phosphatase abnormal,90
olanzapine,tremor,90
osimertinib,interstitial lung disease,90
osimertinib,pyrexia,90
oxycodone hydrochloride,headache,90
palbociclib,leukopenia,90
pantoprazole,fatigue,90
pegfilgrastim,wrong technique in product usage process,90
pembrolizumab,immune-mediated hepatitis,90
pembrolizumab,pain,90
pentosan polysulfate sodium,off label use,90
phenytoin,seizure,90
ponatinib,erythema,90
prednisone,infection,90
prednisone,renal failure,90
pregabalin,hypoaesthesia,90
pregabalin,pneumonia,90
ribociclib,cough,90
ribociclib succinate,electrocardiogram qt prolonged,90
risankizumab-rzaa,bronchitis,90
rituximab,influenza like illness,90
rituximab,obesity,90
ruxolitinib,epistaxis,90
secukinumab,peripheral venous disease,90
secukinumab,rheumatoid factor positive,90
secukinumab,skin lesion,90
selexipag,dyspnoea,90
semaglutide,nervousness,90
semaglutide,paraesthesia,90
sparsentan,contraindicated product administered,90
sparsentan,illness,90
tazemetostat hydrobromide,product dose omission issue,90
teduglutide,catheter site infection,90
teduglutide,gout,90
teduglutide,white blood cell count increased,90
tenapanor hydrochloride,product use issue,90
tezepelumab-ekko,back pain,90
tofacitinib citrate,diabetes mellitus,90
tofacitinib citrate,muscular weakness,90
tolvaptan,inappropriate schedule of product administration,90
treprostinil,discomfort,90
treprostinil,infusion site bruising,90
treprostinil,tinnitus,90
treprostinil sodium,pain in extremity,90
upadacitinib,rotator cuff syndrome,90
vedolizumab,blister,90
vedolizumab,blood glucose decreased,90
vedolizumab,purulent discharge,90
vedolizumab,rectal stenosis,90
venlafaxine hydrochloride,coma,90
vibegron,therapy interrupted,90
voxelotor,sickle cell anaemia with crisis,90
abaloparatide,somnolence,89
acoltremon,ocular hyperaemia,89
albuterol sulfate,loss of personal independence in daily activities,89
alendronate sodium,peripheral venous disease,89
alendronate sodium,road traffic accident,89
alprazolam,coma,89
"antihemophilic factor, human recombinant",decreased appetite,89
"antihemophilic factor, human recombinant",rhinorrhoea,89
aripiprazole,restlessness,89
asfotase alfa,nausea,89
atezolizumab,platelet count decreased,89
atorvastatin,decreased appetite,89
belimumab,nasopharyngitis,89
bimekizumab-bkzx,surgery,89
bosutinib monohydrate,fatigue,89
budesonide\formoterol\glycopyrrolate,candida infection,89
calcium carbonate,hypersensitivity,89
calcium carbonate,stomatitis,89
calcium carbonate,wheezing,89
calcium carbonate,wound,89
calcium oxybate\magnesium oxybate\potassium oxybate\sodium oxybate,seizure,89
capecitabine,neutropenia,89
carbidopa\levodopa,product dose omission issue,89
carboplatin,myelosuppression,89
celecoxib,depression,89
celecoxib,ill-defined disorder,89
celecoxib,obesity,89
certolizumab pegol,adverse event,89
cyclosporine,pneumonia,89
dapagliflozin,blood glucose increased,89
diclofenac,back pain,89
dupilumab,exfoliative rash,89
dupilumab,fluid retention,89
dupilumab,pain in jaw,89
eculizumab,diarrhoea,89
elacestrant,disease progression,89
emicizumab-kxwh,injury,89
empagliflozin,blood glucose increased,89
esketamine,hallucination,89
fentanyl,respiratory arrest,89
fingolimod,multiple sclerosis relapse,89
fluticasone propionate\salmeterol xinafoate,product use issue,89
human c1-esterase inhibitor,headache,89
human immunoglobulin g,bursitis,89
human immunoglobulin g,photophobia,89
human immunoglobulin g\hyaluronidase (human recombinant),anaemia,89
human immunoglobulin g\hyaluronidase (human recombinant),post-acute covid-19 syndrome,89
human immunoglobulin g\hyaluronidase (human recombinant),swelling face,89
ibuprofen,product administered to patient of inappropriate age,89
icatibant acetate,affective disorder,89
icatibant acetate,chest discomfort,89
icatibant acetate,chronic obstructive pulmonary disease,89
icatibant acetate,dyspepsia,89
icatibant acetate,product quality issue,89
idursulfase,otitis media,89
infliximab,dyspepsia,89
infliximab,lupus-like syndrome,89
infliximab,migraine,89
infliximab-dyyb,haemorrhoids,89
ixazomib,decreased appetite,89
ixekizumab,inappropriate schedule of product administration,89
lamotrigine,vomiting,89
lecanemab-irmb,cerebral haemorrhage,89
lenalidomide,dry mouth,89
lenalidomide,hypertension,89
leuprolide acetate,injection site haemorrhage,89
leuprolide acetate,malaise,89
leuprolide acetate,metastases to bone,89
levalbuterol tartrate,dyspnoea,89
levocetirizine dihydrochloride,somnolence,89
levonorgestrel,dizziness,89
linezolid,lactic acidosis,89
lutetium lu-177 vipivotide tetraxetan,prostatic specific antigen increased,89
mepolizumab,gastrooesophageal reflux disease,89
mesalamine,frequent bowel movements,89
mesalamine,pyrexia,89
metformin hydrochloride,confusional state,89
methotrexate,oedema,89
methotrexate sodium,pancytopenia,89
metronidazole,neurotoxicity,89
minoxidil,expired product administered,89
mirtazapine,dizziness,89
mycophenolate mofetil,post transplant lymphoproliferative disorder,89
nicotine,wrong technique in product usage process,89
nintedanib,cerebrovascular accident,89
nintedanib,influenza,89
nivolumab,immune-mediated hepatitis,89
ocrelizumab,weight decreased,89
omalizumab,feeling hot,89
omeprazole,hypocalcaemia,89
paliperidone palmitate,drug ineffective,89
pimavanserin tartrate,underdose,89
pomalidomide,paraesthesia,89
ponatinib,philadelphia chromosome positive,89
quetiapine fumarate,fatigue,89
quetiapine fumarate,insomnia,89
relugolix,confusional state,89
relugolix,mood altered,89
relugolix,poor quality sleep,89
ripretinib,palmar-plantar erythrodysaesthesia syndrome,89
risankizumab-rzaa,deafness,89
risankizumab-rzaa,haemoglobin decreased,89
risankizumab-rzaa,impaired healing,89
risankizumab-rzaa,inappropriate schedule of product administration,89
risankizumab-rzaa,rotator cuff syndrome,89
rituximab,finger deformity,89
rituximab,palpitations,89
rituximab,throat tightness,89
rituximab-pvvr,pyrexia,89
rivaroxaban,epistaxis,89
rosuvastatin calcium,dyspnoea,89
rosuvastatin calcium,liver injury,89
ruxolitinib,arthropathy,89
ruxolitinib,cytopenia,89
ruxolitinib,depression,89
ruxolitinib,visual impairment,89
secukinumab,live birth,89
secukinumab,oedema,89
selumetinib,rash,89
semaglutide,brain fog,89
semaglutide,pneumonia,89
semaglutide,small intestinal obstruction,89
tarlatamab-dlle,pyrexia,89
teclistamab-cqyv,immune effector cell-associated neurotoxicity syndrome,89
teduglutide,amnesia,89
teduglutide,blood potassium abnormal,89
teduglutide,hyponatraemia,89
teduglutide,underdose,89
teriparatide,pain in extremity,89
tirzepatide,colitis,89
tirzepatide,medication error,89
tirzepatide,myocardial infarction,89
tirzepatide,nephrolithiasis,89
tirzepatide,vertigo,89
tocilizumab,anxiety,89
tocilizumab,bursitis,89
tofacitinib citrate,constipation,89
tofacitinib citrate,movement disorder,89
tofacitinib citrate,thrombosis,89
treprostinil,haematochezia,89
treprostinil,panic attack,89
treprostinil,procedural pain,89
treprostinil,sluggishness,89
treprostinil sodium,therapy non-responder,89
trofinetide,cough,89
ustekinumab,intentional dose omission,89
valsartan,acute kidney injury,89
varicella-zoster virus strain oka/merck live antigen,product storage error,89
vedolizumab,blood glucose abnormal,89
vedolizumab,eructation,89
vedolizumab,periorbital swelling,89
vedolizumab,product temperature excursion issue,89
velaglucerase alfa,increased tendency to bruise,89
velaglucerase alfa,lower respiratory tract infection,89
voclosporin,off label use,89
vonoprazan fumarate,abdominal pain upper,89
vortioxetine hydrobromide,nausea,89
abaloparatide,anxiety,88
abaloparatide,hypotension,88
abaloparatide,injection site haemorrhage,88
abaloparatide,product quality issue,88
abaloparatide,tachycardia,88
abatacept,covid-19,88
acetaminophen,brain oedema,88
adalimumab,device use error,88
adalimumab,spinal operation,88
amlodipine besylate,wheezing,88
atorvastatin,back pain,88
atorvastatin,myopathy,88
avapritinib,constipation,88
belimumab,pyrexia,88
bimekizumab,candida infection,88
bimekizumab,illness,88
bimekizumab-bkzx,alopecia,88
brigatinib,memory impairment,88
budesonide,diarrhoea,88
budesonide,pain,88
bupropion hydrochloride\naltrexone hydrochloride,tremor,88
calcium carbonate,fibromyalgia,88
calcium carbonate,general physical health deterioration,88
calcium carbonate,nausea,88
calcium carbonate,weight increased,88
carfilzomib,anaemia,88
celecoxib,anxiety,88
celecoxib,bursitis,88
cenegermin-bkbj,visual impairment,88
cenobamate,headache,88
certolizumab pegol,musculoskeletal pain,88
cetirizine hydrochloride,insomnia,88
ciprofloxacin,pain in extremity,88
clozapine,extrapyramidal disorder,88
clozapine,hallucination,88
cyclosporine,drug hypersensitivity,88
cytarabine\daunorubicin,therapeutic product effect incomplete,88
dapagliflozin,hypotension,88
diclofenac,gait inability,88
dinutuximab,anaemia,88
docetaxel,sepsis,88
dupilumab,anaemia,88
dupilumab,dyshidrotic eczema,88
dupilumab,rib fracture,88
dupilumab,skin atrophy,88
eptinezumab-jjmr,dizziness,88
esomeprazole magnesium,palpitations,88
estradiol,device difficult to use,88
fenfluramine,dizziness,88
fluorouracil,neuropathy peripheral,88
fremanezumab-vfrm,drug dose omission by device,88
fulvestrant,erythema multiforme,88
human c1-esterase inhibitor,abdominal distension,88
human c1-esterase inhibitor,arthralgia,88
human c1-esterase inhibitor,diarrhoea,88
human immunoglobulin g,angioedema,88
human immunoglobulin g,eating disorder,88
human immunoglobulin g,pneumothorax,88
human immunoglobulin g\hyaluronidase (human recombinant),muscular weakness,88
human immunoglobulin g\hyaluronidase (human recombinant),pregnancy,88
ibuprofen,asthenia,88
icatibant acetate,musculoskeletal chest pain,88
idursulfase,ocular hyperaemia,88
infliximab,ear infection,88
infliximab-dyyb,localised infection,88
insulin aspart,hospitalisation,88
ipilimumab,immune-mediated lung disease,88
irbesartan,acute kidney injury,88
lanadelumab,depressed mood,88
lanadelumab,gastrointestinal disorder,88
leflunomide,treatment failure,88
lenalidomide,hip fracture,88
lenalidomide,intentional dose omission,88
leuprolide acetate,insomnia,88
leuprolide acetate,pain in extremity,88
levetiracetam,anger,88
levothyroxine sodium,adverse drug reaction,88
levothyroxine sodium,rash,88
levothyroxine sodium,tachycardia,88
loperamide hydrochloride,inappropriate schedule of product administration,88
lorlatinib,oedema,88
mavacamten,dyspnoea,88
medroxyprogesterone acetate,product use complaint,88
methotrexate,joint range of motion decreased,88
methotrexate,pulmonary fibrosis,88
minoxidil,hair texture abnormal,88
mirtazapine,drug interaction,88
mycophenolate mofetil,fatigue,88
natalizumab,stress,88
nintedanib,disease progression,88
octreotide,off label use,88
ofatumumab,needle issue,88
olanzapine,schizophrenia,88
omalizumab,inflammation,88
onabotulinumtoxina,dizziness,88
oxaliplatin,chills,88
paclitaxel,febrile neutropenia,88
palbociclib,heart rate increased,88
palbociclib,peripheral swelling,88
pancrelipase amylase\pancrelipase lipase\pancrelipase protease,pneumonia,88
peanut,illness,88
pomalidomide,abdominal discomfort,88
ponatinib,decreased appetite,88
prednisone,insomnia,88
prednisone,sepsis,88
propranolol hydrochloride,pyrexia,88
relugolix,nephrolithiasis,88
ribociclib succinate,influenza,88
riociguat,fatigue,88
risankizumab-rzaa,chronic obstructive pulmonary disease,88
risankizumab-rzaa,limb injury,88
rituximab,disease recurrence,88
rituximab,overdose,88
ruxolitinib,hypersensitivity,88
sacubitril\valsartan,hyperkalaemia,88
sarilumab,alopecia,88
secukinumab,death,88
secukinumab,product quality issue,88
selinexor,plasma cell myeloma,88
semaglutide,muscle atrophy,88
semaglutide,product dispensing error,88
semaglutide,stress,88
sotorasib,non-small cell lung cancer,88
sparsentan,arthralgia,88
tacrolimus,nephropathy toxic,88
tadalafil,nausea,88
teduglutide,blood urine present,88
teduglutide,joint injury,88
teduglutide,liver disorder,88
teduglutide,mouth swelling,88
teduglutide,oral discomfort,88
tioconazole,vulvovaginal burning sensation,88
tirzepatide,gallbladder disorder,88
tirzepatide,hypertension,88
tocilizumab,chest pain,88
tocilizumab,folliculitis,88
toripalimab,white blood cell count decreased,88
treprostinil,catheter site pruritus,88
treprostinil,pneumonia bacterial,88
upadacitinib,hypotension,88
ustekinumab,condition aggravated,88
vedolizumab,anger,88
vedolizumab,bursitis,88
vedolizumab,clostridium difficile colitis,88
vedolizumab,dry throat,88
vedolizumab,ear congestion,88
vedolizumab,oedema,88
vedolizumab,skin laceration,88
velaglucerase alfa,haematological infection,88
venlafaxine hydrochloride,off label use,88
voclosporin,glomerular filtration rate decreased,88
.alpha.1-proteinase inhibitor human,abdominal discomfort,87
.alpha.1-proteinase inhibitor human,blood pressure diastolic decreased,87
.alpha.1-proteinase inhibitor human,constipation,87
abaloparatide,product administered at inappropriate site,87
abatacept,influenza,87
adalimumab,chills,87
adalimumab,drug dose omission by device,87
adalimumab,macular degeneration,87
adalimumab,palpitations,87
adalimumab,vertigo,87
adalimumab-aaty,headache,87
albuterol,pain,87
alendronate sodium,liver disorder,87
alendronate sodium,lower limb fracture,87
alendronic acid,arthralgia,87
amlodipine besylate,drug hypersensitivity,87
amlodipine besylate,oedema,87
avacopan,off label use,87
axicabtagene ciloleucel,neutropenia,87
azithromycin,diarrhoea,87
benralizumab,back pain,87
bevacizumab,pneumonia,87
bimekizumab-bkzx,accidental exposure to product,87
bimekizumab-bkzx,dry skin,87
brigatinib,constipation,87
budesonide\formoterol fumarate dihydrate,pneumonia,87
buprenorphine hydrochloride,dependence,87
buprenorphine hydrochloride\naloxone hydrochloride,drug dependence,87
calcium carbonate,glossodynia,87
calcium carbonate,hypertension,87
calcium carbonate,psoriatic arthropathy,87
calcium oxybate\magnesium oxybate\potassium oxybate\sodium oxybate,brain fog,87
calcium oxybate\magnesium oxybate\potassium oxybate\sodium oxybate,gastrooesophageal reflux disease,87
cannabidiol,fatigue,87
cannabidiol,surgery,87
capecitabine,fatigue,87
carbidopa\levodopa,bradykinesia,87
celecoxib,liver disorder,87
celecoxib,pain in extremity,87
certolizumab pegol,intentional product use issue,87
certolizumab pegol,oedema,87
ciprofloxacin,dyspnoea,87
ciprofloxacin,off label use,87
ciprofloxacin,tendon pain,87
citalopram,intentional overdose,87
clozapine,delirium,87
collagenase clostridium histolyticum,contusion,87
copper,post-traumatic stress disorder,87
corticotropin,urinary tract infection,87
cyclophosphamide,product use in unapproved indication,87
dapagliflozin,diabetic ketoacidosis,87
dexamethasone,neuropathy peripheral,87
diclofenac,arthropathy,87
diclofenac,helicobacter infection,87
diclofenac sodium,injury,87
diclofenac sodium,lower respiratory tract infection,87
dupilumab,blepharospasm,87
dupilumab,blood pressure decreased,87
dupilumab,confusional state,87
dupilumab,skin erosion,87
durvalumab,dyspnoea,87
durvalumab,neuropathy peripheral,87
erenumab-aooe,drug ineffective,87
esketamine,"hallucination, visual",87
esomeprazole magnesium,asthenia,87
etanercept,influenza,87
etanercept,pyrexia,87
etanercept,urinary tract infection,87
finerenone,glomerular filtration rate decreased,87
gabapentin,diarrhoea,87
galcanezumab-gnlm,drug ineffective,87
glatiramer acetate,circumstance or information capable of leading to medication error,87
glatiramer acetate,dyspnoea,87
golimumab,psoriatic arthropathy,87
human c1-esterase inhibitor,dizziness,87
human immunoglobulin g,flank pain,87
human immunoglobulin g,gout,87
human immunoglobulin g,lung neoplasm malignant,87
human immunoglobulin g,pericardial effusion,87
human immunoglobulin g,product preparation issue,87
human immunoglobulin g,urinary retention,87
ibuprofen,pyrexia,87
icatibant acetate,disturbance in attention,87
icatibant acetate,drug effect less than expected,87
icatibant acetate,drug eruption,87
icatibant acetate,joint injury,87
icatibant acetate,syncope,87
idursulfase,apnoea,87
idursulfase,inguinal hernia,87
idursulfase,rash pruritic,87
idursulfase,sleep disorder,87
infliximab,influenza like illness,87
infliximab-dyyb,herpes zoster,87
infliximab-dyyb,rheumatoid arthritis,87
isotretinoin,suicidal ideation,87
ixazomib,memory impairment,87
ixazomib,urinary tract infection,87
lanadelumab,insomnia,87
lanreotide acetate,dyspnoea,87
lenalidomide,acute kidney injury,87
lenalidomide,cytopenia,87
lenalidomide,dyspepsia,87
lenalidomide,visual impairment,87
letrozole,dyspnoea,87
levothyroxine sodium,covid-19,87
linezolid,anaemia,87
mepolizumab,blood pressure increased,87
methotrexate,foot deformity,87
miconazole nitrate,vulvovaginal pain,87
omalizumab,food allergy,87
omalizumab,somnolence,87
osimertinib,atrial fibrillation,87
pancrelipase amylase\pancrelipase lipase\pancrelipase protease,decreased appetite,87
pimavanserin tartrate,nightmare,87
prednisone,pyrexia,87
prednisone,therapy partial responder,87
pregabalin,cough,87
risankizumab-rzaa,feeding disorder,87
rituximab,haematotoxicity,87
rituximab,loss of personal independence in daily activities,87
rituximab-pvvr,cataract,87
ruxolitinib,blood iron decreased,87
ruxolitinib,full blood count abnormal,87
ruxolitinib,migraine,87
semaglutide,cardiac disorder,87
semaglutide,hypotension,87
semaglutide,weight fluctuation,87
sodium citrate,nausea,87
sparsentan,drug ineffective,87
tacrolimus,hypertension,87
teduglutide,confusional state,87
teduglutide,enterocutaneous fistula,87
teduglutide,product leakage,87
teduglutide,product prescribing error,87
tezepelumab,fall,87
tirzepatide,feeling cold,87
tirzepatide,seizure,87
tirzepatide,sensitive skin,87
tocilizumab,intentional product use issue,87
tocilizumab,irritable bowel syndrome,87
tocilizumab,mobility decreased,87
treprostinil,catheter site discharge,87
treprostinil,gait inability,87
treprostinil,gastrointestinal motility disorder,87
treprostinil,injection site haemorrhage,87
treprostinil,pulmonary pain,87
treprostinil,respiratory syncytial virus infection,87
treprostinil sodium,malaise,87
vedolizumab,blood albumin decreased,87
vedolizumab,brain neoplasm,87
vedolizumab,groin pain,87
vedolizumab,oesophageal pain,87
vedolizumab,wrist fracture,87
venetoclax,disease progression,87
.alpha.1-proteinase inhibitor human,dehydration,86
.alpha.1-proteinase inhibitor human,sinus disorder,86
abaloparatide,sleep disorder,86
abatacept,grip strength decreased,86
acetaminophen\aspirin\caffeine,drug ineffective,86
adalimumab,injection site swelling,86
aflibercept,visual acuity reduced,86
alendronate sodium,abdominal pain,86
amikacin,condition aggravated,86
aminolevulinic acid hydrochloride,poor quality product administered,86
atorvastatin,off label use,86
avapritinib,memory impairment,86
benralizumab,pruritus,86
brigatinib,decreased appetite,86
brigatinib,infection,86
cabozantinib s-malate,death,86
calcium carbonate,drug hypersensitivity,86
calcium carbonate,hand deformity,86
calcium carbonate,hepatic enzyme increased,86
calcium carbonate,mobility decreased,86
calcium oxybate\magnesium oxybate\potassium oxybate\sodium oxybate,feeling drunk,86
calcium oxybate\magnesium oxybate\potassium oxybate\sodium oxybate,unevaluable event,86
carboplatin,interstitial lung disease,86
celecoxib,breast cancer stage iii,86
celecoxib,paraesthesia,86
certolizumab pegol,hypercholesterolaemia,86
certolizumab pegol,injection site discolouration,86
certolizumab pegol,sciatica,86
ciprofloxacin,muscular weakness,86
clozapine,electrocardiogram qt prolonged,86
corticotropin,vision blurred,86
crisaborole,drug ineffective,86
dasatinib,fatigue,86
diazepam,intentional product misuse,86
diclofenac,blister,86
diclofenac sodium,fibromyalgia,86
diclofenac sodium,muscle injury,86
diclofenac sodium,stomatitis,86
dupilumab,foreign body sensation in eyes,86
dupilumab,systemic lupus erythematosus,86
enzalutamide,neuropathy peripheral,86
etanercept,needle issue,86
etonogestrel,amenorrhoea,86
evolocumab,diabetes mellitus,86
fam-trastuzumab deruxtecan-nxki,metastases to central nervous system,86
fenfluramine,gait disturbance,86
fenfluramine,gastrointestinal tube insertion,86
fludarabine phosphate,cytokine release syndrome,86
fluticasone furoate\umeclidinium bromide\vilanterol trifenatate,death,86
foscarbidopa\foslevodopa,dysphagia,86
fostamatinib,blood pressure increased,86
fulvestrant,leukopenia,86
furosemide,hypokalaemia,86
gabapentin,myoclonus,86
human immunoglobulin g,bradycardia,86
human immunoglobulin g,maternal exposure during pregnancy,86
human immunoglobulin g,peripheral coldness,86
human immunoglobulin g,spinal pain,86
human immunoglobulin g\hyaluronidase (human recombinant),heart rate increased,86
human immunoglobulin g\hyaluronidase (human recombinant),meningitis aseptic,86
ibrutinib,neutropenia,86
icatibant acetate,administration site pain,86
icatibant acetate,bronchitis,86
icatibant acetate,liver injury,86
icatibant acetate,neck pain,86
idursulfase,cognitive disorder,86
idursulfase,dengue fever,86
inclisiran sodium,drug ineffective,86
infliximab,memory impairment,86
infliximab,tuberculosis,86
infliximab-dyyb,haemorrhage,86
infliximab-dyyb,loss of consciousness,86
ipilimumab,liver disorder,86
irinotecan hydrochloride,nausea,86
lacosamide,epilepsy,86
lamotrigine,condition aggravated,86
lanadelumab,pain in extremity,86
lenalidomide,hepatic enzyme increased,86
leuprolide acetate,intercepted product administration error,86
levothyroxine sodium,pain,86
lumateperone,headache,86
mavacamten,off label use,86
metformin hydrochloride,weight increased,86
methotrexate,migraine,86
methotrexate,oedema peripheral,86
natalizumab,nasopharyngitis,86
nintedanib,peripheral swelling,86
niraparib,constipation,86
obeticholic acid,fatigue,86
ocrelizumab,vomiting,86
omalizumab,burning sensation,86
omalizumab,throat clearing,86
oxycodone hydrochloride,fatigue,86
oxycodone hydrochloride,impaired driving ability,86
panitumumab,acne,86
perampanel,seizure,86
pexidartinib hydrochloride,product dose omission in error,86
pimavanserin tartrate,dysphagia,86
pregabalin,muscular weakness,86
propranolol hydrochloride,vomiting,86
ravulizumab-cwvz,vomiting,86
relugolix,apathy,86
relugolix,cold sweat,86
risankizumab-rzaa,product temperature excursion issue,86
risankizumab-rzaa,swelling,86
risperidone,product use in unapproved indication,86
rituximab,immunodeficiency,86
romosozumab-aqqg,injection site pain,86
semaglutide,burning sensation,86
sparsentan,product dose omission issue,86
sparsentan,weight increased,86
tadalafil,off label use,86
teduglutide,hypophosphataemia,86
teduglutide,septic shock,86
teduglutide,wound infection,86
teriparatide,fall,86
tirzepatide,hepatic enzyme increased,86
tirzepatide,taste disorder,86
tocilizumab,back pain,86
tocilizumab,device malfunction,86
tocilizumab,general physical health deterioration,86
tocilizumab,therapy non-responder,86
tofacitinib citrate,swelling,86
tranexamic acid,drug ineffective,86
treprostinil,eye pain,86
upadacitinib,contusion,86
upadacitinib,visual impairment,86
ustekinumab,abdominal pain,86
vedolizumab,arthropod bite,86
vedolizumab,breast mass,86
vedolizumab,injection site discharge,86
vedolizumab,neuralgia,86
vedolizumab,tooth fracture,86
venlafaxine hydrochloride,depression,86
venlafaxine hydrochloride,fatigue,86
.alpha.1-proteinase inhibitor human,cystitis,85
.alpha.1-proteinase inhibitor human,fluid retention,85
.alpha.1-proteinase inhibitor human,product availability issue,85
.alpha.1-proteinase inhibitor human,product distribution issue,85
abatacept,neck pain,85
acalabrutinib,contusion,85
adalimumab,exposure during pregnancy,85
aflibercept,hospitalisation,85
amikacin,dizziness,85
"antihemophilic factor, human recombinant",musculoskeletal stiffness,85
atorvastatin,pruritus,85
benralizumab,asthenia,85
benralizumab,condition aggravated,85
benralizumab,myocardial infarction,85
bevacizumab,malignant neoplasm progression,85
brexucabtagene autoleucel,cytokine release syndrome,85
budesonide,full blood count abnormal,85
budesonide,swelling face,85
bupivacaine hydrochloride,drug ineffective,85
calcium carbonate,diarrhoea,85
calcium carbonate,helicobacter infection,85
calcium carbonate,nasopharyngitis,85
carbidopa\levodopa,feeling abnormal,85
carfilzomib,therapy partial responder,85
celecoxib,adjustment disorder with depressed mood,85
celecoxib,dislocation of vertebra,85
certolizumab pegol,deep vein thrombosis postoperative,85
certolizumab pegol,liver disorder,85
cetirizine hydrochloride,anxiety,85
cetirizine hydrochloride,drug hypersensitivity,85
ciprofloxacin,drug hypersensitivity,85
collagenase clostridium histolyticum,drug effect less than expected,85
copper,pelvic inflammatory disease,85
cyclosporine,diarrhoea,85
daptomycin,product use in unapproved indication,85
dextroamphetamine,application site erythema,85
diclofenac,duodenal ulcer perforation,85
diclofenac,hepatic enzyme increased,85
diclofenac,impaired healing,85
diclofenac,lower respiratory tract infection,85
diclofenac sodium,rheumatic fever,85
dimethyl fumarate,nausea,85
dinutuximab,fibrin d dimer increased,85
dulaglutide,visual impairment,85
dupilumab,pustule,85
dupilumab,sunburn,85
eculizumab,vomiting,85
epcoritamab-bysp,immune effector cell-associated neurotoxicity syndrome,85
escitalopram oxalate,withdrawal syndrome,85
ezetimibe,fatigue,85
faricimab-svoa,blindness,85
fenfluramine,restlessness,85
fentanyl,device adhesion issue,85
flecainide,toxicity to various agents,85
fludarabine phosphate,febrile neutropenia,85
gabapentin,condition aggravated,85
gilteritinib,off label use,85
glatiramer acetate,drug ineffective,85
human immunoglobulin g,nervous system disorder,85
human immunoglobulin g,oral pain,85
human immunoglobulin g,pelvic fracture,85
human immunoglobulin g\hyaluronidase (human recombinant),arthropathy,85
human immunoglobulin g\hyaluronidase (human recombinant),blood cholesterol increased,85
human immunoglobulin g\hyaluronidase (human recombinant),death of relative,85
human immunoglobulin g\hyaluronidase (human recombinant),depressed mood,85
human immunoglobulin g\hyaluronidase (human recombinant),device use issue,85
human immunoglobulin g\hyaluronidase (human recombinant),incorrect product administration duration,85
human immunoglobulin g\hyaluronidase (human recombinant),rash macular,85
icatibant acetate,blood oestrogen increased,85
icatibant acetate,post-traumatic stress disorder,85
icatibant acetate,visual impairment,85
idursulfase,pulmonary congestion,85
infliximab,drug specific antibody present,85
infliximab,hepatic enzyme increased,85
infliximab-dyyb,chest discomfort,85
interferon beta-1a,memory impairment,85
ixazomib,dyspnoea,85
lanadelumab,peripheral swelling,85
leuprolide acetate,weight decreased,85
levetiracetam,depression,85
levetiracetam,overdose,85
levothyroxine sodium,peripheral swelling,85
lotilaner,drug ineffective,85
macitentan,dizziness,85
methotrexate,bursitis,85
methotrexate,drug interaction,85
metyrapone,off label use,85
mycophenolate mofetil,dyspnoea,85
ocrelizumab,weight increased,85
ofatumumab,injection site haemorrhage,85
omalizumab,aphonia,85
omeprazole,drug interaction,85
ozanimod hydrochloride,product dose omission issue,85
palbociclib,hypoacusis,85
panitumumab,dry skin,85
pembrolizumab,muscular weakness,85
pimavanserin tartrate,paranoia,85
ponatinib,drug intolerance,85
ponatinib,gastrointestinal disorder,85
ponatinib,gastrooesophageal reflux disease,85
pregabalin,pyrexia,85
quetiapine fumarate,anxiety,85
ravulizumab-cwvz,diabetes mellitus,85
ravulizumab-cwvz,off label use,85
relugolix,hypoaesthesia,85
relugolix,nasal congestion,85
relugolix,red blood cell count decreased,85
ribociclib succinate,gait disturbance,85
ribociclib succinate,haemoglobin decreased,85
risankizumab-rzaa,abortion spontaneous,85
risankizumab-rzaa,cellulitis,85
risankizumab-rzaa,hepatic cirrhosis,85
risankizumab-rzaa,hysterectomy,85
rosuvastatin,vomiting,85
rosuvastatin calcium,drug interaction,85
ruxolitinib,paraesthesia,85
secukinumab,cerebrovascular accident,85
selexipag,pulmonary arterial hypertension,85
semaglutide,product storage error,85
sparsentan,back pain,85
teduglutide,agitation,85
teduglutide,dry skin,85
teduglutide,injection site irritation,85
teduglutide,iron deficiency anaemia,85
teduglutide,micturition disorder,85
teduglutide,palpitations,85
teduglutide,upper limb fracture,85
teprotumumab-trbw,ear discomfort,85
tirzepatide,gastroenteritis,85
tocilizumab,oedema,85
treprostinil,nasal dryness,85
treprostinil,neuralgia,85
treprostinil,rash pruritic,85
treprostinil sodium,arthralgia,85
trofinetide,prescribed underdose,85
upadacitinib,discomfort,85
vedolizumab,enteritis,85
vedolizumab,intestinal haemorrhage,85
vedolizumab,micturition urgency,85
vedolizumab,morning sickness,85
vedolizumab,platelet count decreased,85
velaglucerase alfa,concussion,85
velaglucerase alfa,erythema,85
velaglucerase alfa,erythema of eyelid,85
velaglucerase alfa,pharyngitis streptococcal,85
velaglucerase alfa,xanthelasma,85
.alpha.1-proteinase inhibitor human,gait disturbance,84
.alpha.1-proteinase inhibitor human,infusion site pain,84
abatacept,taste disorder,84
acalabrutinib,malignant neoplasm progression,84
adalimumab,finger deformity,84
adalimumab-aaty,fatigue,84
aflibercept,blindness unilateral,84
aflibercept,endophthalmitis,84
albuterol,malaise,84
albuterol sulfate,malaise,84
ambrisentan,malaise,84
amikacin,throat irritation,84
anakinra,drug ineffective,84
apixaban,weight decreased,84
aripiprazole,depressed mood,84
aripiprazole,toxicity to various agents,84
avapritinib,lacrimation increased,84
axitinib,death,84
bimekizumab-bkzx,stress,84
brigatinib,hypertension,84
buprenorphine,drug use disorder,84
buprenorphine,maternal exposure during pregnancy,84
bupropion hydrochloride\naltrexone hydrochloride,therapeutic product effect incomplete,84
cabozantinib s-malate,drug intolerance,84
cabozantinib s-malate,hair colour changes,84
calcium carbonate,decreased appetite,84
calcium carbonate,liver injury,84
calcium carbonate,malaise,84
carbidopa\levodopa,therapeutic product effect incomplete,84
carboplatin,arthralgia,84
celecoxib,therapy non-responder,84
celecoxib,walking aid user,84
cenobamate,feeling abnormal,84
cetirizine hydrochloride,arthralgia,84
ciltacabtagene autoleucel,death,84
ciltacabtagene autoleucel,malaise,84
ciprofloxacin,headache,84
clopidogrel bisulfate,fatigue,84
collagenase clostridium histolyticum,inappropriate schedule of product administration,84
copper,device material issue,84
copper,sensation of foreign body,84
deutetrabenazine,fatigue,84
diclofenac,confusional state,84
diclofenac,fibromyalgia,84
diclofenac,general physical health deterioration,84
diclofenac,grip strength decreased,84
diclofenac,infusion related reaction,84
diclofenac sodium,asthenia,84
empagliflozin,vomiting,84
enfortumab vedotin-ejfv,erythema,84
escitalopram oxalate,insomnia,84
esketamine,suicide attempt,84
"estrogens, conjugated",intentional product misuse,84
"estrogens, conjugated",malaise,84
etanercept,fall,84
etanercept,headache,84
evolocumab,product administration error,84
exenatide,device use issue,84
ezetimibe,arthralgia,84
fenfluramine,headache,84
fluticasone furoate,product complaint,84
fluticasone furoate\umeclidinium bromide\vilanterol trifenatate,extra dose administered,84
glutamine,product dose omission issue,84
human immunoglobulin g,blood creatinine increased,84
human immunoglobulin g,delirium,84
human immunoglobulin g,haematuria,84
human immunoglobulin g,hiatus hernia,84
human immunoglobulin g,leukaemia,84
human immunoglobulin g,malignant melanoma,84
human immunoglobulin g,oral discomfort,84
human immunoglobulin g\hyaluronidase (human recombinant),heart rate decreased,84
human immunoglobulin g\hyaluronidase (human recombinant),musculoskeletal stiffness,84
icatibant acetate,tonsillitis,84
idursulfase,pregnancy of partner,84
infliximab,gastrooesophageal reflux disease,84
infliximab,hypotension,84
infliximab,intestinal obstruction,84
infliximab,muscle spasms,84
infliximab-dyyb,anaemia,84
infliximab-dyyb,oedema peripheral,84
infliximab-dyyb,somnolence,84
insulin aspart,fall,84
insulin glargine,malaise,84
irinotecan,diarrhoea,84
lecanemab-irmb,cerebral infarction,84
lenalidomide,cardiac disorder,84
lenalidomide,loss of consciousness,84
lenalidomide,respiratory tract congestion,84
lenvatinib,cardiac failure,84
letrozole,asthenia,84
levonorgestrel,pruritus,84
levonorgestrel,unintentional medical device removal,84
lorlatinib,blood glucose increased,84
macitentan,fatigue,84
mepolizumab,weight decreased,84
methotrexate,c-reactive protein abnormal,84
methotrexate,intentional product use issue,84
methotrexate,musculoskeletal pain,84
natalizumab,covid-19,84
natalizumab,dizziness,84
nintedanib,depression,84
nintedanib,pyrexia,84
nivolumab,dyspnoea,84
nivolumab,malaise,84
ocrelizumab,herpes zoster,84
ofatumumab,incorrect dose administered by device,84
olaparib,fall,84
omalizumab,abdominal distension,84
osilodrostat phosphate,nausea,84
oxaliplatin,acute kidney injury,84
palbociclib,feeling abnormal,84
paliperidone palmitate,weight increased,84
panitumumab,diarrhoea,84
pembrolizumab,dysphonia,84
pembrolizumab,pulmonary toxicity,84
pembrolizumab,respiratory failure,84
pemetrexed,anaemia,84
pimavanserin tartrate,general symptom,84
ponatinib,dyspepsia,84
pregabalin,hypertension,84
quetiapine,confusional state,84
ravulizumab-cwvz,anaemia,84
rituximab,alanine aminotransferase increased,84
rituximab,duodenal ulcer perforation,84
rituximab,progressive multifocal leukoencephalopathy,84
rituximab-pvvr,ear pruritus,84
rotigotine,parkinson's disease,84
selumetinib,dermatitis acneiform,84
semaglutide,incorrect dose administered by device,84
somatropin,product knowledge deficit,84
teduglutide,catheter site inflammation,84
teduglutide,lumbar vertebral fracture,84
tipiracil hydrochloride\trifluridine,disease progression,84
tirzepatide,cataract,84
tirzepatide,confusional state,84
tirzepatide,gastrointestinal sounds abnormal,84
tirzepatide,rash pruritic,84
tocilizumab,white blood cell count decreased,84
tofacitinib citrate,pruritus,84
treprostinil,dysphagia,84
treprostinil,ear pain,84
treprostinil,infusion site nodule,84
treprostinil,joint injury,84
treprostinil,rectal haemorrhage,84
treprostinil,sciatica,84
trofinetide,gastrooesophageal reflux disease,84
upadacitinib,flatulence,84
ustekinumab,exposure during pregnancy,84
valsartan,dizziness,84
vedolizumab,cytomegalovirus colitis,84
vedolizumab,thyroid mass,84
vedolizumab,vein rupture,84
vedolizumab,vitamin d deficiency,84
velaglucerase alfa,heart rate abnormal,84
velaglucerase alfa,pneumonia bacterial,84
velaglucerase alfa,skin discolouration,84
velaglucerase alfa,snoring,84
zanubrutinib,contusion,84
zoledronic acid,decreased appetite,84
zoledronic acid,fall,84
abatacept,lower limb fracture,83
abemaciclib,hot flush,83
abemaciclib,taste disorder,83
abrocitinib,therapeutic product effect incomplete,83
alendronate sodium,prescribed underdose,83
"antihemophilic factor, human recombinant",animal bite,83
apixaban,peripheral swelling,83
aripiprazole,aggression,83
aripiprazole,asthenia,83
aripiprazole,dystonia,83
atorvastatin,rash,83
avapritinib,abdominal pain upper,83
avapritinib,arthralgia,83
axicabtagene ciloleucel,disease progression,83
belimumab,dizziness,83
bimekizumab-bkzx,ear infection,83
blinatumomab,immune effector cell-associated neurotoxicity syndrome,83
budesonide,pyrexia,83
budesonide,weight decreased,83
budesonide\formoterol\glycopyrronium,dyspnoea,83
bupropion hydrochloride,serotonin syndrome,83
cabozantinib s-malate,erythema,83
calcium carbonate,joint swelling,83
calcium carbonate,rheumatic fever,83
calcium chloride\dextrose\magnesium chloride\sodium chloride\sodium lactate,treatment noncompliance,83
calcium oxybate\magnesium oxybate\potassium oxybate\sodium oxybate,arthralgia,83
calcium oxybate\magnesium oxybate\potassium oxybate\sodium oxybate,asthenia,83
carbidopa\levodopa,hypotension,83
certolizumab pegol,lung disorder,83
ciltacabtagene autoleucel,fatigue,83
clozapine,neoplasm malignant,83
collagenase clostridium histolyticum,swelling,83
corticotropin,stress,83
denosumab,myalgia,83
diclofenac,dyspepsia,83
diclofenac,joint range of motion decreased,83
diclofenac sodium,mobility decreased,83
diclofenac sodium,pain in extremity,83
diclofenac sodium,therapeutic product effect decreased,83
diroximel fumarate,balance disorder,83
docetaxel,general physical health deterioration,83
docetaxel,lacrimal structure injury,83
dulaglutide,depression,83
dupilumab,renal disorder,83
dupilumab,sciatica,83
efavirenz\emtricitabine\tenofovir disoproxil fumarate,multiple fractures,83
elacestrant,product dose omission issue,83
emtricitabine\tenofovir,foetal exposure during pregnancy,83
escitalopram oxalate,toxicity to various agents,83
estradiol,device defective,83
estradiol,product physical issue,83
eteplirsen,no adverse event,83
exenatide,injection site pain,83
ezetimibe,muscle spasms,83
fam-trastuzumab deruxtecan-nxki,pneumonitis,83
fenfluramine,head injury,83
finasteride,completed suicide,83
fluticasone propionate\salmeterol xinafoate,cough,83
fulvestrant,asthenia,83
fulvestrant,disease progression,83
galcanezumab-gnlm,injection site bruising,83
guselkumab,wrong technique in product usage process,83
human c1-esterase inhibitor,dyspnoea,83
human immunoglobulin g,allergy to plants,83
human immunoglobulin g,crohn's disease,83
human immunoglobulin g,gastric polyps,83
human immunoglobulin g,sensitivity to weather change,83
human immunoglobulin g\hyaluronidase (human recombinant),respiratory syncytial virus infection,83
ibrutinib,pain,83
icatibant acetate,drug hypersensitivity,83
icatibant acetate,weight fluctuation,83
idecabtagene vicleucel,cytokine release syndrome,83
idursulfase,excessive cerumen production,83
infliximab-dyyb,clostridium difficile infection,83
infliximab-dyyb,wound,83
insulin aspart,hyperglycaemia,83
insulin glargine,expired product administered,83
insulin glargine,injection site haemorrhage,83
insulin lispro,diabetic ketoacidosis,83
iohexol,pruritus,83
iopromide,blood pressure decreased,83
ipilimumab,immune-mediated dermatitis,83
isotretinoin,product dispensing issue,83
ixazomib,insomnia,83
lanadelumab,migraine,83
lenvatinib,constipation,83
lenvatinib,pain,83
levothyroxine sodium,cognitive disorder,83
levothyroxine sodium,memory impairment,83
mepolizumab,rhinorrhoea,83
mepolizumab,sleep disorder due to a general medical condition,83
methotrexate,bronchitis,83
mometasone furoate monohydrate\olopatadine hydrochloride,product use in unapproved indication,83
naltrexone,injection site pain,83
natalizumab,balance disorder,83
nintedanib,anaemia,83
nirmatrelvir\ritonavir,headache,83
nivolumab,immune-mediated myocarditis,83
omalizumab,secretion discharge,83
paclitaxel,oxygen saturation decreased,83
palbociclib,cerebrovascular accident,83
pegvaliase-pqpz,hypersensitivity,83
pembrolizumab,cough,83
pemetrexed,malignant neoplasm progression,83
pimavanserin tartrate,unevaluable event,83
pomalidomide,pain in extremity,83
prednisone,rash,83
pregabalin,balance disorder,83
pregabalin,memory impairment,83
pregabalin,seizure,83
quetiapine fumarate,pain,83
ravulizumab-cwvz,blood lactate dehydrogenase increased,83
ravulizumab-cwvz,sepsis,83
relugolix,musculoskeletal pain,83
ripretinib,dry skin,83
risankizumab-rzaa,blindness,83
risankizumab-rzaa,immunodeficiency,83
risankizumab-rzaa,product quality issue,83
risankizumab-rzaa,pulmonary oedema,83
risankizumab-rzaa,squamous cell carcinoma,83
rituximab,cardiac failure,83
rituximab,cytomegalovirus infection,83
rituximab,rash erythematous,83
rivaroxaban,headache,83
ruxolitinib,balance disorder,83
ruxolitinib,brain fog,83
ruxolitinib,drug intolerance,83
ruxolitinib,nasopharyngitis,83
satralizumab-mwge,neuromyelitis optica spectrum disorder,83
secukinumab,cellulitis,83
sertraline hydrochloride,withdrawal syndrome,83
sodium chloride,nausea,83
tafamidis,atrial fibrillation,83
teduglutide,haematoma,83
tezepelumab-ekko,fatigue,83
tirzepatide,deep vein thrombosis,83
tirzepatide,gastroenteritis viral,83
tocilizumab,dry mouth,83
tocilizumab,rheumatic fever,83
tofacitinib citrate,knee operation,83
tolvaptan,decreased appetite,83
tolvaptan,glomerular filtration rate decreased,83
trazodone hydrochloride,completed suicide,83
treprostinil,nasal discomfort,83
trofinetide,retching,83
upadacitinib,product storage error,83
vedolizumab,cerebral haemorrhage,83
vedolizumab,conjunctivitis,83
vedolizumab,disability,83
vedolizumab,infusion site haemorrhage,83
vedolizumab,oral pain,83
vedolizumab,product preparation error,83
vedolizumab,product prescribing error,83
vedolizumab,scar,83
velaglucerase alfa,lethargy,83
vismodegib,muscle spasms,83
voclosporin,abdominal discomfort,83
zolbetuximab-clzb,ascites,83
abaloparatide,neck pain,82
abatacept,product quality issue,82
abatacept,upper respiratory tract infection,82
acalabrutinib,pain,82
adalimumab,back disorder,82
adalimumab,carpal tunnel syndrome,82
adalimumab,dehydration,82
adalimumab-aaty,accidental exposure to product,82
amoxicillin,dyspnoea,82
amphetamine aspartate\amphetamine sulfate\dextroamphetamine saccharate\dextroamphetamine sulfate,nausea,82
antihemophilic factor human,contusion,82
"antihemophilic factor, human recombinant",lip haemorrhage,82
"antihemophilic factor, human recombinant",mobility decreased,82
apixaban,hypotension,82
apomorphine hydrochloride,vomiting,82
aripiprazole,medication error,82
aripiprazole,overdose,82
atezolizumab,nausea,82
atezolizumab,pneumonia,82
avacopan,liver disorder,82
azelastine hydrochloride,product dose omission issue,82
belumosudil,fatigue,82
benralizumab,nasopharyngitis,82
bimekizumab,surgery,82
bortezomib,pneumonia,82
brivaracetam,overdose,82
cabozantinib s-malate,dizziness,82
cabozantinib s-malate,dry mouth,82
cabozantinib s-malate,oral pain,82
calcium carbonate,infusion related reaction,82
calcium carbonate,musculoskeletal stiffness,82
calcium oxybate\magnesium oxybate\potassium oxybate\sodium oxybate,treatment noncompliance,82
celecoxib,exposure during pregnancy,82
certolizumab pegol,feeling abnormal,82
certolizumab pegol,"sleep disorder due to general medical condition, insomnia type",82
ciprofloxacin,tendonitis,82
citalopram,death,82
clozapine,alopecia,82
clozapine,general physical health deterioration,82
clozapine,illness,82
conestat alfa,drug ineffective,82
copper,stress,82
corticotropin,muscular weakness,82
corticotropin,therapeutic response shortened,82
cyclophosphamide,decreased appetite,82
cyclophosphamide,diarrhoea,82
cyclosporine,fatigue,82
cytarabine,febrile neutropenia,82
dasatinib,drug ineffective,82
deutetrabenazine,tremor,82
dexamethasone,death,82
diclofenac,hypertension,82
diclofenac,migraine,82
dinutuximab,capillary leak syndrome,82
dulaglutide,anxiety,82
dupilumab,head injury,82
eliglustat,weight decreased,82
empagliflozin,cardiac failure,82
escitalopram oxalate,suicide attempt,82
esomeprazole,nausea,82
estradiol,wrong technique in device usage process,82
etanercept,pruritus,82
etanercept,treatment failure,82
fentanyl citrate,drug abuse,82
fluorouracil,vomiting,82
fluoxetine hydrochloride,suicide attempt,82
foscarbidopa\foslevodopa,infusion site discharge,82
foscarbidopa\foslevodopa,pain,82
fruquintinib,dizziness,82
furosemide,off label use,82
gabapentin,treatment failure,82
human immunoglobulin g,dysuria,82
human immunoglobulin g,movement disorder,82
human immunoglobulin g,polyp,82
human immunoglobulin g\hyaluronidase (human recombinant),allergy to immunoglobulin therapy,82
human immunoglobulin g\hyaluronidase (human recombinant),back disorder,82
human immunoglobulin g\hyaluronidase (human recombinant),infusion site oedema,82
human immunoglobulin g\hyaluronidase (human recombinant),mobility decreased,82
human immunoglobulin g\hyaluronidase (human recombinant),rheumatoid arthritis,82
icatibant acetate,accidental exposure to product,82
icatibant acetate,duodenogastric reflux,82
icatibant acetate,foreign body in throat,82
icatibant acetate,injection site discharge,82
icatibant acetate,post procedural haemorrhage,82
icatibant acetate,product container seal issue,82
idursulfase,abdominal discomfort,82
idursulfase,food allergy,82
idursulfase,movement disorder,82
idursulfase,rash erythematous,82
imatinib,toxicity to various agents,82
infliximab,hyperhidrosis,82
infliximab,product use in unapproved indication,82
infliximab-dyyb,heart rate irregular,82
insulin glargine,cataract,82
ixazomib,hypokalaemia,82
lacosamide,generalised tonic-clonic seizure,82
lanreotide acetate,arthralgia,82
leflunomide,therapeutic product effect decreased,82
leflunomide,type 2 diabetes mellitus,82
lenalidomide,plasma cell myeloma recurrent,82
leuprolide acetate,hyperhidrosis,82
levetiracetam,agitation,82
levonorgestrel,intermenstrual bleeding,82
levothyroxine sodium,product use issue,82
liraglutide,off label use,82
lisdexamfetamine dimesylate,feeling abnormal,82
mepolizumab,peripheral swelling,82
mepolizumab,vomiting,82
metformin hydrochloride,dehydration,82
metformin hydrochloride,pneumonia,82
methotrexate,dry mouth,82
morphine sulfate,toxicity to various agents,82
mycophenolate mofetil,renal failure,82
nivolumab,myocarditis,82
nivolumab,pemphigoid,82
ocrelizumab,anxiety,82
olaparib,ovarian cancer recurrent,82
olopatadine hydrochloride,drug ineffective,82
onabotulinumtoxina,pain,82
palbociclib,mean cell haemoglobin increased,82
pancrelipase amylase\pancrelipase lipase\pancrelipase protease,cerebrovascular accident,82
pegvaliase-pqpz,anaphylactic reaction,82
pomalidomide,confusional state,82
pregabalin,death,82
relugolix,blood urine present,82
ripretinib,diarrhoea,82
risankizumab-rzaa,intestinal operation,82
risankizumab-rzaa,muscular weakness,82
rituximab,agranulocytosis,82
rituximab,body temperature decreased,82
rituximab,c-reactive protein abnormal,82
rituximab,neuropathy peripheral,82
rituximab,peripheral venous disease,82
rurioctocog alfa pegol,product dose omission issue,82
selexipag,nausea,82
sertraline hydrochloride,drug abuse,82
sodium zirconium cyclosilicate,hyperkalaemia,82
sparsentan,cough,82
tacrolimus,neurotoxicity,82
tacrolimus,posterior reversible encephalopathy syndrome,82
tadalafil,fatigue,82
teduglutide,device use issue,82
teduglutide,intentional product misuse,82
teduglutide,product administration error,82
teduglutide,product packaging issue,82
teduglutide,therapeutic product effect incomplete,82
tenofovir disoproxil fumarate,tooth loss,82
tezepelumab-ekko,dizziness,82
tezepelumab-ekko,headache,82
tirzepatide,fluid intake reduced,82
tirzepatide,malnutrition,82
tocilizumab,erythema,82
tralokinumab-ldrm,injection site erythema,82
treprostinil,catheter site infection,82
treprostinil,feeding disorder,82
treprostinil,infusion site rash,82
treprostinil,pulmonary embolism,82
treprostinil,wrong dose,82
upadacitinib,fistula,82
upadacitinib,myalgia,82
valsartan,drug ineffective,82
vancomycin,condition aggravated,82
vedolizumab,eye discharge,82
vedolizumab,metastases to bone,82
vedolizumab,restless legs syndrome,82
vedolizumab,speech disorder,82
velaglucerase alfa,infection,82
vibegron,drug effect less than expected,82
vibegron,urinary retention,82
zanubrutinib,platelet count decreased,82
zoledronic acid,influenza,82
abaloparatide,blood pressure decreased,81
acalabrutinib,arthralgia,81
acetaminophen,wrong technique in product usage process,81
adalimumab,accidental exposure to product,81
adalimumab-aaty,exposure via skin contact,81
adalimumab-aaty,product dose omission issue,81
adalimumab-aaty,surgery,81
aflibercept,blindness transient,81
alendronate sodium,gastrooesophageal reflux disease,81
alendronate sodium,sciatica,81
amlodipine besylate,lactic acidosis,81
amlodipine besylate,respiratory failure,81
amphetamine aspartate\amphetamine sulfate\dextroamphetamine saccharate\dextroamphetamine sulfate,product quality issue,81
anastrozole,alopecia,81
"antihemophilic factor, human recombinant",anti factor viii antibody positive,81
"antihemophilic factor, human recombinant",sinusitis,81
"antihemophilic factor, human recombinant",soft tissue haemorrhage,81
apixaban,hypertension,81
apixaban,wrong technique in product usage process,81
atorvastatin,constipation,81
avapritinib,pruritus,81
avatrombopag maleate,drug ineffective,81
benralizumab,injection site pain,81
bimekizumab-bkzx,covid-19,81
brentuximab vedotin,anaemia,81
brigatinib,anxiety,81
brigatinib,blood cholesterol increased,81
brigatinib,seizure,81
brimonidine tartrate,eye irritation,81
budesonide,prescribed underdose,81
bupropion hydrochloride\dextromethorphan hydrobromide,feeling abnormal,81
bupropion hydrochloride\naltrexone hydrochloride,fatigue,81
cabozantinib s-malate,dyspnoea,81
cabozantinib s-malate,peripheral swelling,81
calcium carbonate,asthenia,81
calcium carbonate,duodenal ulcer perforation,81
calcium carbonate,hypoaesthesia,81
carboplatin,pulmonary embolism,81
celecoxib,dry mouth,81
cetirizine hydrochloride,abdominal discomfort,81
cetirizine hydrochloride,dyspnoea,81
cisplatin,acute kidney injury,81
clopidogrel bisulfate,contusion,81
clozapine,lymphocyte count abnormal,81
copper,abdominal pain lower,81
corticotropin,hypersensitivity,81
dapagliflozin propanediol,urinary tract infection,81
daptomycin,pneumonitis,81
daratumumab,neutropenia,81
deutetrabenazine,somnolence,81
dexamethasone,vomiting,81
diclofenac sodium,therapeutic product effect incomplete,81
diclofenac sodium,wound infection,81
docetaxel,dyspnoea,81
dulaglutide,injection site bruising,81
dupilumab,knee operation,81
dupilumab,nodule,81
dupilumab,perioral dermatitis,81
dupilumab,pulmonary congestion,81
empagliflozin,diarrhoea,81
enzalutamide,prostatic specific antigen increased,81
erenumab-aooe,incorrect dose administered by device,81
escitalopram oxalate,dizziness,81
esketamine,panic attack,81
esomeprazole magnesium,anxiety,81
etanercept,peripheral swelling,81
evolocumab,drug ineffective,81
foscarbidopa\foslevodopa,feeling abnormal,81
foscarbidopa\foslevodopa,infection,81
foscarbidopa\foslevodopa,infusion site swelling,81
fruquintinib,metastases to liver,81
fruquintinib,urinary tract infection,81
gabapentin,drug abuse,81
golimumab,fatigue,81
golimumab,neoplasm malignant,81
human immunoglobulin g,agitation,81
human immunoglobulin g,blood test abnormal,81
human immunoglobulin g,colitis ulcerative,81
human immunoglobulin g,extra dose administered,81
human immunoglobulin g,gastrointestinal microorganism overgrowth,81
human immunoglobulin g,limb mass,81
human immunoglobulin g,malabsorption,81
human immunoglobulin g,raynaud's phenomenon,81
human immunoglobulin g,skin mass,81
human immunoglobulin g\hyaluronidase (human recombinant),joint dislocation,81
human immunoglobulin g\hyaluronidase (human recombinant),limb discomfort,81
human immunoglobulin g\hyaluronidase (human recombinant),localised infection,81
human immunoglobulin g\hyaluronidase (human recombinant),pleural effusion,81
icatibant acetate,alopecia,81
idursulfase,infusion site bruising,81
incobotulinumtoxina,product use in unapproved indication,81
infliximab,skin cancer,81
infliximab,tachycardia,81
infliximab-dyyb,alopecia,81
infliximab-dyyb,syncope,81
infliximab-qbtx,arthralgia,81
insulin lispro,cataract,81
interferon beta-1a,headache,81
ixazomib,abdominal discomfort,81
lecanemab-irmb,chills,81
leflunomide,fatigue,81
lenalidomide,chills,81
lenalidomide,therapy change,81
levothyroxine sodium,amnesia,81
levothyroxine sodium,back pain,81
levothyroxine sodium,myocardial infarction,81
lutetium lu-177 vipivotide tetraxetan,fatigue,81
mepolizumab,therapeutic product effect incomplete,81
metformin hydrochloride,hypertension,81
metformin hydrochloride,pyrexia,81
methotrexate,gastrooesophageal reflux disease,81
methotrexate,hypercholesterolaemia,81
methotrexate,lip dry,81
methotrexate,peripheral venous disease,81
methotrexate sodium,treatment failure,81
mycophenolate mofetil,maternal exposure during pregnancy,81
mycophenolate mofetil,pseudomonas infection,81
nadofaragene firadenovec-vncg,instillation site discharge,81
natalizumab,caesarean section,81
natalizumab,influenza,81
nemolizumab-ilto,pain,81
ocrelizumab,oral herpes,81
ofatumumab,weight increased,81
olaparib,thrombosis,81
omeprazole,diarrhoea,81
paclitaxel,anaphylactic reaction,81
panitumumab,colorectal cancer metastatic,81
pegvaliase-pqpz,injection site swelling,81
pembrolizumab,alopecia,81
perfluorohexyloctane,product use complaint,81
pimavanserin tartrate,product dose omission in error,81
pomalidomide,vision blurred,81
prednisone,weight decreased,81
risankizumab-rzaa,pulmonary embolism,81
risperidone,condition aggravated,81
rituximab,blood pressure decreased,81
rituximab,cataract,81
rituximab,prescribed overdose,81
rituximab,pulmonary embolism,81
rituximab,renal impairment,81
rivaroxaban,drug ineffective,81
ruxolitinib,confusional state,81
secukinumab,stress,81
secukinumab,taste disorder,81
semaglutide,neuropathy peripheral,81
sertraline hydrochloride,confusional state,81
sertraline hydrochloride,hyperhidrosis,81
sildenafil,death,81
siponimod,urinary tract infection,81
sodium oxybate,cough,81
sodium oxybate,gastrooesophageal reflux disease,81
somatropin,malaise,81
sparsentan,proteinuria,81
spironolactone,hyperkalaemia,81
tafamidis,asthenia,81
tafamidis,condition aggravated,81
teduglutide,bone pain,81
teduglutide,muscle strain,81
tirzepatide,muscular weakness,81
tocilizumab,accidental exposure to product,81
treprostinil,cardiac arrest,81
treprostinil,device failure,81
vedolizumab,bile acid malabsorption,81
vedolizumab,covid-19 pneumonia,81
vedolizumab,pneumothorax,81
vedolizumab,polyp,81
vedolizumab,retinal detachment,81
vedolizumab,sciatica,81
vedolizumab,stoma site pain,81
vedolizumab,therapeutic product effect incomplete,81
velaglucerase alfa,dry eye,81
velaglucerase alfa,gastrooesophageal reflux disease,81
velaglucerase alfa,medication error,81
velaglucerase alfa,neck pain,81
venetoclax,headache,81
vibegron,therapeutic product effect incomplete,81
zolpidem tartrate,intentional overdose,81
abatacept,back pain,80
abatacept,urinary tract infection,80
abemaciclib,rash,80
acetaminophen,arthralgia,80
acetaminophen,tachycardia,80
adalimumab,abscess,80
adalimumab,adjustment disorder with depressed mood,80
adalimumab,cellulitis,80
adalimumab-aaty,arthralgia,80
adalimumab-atto,injection site pain,80
alendronate sodium,lupus vulgaris,80
amphetamine aspartate\amphetamine sulfate\dextroamphetamine saccharate\dextroamphetamine sulfate,road traffic accident,80
aripiprazole,product availability issue,80
asfotase alfa,anxiety,80
bimekizumab,urinary tract infection,80
budesonide,colitis ulcerative,80
cannabidiol,fall,80
carbidopa\levodopa,movement disorder,80
celecoxib,inflammation,80
certolizumab pegol,facet joint syndrome,80
citalopram,toxicity to various agents,80
clozapine,platelet count increased,80
clozapine,thrombocytosis,80
copper,urinary tract infection,80
corticotropin,somnolence,80
daratumumab,plasma cell myeloma,80
dexamethasone,therapy partial responder,80
diclofenac,abdominal pain upper,80
diclofenac,contusion,80
diclofenac,musculoskeletal pain,80
diclofenac sodium,gastrointestinal disorder,80
diclofenac sodium,insomnia,80
diclofenac sodium,osteoarthritis,80
doxorubicin hydrochloride,febrile neutropenia,80
doxycycline,rash,80
dupilumab,sinus headache,80
eculizumab,dizziness,80
elacestrant,malignant neoplasm progression,80
emtricitabine\tenofovir disoproxil fumarate,pain,80
"estrogens, conjugated",illness,80
etanercept,sinusitis,80
etoposide,neutropenia,80
everolimus,malignant neoplasm progression,80
evolocumab,asthenia,80
evolocumab,fall,80
ezetimibe,headache,80
fam-trastuzumab deruxtecan-nxki,dyspnoea,80
fam-trastuzumab deruxtecan-nxki,weight decreased,80
fluoxetine hydrochloride,drug ineffective,80
fruquintinib,cough,80
fruquintinib,off label use,80
fulvestrant,decreased immune responsiveness,80
gabapentin,intentional overdose,80
golimumab,bronchitis,80
human c1-esterase inhibitor,asthenia,80
human immunoglobulin g,accident,80
human immunoglobulin g,brain injury,80
human immunoglobulin g,infusion site vesicles,80
human immunoglobulin g,rosacea,80
human immunoglobulin g,taste disorder,80
human immunoglobulin g\hyaluronidase (human recombinant),application site pain,80
human immunoglobulin g\hyaluronidase (human recombinant),gait inability,80
ibrutinib,thrombocytopenia,80
ibuprofen,gastrointestinal haemorrhage,80
icatibant acetate,food allergy,80
icatibant acetate,suicidal ideation,80
idursulfase,device power source issue,80
idursulfase,ligament sprain,80
inclisiran sodium,injection site reaction,80
infliximab-dyyb,mobility decreased,80
infliximab-dyyb,skin lesion,80
insulin glargine,injection site bruising,80
iopromide,anaphylactic shock,80
ipilimumab,off label use,80
lamotrigine,toxic epidermal necrolysis,80
lanadelumab,product use in unapproved indication,80
lanadelumab,syringe issue,80
letrozole,pain,80
leuprolide acetate,pain,80
leuprolide acetate,pneumonia aspiration,80
levothyroxine sodium,dehydration,80
lorlatinib,diarrhoea,80
lumateperone,nausea,80
mavacamten,atrial fibrillation,80
measles virus strain enders^ attenuated edmonston live antigen\mumps virus strain b level jeryl lynn live antigen\rubella virus strain wistar ra 27/3 live antigen\varicella-zoster virus strain oka/merck live antigen,product storage error,80
mepolizumab,contusion,80
methotrexate,influenza,80
mirabegron,off label use,80
montelukast sodium,dyspnoea,80
mycophenolate mofetil,death,80
ocrelizumab,influenza like illness,80
ofatumumab,alopecia,80
omalizumab,depression,80
osimertinib,drug ineffective,80
oxycodone hydrochloride,completed suicide,80
oxycodone hydrochloride,rash,80
paclitaxel,fatigue,80
paclitaxel,rash,80
paclitaxel,thrombocytopenia,80
palbociclib,hypertension,80
pancrelipase amylase\pancrelipase lipase\pancrelipase protease,dehydration,80
pancrelipase amylase\pancrelipase lipase\pancrelipase protease,off label use,80
pancrelipase amylase\pancrelipase lipase\pancrelipase protease,pancreatectomy,80
pimavanserin tartrate,dysgraphia,80
pimavanserin tartrate,hypotension,80
pomalidomide,muscular weakness,80
propofol,drug ineffective,80
ravulizumab-cwvz,dizziness,80
risankizumab-rzaa,hepatic enzyme increased,80
risperidone,accidental overdose,80
risperidone,tremor,80
rituximab,feeling hot,80
rituximab,pharyngeal paraesthesia,80
rituximab-pvvr,erythema,80
ruxolitinib,feeling hot,80
sacubitril\valsartan,blood pressure increased,80
sarilumab,hepatic enzyme increased,80
sarilumab,mobility decreased,80
sarilumab,swollen joint count increased,80
sarilumab,systemic lupus erythematosus,80
secukinumab,back injury,80
secukinumab,injection site haemorrhage,80
semaglutide,injection site swelling,80
sertraline hydrochloride,erectile dysfunction,80
sertraline hydrochloride,medication error,80
sildenafil citrate,hospitalisation,80
somatropin,product availability issue,80
sulfamethoxazole\trimethoprim,drug ineffective,80
tacrolimus,blood creatinine increased,80
tacrolimus,bronchopulmonary aspergillosis,80
tacrolimus,nausea,80
teduglutide,device malfunction,80
teduglutide,humerus fracture,80
teduglutide,medical device site infection,80
teduglutide,wrist fracture,80
teduglutide,wrong technique in device usage process,80
temozolomide,disease progression,80
teprotumumab-trbw,economic problem,80
teriparatide,pain,80
tislelizumab,off label use,80
tocilizumab,muscular weakness,80
tofacitinib citrate,skin cancer,80
tramadol,substance use disorder,80
treprostinil,blood pressure systolic increased,80
treprostinil,idiopathic pulmonary fibrosis,80
treprostinil,skin irritation,80
trofinetide,gastrointestinal disorder,80
upadacitinib,dry skin,80
upadacitinib,paraesthesia,80
upadacitinib,syncope,80
vedolizumab,bacterial infection,80
vedolizumab,enterocutaneous fistula,80
vedolizumab,skin infection,80
velaglucerase alfa,chest pain,80
abaloparatide,fracture,79
acetaminophen,abdominal discomfort,79
acetaminophen,aspartate aminotransferase increased,79
acetaminophen,constipation,79
adalimumab,dislocation of vertebra,79
adalimumab,needle issue,79
adalimumab,underdose,79
alendronate sodium,anxiety,79
alendronate sodium,delirium,79
alteplase,off label use,79
amikacin,tinnitus,79
amiodarone,hypothyroidism,79
anastrozole,decreased immune responsiveness,79
"antihemophilic factor, human recombinant",blood pressure increased,79
"antihemophilic factor, human recombinant",nephrolithiasis,79
"antihemophilic factor, human recombinant",sports injury,79
apremilast,weight decreased,79
avapritinib,tryptase increased,79
avatrombopag maleate,platelet count decreased,79
belimumab,covid-19,79
belimumab,depression,79
bevacizumab,pain,79
bimekizumab,pruritus,79
bosutinib monohydrate,nausea,79
brigatinib,gait disturbance,79
brivaracetam,drug ineffective,79
budesonide,vomiting,79
budesonide\formoterol,illness,79
budesonide\formoterol\glycopyrrolate,wheezing,79
calcium carbonate,sleep disorder,79
carbidopa\levodopa,decreased appetite,79
celecoxib,muscle spasms,79
cenobamate,incorrect dose administered,79
certolizumab pegol,pulmonary fibrosis,79
cetirizine hydrochloride,diarrhoea,79
ciclesonide,asthma,79
ciprofloxacin,nausea,79
clonazepam,off label use,79
clozapine,dyspepsia,79
corticotropin,diabetes mellitus,79
cyclosporine,nausea,79
dapagliflozin propanediol,dizziness,79
denosumab,metastases to bone,79
dexamethasone,therapy non-responder,79
diclofenac,drug-induced liver injury,79
diclofenac,liver injury,79
diclofenac,product use issue,79
diclofenac,rheumatic fever,79
diclofenac,stomatitis,79
diclofenac,treatment failure,79
diclofenac sodium,prescribed overdose,79
doxycycline,condition aggravated,79
dupilumab,blood pressure abnormal,79
dupilumab,dry throat,79
dupilumab,eosinophilic pneumonia,79
durvalumab,leukopenia,79
eculizumab,exposure during pregnancy,79
edaravone,death,79
elexacaftor\ivacaftor\tezacaftor,suicidal ideation,79
emicizumab-kxwh,muscle haemorrhage,79
enoxaparin sodium,device malfunction,79
escitalopram oxalate,tremor,79
etanercept,musculoskeletal stiffness,79
fenfluramine hydrochloride,mitral valve incompetence,79
filgrastim,death,79
foscarbidopa\foslevodopa,bradykinesia,79
foscarbidopa\foslevodopa,gait inability,79
fremanezumab-vfrm,device leakage,79
fremanezumab-vfrm,device malfunction,79
glatiramer acetate,injection site erythema,79
guselkumab,fatigue,79
human c1-esterase inhibitor,therapy interrupted,79
human immunoglobulin g,eczema,79
human immunoglobulin g,haemorrhoids,79
human immunoglobulin g,tendon rupture,79
human immunoglobulin g,white blood cells urine positive,79
human immunoglobulin g\hyaluronidase (human recombinant),autism spectrum disorder,79
human immunoglobulin g\hyaluronidase (human recombinant),diabetes mellitus,79
human immunoglobulin g\hyaluronidase (human recombinant),gastrooesophageal reflux disease,79
ibuprofen,diarrhoea,79
ibuprofen,fatigue,79
icatibant acetate,accident,79
icatibant acetate,rhinitis,79
icatibant acetate,sinusitis,79
idursulfase,gastrointestinal viral infection,79
idursulfase,product supply issue,79
imatinib,haematotoxicity,79
infliximab-dyyb,cellulitis,79
infliximab-dyyb,death,79
infliximab-dyyb,overdose,79
iohexol,dyspnoea,79
ipilimumab,diarrhoea,79
ixazomib,sinusitis,79
ixazomib,upper respiratory tract infection,79
ketamine hydrochloride,drug abuse,79
lanadelumab,arthralgia,79
lanadelumab,fluid retention,79
lansoprazole,diarrhoea,79
lansoprazole,drug ineffective,79
leflunomide,product use in unapproved indication,79
lenalidomide,arthritis,79
letrozole,electrocardiogram qt prolonged,79
levetiracetam,pyrexia,79
levodopa,death,79
levothyroxine sodium,tinnitus,79
liraglutide,vomiting,79
lorlatinib,blood pressure increased,79
medroxyprogesterone acetate,device leakage,79
mepolizumab,infection,79
methotrexate,accidental overdose,79
methotrexate sodium,dyspnoea,79
methoxy polyethylene glycol-epoetin beta,dyspnoea,79
methylphenidate hydrochloride,anxiety,79
mirtazapine,off label use,79
mycophenolate mofetil,pancytopenia,79
mycophenolate mofetil,thrombotic microangiopathy,79
niraparib,off label use,79
ofatumumab,neutropenia,79
omalizumab,blood immunoglobulin e increased,79
omalizumab,death,79
omalizumab,flushing,79
oxycodone hydrochloride,illness,79
paclitaxel,feeling hot,79
pacritinib,platelet count decreased,79
pembrolizumab,cholangitis,79
pembrolizumab,drug eruption,79
pembrolizumab,haemophagocytic lymphohistiocytosis,79
pembrolizumab,hyponatraemia,79
pembrolizumab,thyroid disorder,79
pembrolizumab,type 1 diabetes mellitus,79
ponatinib,dry eye,79
ponatinib,full blood count decreased,79
prednisone,fall,79
quetiapine,condition aggravated,79
quetiapine fumarate,constipation,79
ravulizumab-cwvz,cataract,79
relugolix,middle insomnia,79
ribociclib succinate,memory impairment,79
ribociclib succinate,thrombocytopenia,79
ripretinib,rash,79
risankizumab-rzaa,adverse drug reaction,79
risankizumab-rzaa,coronary artery occlusion,79
risankizumab-rzaa,injection site erythema,79
rituximab-pvvr,heart rate increased,79
rivaroxaban,haemorrhage,79
rosuvastatin,dizziness,79
rosuvastatin,pain in extremity,79
ruxolitinib,incorrect dose administered,79
semaglutide,colitis,79
semaglutide,knee arthroplasty,79
somatropin,poor quality product administered,79
sparsentan,diarrhoea,79
teduglutide,vaginal haemorrhage,79
tezepelumab-ekko,rash,79
tocilizumab,incorrect dose administered,79
tofacitinib citrate,brain fog,79
tofacitinib citrate,nasal congestion,79
tolvaptan,headache,79
tralokinumab-ldrm,injection site swelling,79
tramadol,poisoning deliberate,79
tramadol hydrochloride,drug ineffective,79
treprostinil,disorientation,79
treprostinil,ear infection,79
umeclidinium bromide\vilanterol trifenatate,product dose omission issue,79
upadacitinib,gastrooesophageal reflux disease,79
ustekinumab,malaise,79
ustekinumab,pneumonia,79
vedolizumab,metastases to lymph nodes,79
vedolizumab,septic shock,79
velaglucerase alfa,sciatica,79
venetoclax,weight decreased,79
venlafaxine hydrochloride,drug abuse,79
voclosporin,renal impairment,79
voclosporin,vomiting,79
zanubrutinib,disease progression,79
zolbetuximab-clzb,malignant neoplasm progression,79
.alpha.1-proteinase inhibitor human,limb injury,78
.alpha.1-proteinase inhibitor human,respiratory distress,78
abaloparatide,balance disorder,78
abaloparatide,covid-19,78
abaloparatide,death,78
abaloparatide,lower limb fracture,78
abemaciclib,dehydration,78
abemaciclib,gastrointestinal disorder,78
abemaciclib,inappropriate schedule of product administration,78
acetaminophen,agitation,78
adalimumab,chronic obstructive pulmonary disease,78
adalimumab,diabetes mellitus,78
adalimumab,hypotension,78
adalimumab-aaty,rheumatoid arthritis,78
adalimumab-adaz,nausea,78
albuterol,product dose omission issue,78
albuterol,sleep disorder due to a general medical condition,78
albuterol sulfate,device use error,78
albuterol sulfate,therapeutic product effect incomplete,78
amoxicillin,urticaria,78
anastrozole,pain,78
asfotase alfa,fall,78
atorvastatin,gait disturbance,78
atorvastatin,insomnia,78
azacitidine,pyrexia,78
belimumab,cough,78
bevacizumab,headache,78
bimekizumab,lower respiratory tract infection,78
bimekizumab-bkzx,pain in extremity,78
budesonide\formoterol fumarate,off label use,78
budesonide\formoterol fumarate dihydrate,headache,78
cabozantinib s-malate,alopecia,78
cabozantinib s-malate,hepatic enzyme increased,78
carbamazepine,rash,78
certolizumab pegol,night sweats,78
cetuximab,white blood cell count decreased,78
citalopram,fatigue,78
clascoterone,product storage error,78
clozapine,affective disorder,78
clozapine,product use in unapproved indication,78
clozapine,sars-cov-2 test positive,78
cyclophosphamide,asthenia,78
dapagliflozin,euglycaemic diabetic ketoacidosis,78
daprodustat,off label use,78
diclofenac,fall,78
diclofenac,intentional product use issue,78
diltiazem,toxicity to various agents,78
dupilumab,facial pain,78
dupilumab,pulmonary mass,78
elacestrant,pain,78
elapegademase-lvlr,sinusitis,78
emicizumab-kxwh,limb injury,78
esomeprazole magnesium,cough,78
esomeprazole magnesium,dyspnoea,78
etanercept,hypersensitivity,78
etanercept,nausea,78
etanercept,wrong technique in product usage process,78
fenfluramine,drooling,78
fenfluramine,dyspnoea,78
fenfluramine,feeling abnormal,78
fluticasone furoate\umeclidinium bromide\vilanterol trifenatate,chronic obstructive pulmonary disease,78
ganciclovir,off label use,78
human c1-esterase inhibitor,anxiety,78
human c1-esterase inhibitor,pain in extremity,78
human immunoglobulin g,full blood count abnormal,78
human immunoglobulin g,haematological infection,78
human immunoglobulin g,type 2 diabetes mellitus,78
human immunoglobulin g\hyaluronidase (human recombinant),renal disorder,78
hyaluronidase-zzxf\pertuzumab\trastuzumab,diarrhoea,78
hydrochlorothiazide,hyponatraemia,78
ibrutinib,contusion,78
icatibant acetate,movement disorder,78
icatibant acetate,salivary hypersecretion,78
idursulfase,gastric infection,78
idursulfase,procedural pain,78
idursulfase,streptococcus test positive,78
inclisiran sodium,product storage error,78
infliximab,product use issue,78
infliximab-dyyb,discomfort,78
infliximab-dyyb,rectal haemorrhage,78
insulin lispro,cerebrovascular accident,78
insulin lispro,loss of consciousness,78
ixazomib,amnesia,78
lamotrigine,overdose,78
lanadelumab,bronchitis,78
lanadelumab,pyrexia,78
lanreotide acetate,hypertension,78
lenalidomide,abdominal distension,78
lenalidomide,rash macular,78
letrozole,cough,78
leuprolide acetate,covid-19,78
leuprolide acetate,device issue,78
leuprolide acetate,intentional dose omission,78
levothyroxine sodium,product use in unapproved indication,78
lidocaine,cardiac arrest,78
lutetium oxodotreotide lu-177,malignant neoplasm progression,78
mepolizumab,urticaria,78
mesalamine,abdominal pain,78
methotrexate,amnesia,78
methotrexate,illness,78
methotrexate,loss of personal independence in daily activities,78
methotrexate,swollen joint count increased,78
mycophenolate mofetil,aspergillus infection,78
mycophenolate mofetil,toxicity to various agents,78
mycophenolate mofetil,weight increased,78
natalizumab,nausea,78
nilotinib,pain,78
nintedanib,alopecia,78
nintedanib,faeces soft,78
niraparib,headache,78
ofatumumab,weight decreased,78
olaparib,hypoaesthesia,78
olaparib,pancytopenia,78
olaparib,pyrexia,78
oxycodone hydrochloride,inadequate analgesia,78
palbociclib,hypoaesthesia,78
palbociclib,product prescribing error,78
pembrolizumab,diabetic ketoacidosis,78
pembrolizumab,dizziness,78
polatuzumab vedotin-piiq,death,78
ponatinib,muscle spasms,78
ponatinib,muscular weakness,78
ponatinib,weight increased,78
prednisone,hypogammaglobulinaemia,78
pregabalin,nasopharyngitis,78
propofol,anaphylactic shock,78
quetiapine fumarate,completed suicide,78
ravulizumab-cwvz,cerebrovascular accident,78
relugolix,frequent bowel movements,78
ripretinib,myalgia,78
risankizumab-rzaa,incorrect dose administered,78
rituximab,osteoporosis,78
romosozumab-aqqg,headache,78
rozanolixizumab-noli,drug ineffective,78
rurioctocog alfa pegol,product use issue,78
ruxolitinib phosphate,drug ineffective,78
sacubitril\valsartan,blood creatinine increased,78
sarilumab,injection site bruising,78
secukinumab,decreased immune responsiveness,78
secukinumab,epilepsy,78
secukinumab,liver function test increased,78
secukinumab,prescribed overdose,78
secukinumab,road traffic accident,78
selinexor,death,78
sertraline hydrochloride,completed suicide,78
sertraline hydrochloride,overdose,78
sodium oxybate,neuropathy peripheral,78
somatropin,product use issue,78
sparsentan,pain,78
tacrolimus,vomiting,78
teclistamab-cqyv,off label use,78
teduglutide,acidosis,78
teduglutide,hip fracture,78
teduglutide,hyperpyrexia,78
teduglutide,infusion site bruising,78
teduglutide,post procedural infection,78
teduglutide,skin lesion,78
teduglutide,vision blurred,78
tezepelumab,hypertension,78
tezepelumab-ekko,injection site pain,78
tirzepatide,angioedema,78
tocilizumab,rheumatoid factor positive,78
treprostinil,feeling cold,78
treprostinil sodium,oedema peripheral,78
triamcinolone acetonide,treatment failure,78
upadacitinib,intestinal resection,78
valacyclovir hydrochloride,acute kidney injury,78
vedolizumab,catheter site injury,78
vedolizumab,cold sweat,78
vedolizumab,hepatic pain,78
vedolizumab,respiratory disorder,78
vedolizumab,substance use,78
venetoclax,transfusion,78
zolpidem tartrate,loss of consciousness,78
abaloparatide,chills,77
abaloparatide,head discomfort,77
abaloparatide,hypertension,77
abatacept,blepharospasm,77
abatacept,drug tolerance decreased,77
abatacept,nail disorder,77
abatacept,needle issue,77
acetaminophen,hypersensitivity,77
albuterol,illness,77
alectinib hydrochloride,death,77
amikacin,mycobacterium avium complex infection,77
amlodipine besylate,pruritus,77
amoxicillin,hypersensitivity,77
antihemophilic factor human,gastrointestinal haemorrhage,77
"antihemophilic factor, human recombinant",haematuria,77
asfotase alfa,injection site swelling,77
atezolizumab,colitis,77
atorvastatin,cholestasis,77
atorvastatin,demyelination,77
atorvastatin,peripheral sensory neuropathy,77
avapritinib,asthenia,77
avapritinib,peripheral swelling,77
axicabtagene ciloleucel,diffuse large b-cell lymphoma,77
azelastine hydrochloride,drug ineffective,77
azithromycin,dyspnoea,77
bevacizumab,metastases to liver,77
bimekizumab,influenza,77
bimekizumab-bkzx,device defective,77
bimekizumab-bkzx,injection site bruising,77
bremelanotide acetate,drug ineffective,77
brigatinib,acne,77
budesonide\formoterol,deafness,77
budesonide\formoterol\glycopyrrolate,fatigue,77
calcium carbonate,injury,77
calcium carbonate,urticaria,77
cangrelor,off label use,77
carbamazepine,drug-induced liver injury,77
carboplatin,pneumonitis,77
celecoxib,insomnia,77
celecoxib,lip dry,77
celecoxib,peripheral venous disease,77
chlorhexidine gluconate\isopropyl alcohol,product contamination physical,77
clopidogrel bisulfate,haemorrhage,77
corticotropin,abdominal distension,77
corticotropin,abdominal pain upper,77
cyclosporine,pain,77
daratumumab,myelosuppression,77
denosumab,therapy interrupted,77
diclofenac,maternal exposure during pregnancy,77
diclofenac,pneumonia,77
diclofenac,product use in unapproved indication,77
diclofenac sodium,blood cholesterol increased,77
diclofenac sodium,liver injury,77
diclofenac sodium,sleep disorder,77
docetaxel,metastases to lymph nodes,77
doxycycline,vomiting,77
dupilumab,glaucoma,77
dupilumab,sleep apnoea syndrome,77
efanesoctocog alfa,traumatic haemorrhage,77
elexacaftor\ivacaftor\tezacaftor,feeling abnormal,77
empagliflozin,drug ineffective,77
enfortumab vedotin-ejfv,inappropriate schedule of product administration,77
erenumab-aooe,nausea,77
escitalopram oxalate,nausea,77
escitalopram oxalate,serotonin syndrome,77
esketamine,death,77
esketamine,physical examination abnormal,77
esomeprazole magnesium,cerebrovascular accident,77
evolocumab,illness,77
ezetimibe,nausea,77
fenfluramine,rhinovirus infection,77
ferric maltol,inappropriate schedule of product administration,77
finasteride,cognitive disorder,77
foscarbidopa\foslevodopa,hospitalisation,77
foscarbidopa\foslevodopa,loss of personal independence in daily activities,77
fostamatinib,platelet count,77
fruquintinib,weight decreased,77
gabapentin,cardiac arrest,77
gabapentin,pain in extremity,77
gemcitabine,fatigue,77
human c1-esterase inhibitor,influenza,77
human immunoglobulin g,abscess,77
human immunoglobulin g,encephalitis,77
human immunoglobulin g,energy increased,77
human immunoglobulin g,epilepsy,77
human immunoglobulin g,intestinal ischaemia,77
human immunoglobulin g,muscle tightness,77
human immunoglobulin g,septic shock,77
human immunoglobulin g\hyaluronidase (human recombinant),hypoglycaemia,77
human immunoglobulin g\hyaluronidase (human recombinant),skin abrasion,77
human immunoglobulin g\hyaluronidase (human recombinant),skin disorder,77
human immunoglobulin g\hyaluronidase (human recombinant),speech disorder,77
human immunoglobulin g\hyaluronidase (human recombinant),wound,77
hyaluronidase-zzxf\pertuzumab\trastuzumab,off label use,77
icatibant acetate,loss of personal independence in daily activities,77
idursulfase,discouragement,77
idursulfase,haemorrhage,77
idursulfase,joint injury,77
idursulfase,urinary tract infection,77
infliximab,joint swelling,77
insulin lispro,vomiting,77
insulin lispro,wrong technique in product usage process,77
istradefylline,hallucination,77
ixazomib,product packaging quantity issue,77
ixazomib,pyrexia,77
lenalidomide,dysphonia,77
lenvatinib,urinary tract infection,77
levetiracetam,gait disturbance,77
levothyroxine sodium,intentional product use issue,77
levothyroxine sodium,product quality issue,77
lidocaine,drug ineffective for unapproved indication,77
linezolid,platelet count decreased,77
mavacamten,dizziness,77
mepolizumab,chest pain,77
mepolizumab,eosinophilic granulomatosis with polyangiitis,77
mepolizumab,general physical health deterioration,77
methotrexate,death,77
methotrexate,haemophagocytic lymphohistiocytosis,77
methotrexate,knee arthroplasty,77
methotrexate,memory impairment,77
morphine sulfate,nausea,77
mupirocin,product use in unapproved indication,77
mycophenolate mofetil,abdominal pain,77
mycophenolate mofetil,weight decreased,77
nintedanib,lung disorder,77
niraparib,anaemia,77
niraparib,product use issue,77
nitroglycerin,drug ineffective,77
nivolumab,blood pressure increased,77
ocrelizumab,vision blurred,77
ofatumumab,nasal congestion,77
omeprazole,acute kidney injury,77
osimertinib,pleural effusion,77
oxaliplatin,condition aggravated,77
oxaliplatin,flushing,77
oxycodone hydrochloride,abdominal discomfort,77
palbociclib,epistaxis,77
pembrolizumab,ascites,77
pembrolizumab,hepatic cytolysis,77
ponatinib,abdominal discomfort,77
quetiapine,foetal exposure during pregnancy,77
ribociclib,neutrophil count decreased,77
ribociclib,pruritus,77
riociguat,nausea,77
ripretinib,product dose omission issue,77
risankizumab-rzaa,cyst,77
risankizumab-rzaa,musculoskeletal stiffness,77
risperidone,treatment noncompliance,77
rituximab,cystitis,77
rituximab,liver function test increased,77
rituximab,neuromyelitis optica spectrum disorder,77
rivaroxaban,dizziness,77
rivaroxaban,dyspnoea,77
rotigotine,product dose omission issue,77
ruxolitinib,malignant neoplasm progression,77
sarilumab,injection site reaction,77
semaglutide,arthritis,77
semaglutide,muscular weakness,77
semaglutide,oropharyngeal pain,77
sodium oxybate,decreased appetite,77
sodium oxybate,hyperhidrosis,77
sotatercept-csrk,dizziness,77
sotatercept-csrk,pericardial effusion,77
sparsentan,dizziness postural,77
sumatriptan,drug ineffective,77
suzetrigine,pruritus,77
tacrolimus,cytomegalovirus infection reactivation,77
teduglutide,catheter site discharge,77
teduglutide,duodenal polyp,77
teduglutide,glomerular filtration rate abnormal,77
teduglutide,pelvic pain,77
teduglutide,pharyngitis streptococcal,77
teduglutide,rheumatoid arthritis,77
teduglutide,skin cancer,77
teduglutide,skin fissures,77
teprotumumab-trbw,off label use,77
tirzepatide,lip swelling,77
tislelizumab,granulocyte count decreased,77
tocilizumab,hypercholesterolaemia,77
tocilizumab,liver disorder,77
tocilizumab,skin laceration,77
tralokinumab-ldrm,eczema,77
tramadol,intentional overdose,77
treprostinil,sleep disorder,77
treprostinil,speech disorder,77
trofinetide,insomnia,77
upadacitinib,alopecia,77
upadacitinib,asthma,77
upadacitinib,foot operation,77
upadacitinib,oropharyngeal pain,77
upadacitinib,shoulder arthroplasty,77
upadacitinib,vision blurred,77
varenicline,nausea,77
vedolizumab,extrasystoles,77
vedolizumab,intervertebral disc degeneration,77
vedolizumab,shoulder fracture,77
velaglucerase alfa,abdominal pain lower,77
velaglucerase alfa,dysmenorrhoea,77
venetoclax,drug ineffective,77
venlafaxine hydrochloride,cardiotoxicity,77
vonoprazan fumarate,headache,77
vonoprazan fumarate,product dose omission issue,77
zoledronic acid,decreased immune responsiveness,77
.alpha.1-proteinase inhibitor human,respiration abnormal,76
abatacept,oedema peripheral,76
acalabrutinib,nephrolithiasis,76
adalimumab-aaty,off label use,76
adalimumab-afzb,pain,76
albuterol sulfate,product substitution issue,76
alendronate sodium,oedema peripheral,76
"antihemophilic factor, human recombinant",malaise,76
aripiprazole,gambling disorder,76
belimumab,weight decreased,76
benralizumab,neoplasm malignant,76
bevacizumab,general physical health deterioration,76
bevacizumab,hepatic function abnormal,76
brentuximab vedotin,myelosuppression,76
brigatinib,hypersensitivity,76
budesonide,abdominal discomfort,76
buprenorphine,fatigue,76
calcium carbonate,chest pain,76
calcium carbonate,dizziness,76
calcium carbonate,impaired healing,76
calcium carbonate,peripheral swelling,76
calcium oxybate\magnesium oxybate\potassium oxybate\sodium oxybate,abdominal pain upper,76
calcium oxybate\magnesium oxybate\potassium oxybate\sodium oxybate,back pain,76
capecitabine,therapy partial responder,76
capivasertib,pyrexia,76
carbidopa\levodopa,insomnia,76
carboplatin,infusion related reaction,76
celecoxib,lung disorder,76
celecoxib,night sweats,76
cenegermin-bkbj,swelling of eyelid,76
citalopram,dizziness,76
cladribine,nausea,76
clozapine,delusion of grandeur,76
conestat alfa,underdose,76
corticotropin,tremor,76
cyclophosphamide,pancytopenia,76
cyclophosphamide,pneumonia,76
cyclophosphamide,white blood cell count decreased,76
cyclosporine,sepsis,76
daxibotulinumtoxin a-lanm,underdose,76
deutetrabenazine,tardive dyskinesia,76
diazepam,miosis,76
diclofenac,type 2 diabetes mellitus,76
dulaglutide,gastrointestinal disorder,76
dupilumab,increased appetite,76
dupilumab,nasal dryness,76
dupilumab,parosmia,76
durvalumab,thrombocytopenia,76
ecallantide,hereditary angioedema,76
emtricitabine\tenofovir disoproxil fumarate,emotional distress,76
escitalopram oxalate,depression,76
escitalopram oxalate,headache,76
esomeprazole,fatigue,76
esomeprazole magnesium,dysphagia,76
estradiol,nausea,76
estradiol,rash,76
etanercept,dyspnoea,76
etanercept,pain in extremity,76
etanercept-szzs,injection site pain,76
etanercept-szzs,product dose omission issue,76
etonogestrel,device issue,76
evolocumab,injection site mass,76
fingolimod hydrochloride,fatigue,76
foscarbidopa\foslevodopa,infusion site cellulitis,76
fremanezumab-vfrm,injection site erythema,76
glatiramer acetate,injection site mass,76
guselkumab,diarrhoea,76
human immunoglobulin g,haemolysis,76
human immunoglobulin g,spinal disorder,76
human immunoglobulin g\hyaluronidase (human recombinant),device alarm issue,76
human immunoglobulin g\hyaluronidase (human recombinant),infusion site discolouration,76
human immunoglobulin g\hyaluronidase (human recombinant),laryngitis,76
human immunoglobulin g\hyaluronidase (human recombinant),plasma cell myeloma,76
ibrutinib,urinary tract infection,76
idursulfase,emotional distress,76
idursulfase,intentional dose omission,76
idursulfase,tooth abscess,76
inclisiran sodium,pain,76
infliximab,cataract,76
infliximab,drug level above therapeutic,76
infliximab-dyyb,paraesthesia,76
insulin human,visual impairment,76
lamotrigine,diarrhoea,76
lanadelumab,asthenia,76
leflunomide,pneumonia,76
lenalidomide,product dispensing error,76
lenalidomide,therapy cessation,76
lenvatinib,immune-mediated enterocolitis,76
levetiracetam,decreased appetite,76
levetiracetam,insomnia,76
linezolid,drug interaction,76
lorlatinib,arthralgia,76
lorlatinib,low density lipoprotein increased,76
mepolizumab,hypertension,76
metformin hydrochloride,pain in extremity,76
methotrexate sodium,pyrexia,76
metronidazole,off label use,76
mycophenolate mofetil,drug intolerance,76
nilotinib,fatigue,76
ocrelizumab,depression,76
ocrelizumab,tremor,76
ofatumumab,hypersensitivity,76
omalizumab,joint swelling,76
omalizumab,product availability issue,76
omalizumab,scratch,76
omalizumab,syringe issue,76
paclitaxel,hypotension,76
palbociclib,myalgia,76
palbociclib,myelosuppression,76
palbociclib,second primary malignancy,76
pembrolizumab,hepatic enzyme increased,76
pembrolizumab,hyperthyroidism,76
pembrolizumab,pulmonary embolism,76
pembrolizumab,renal failure,76
pimavanserin tartrate,cognitive disorder,76
prednisone,multiple organ dysfunction syndrome,76
quetiapine,weight increased,76
quetiapine fumarate,pneumonia,76
risankizumab-rzaa,herpes zoster,76
risankizumab-rzaa,hypoacusis,76
risankizumab-rzaa,intervertebral disc protrusion,76
rituximab,aspartate aminotransferase increased,76
rituximab-pvvr,arthralgia,76
rosuvastatin,malaise,76
ruxolitinib,acne,76
ruxolitinib phosphate,drug effective for unapproved indication,76
sacituzumab govitecan-hziy,nausea,76
selinexor,platelet count decreased,76
selinexor,weight decreased,76
semaglutide,drug dose titration not performed,76
semaglutide,sepsis,76
sodium oxybate,somnambulism,76
tafamidis,peripheral swelling,76
teduglutide,abdominal abscess,76
teduglutide,bile duct stone,76
teduglutide,stoma site inflammation,76
teduglutide,stomatitis,76
teduglutide,vaginal discharge,76
teriparatide,wrong technique in product usage process,76
ticagrelor,chest discomfort,76
tiotropium bromide,no adverse event,76
tipiracil hydrochloride\trifluridine,death,76
tirzepatide,memory impairment,76
tirzepatide,optic ischaemic neuropathy,76
tocilizumab,c-reactive protein increased,76
tocilizumab,product storage error,76
tolvaptan,diarrhoea,76
treprostinil,renal impairment,76
treprostinil sodium,asthenia,76
trofinetide,anxiety,76
upadacitinib,foot deformity,76
upadacitinib,hysterectomy,76
upadacitinib,psoriatic arthropathy,76
upadacitinib,seizure,76
ustekinumab,haematochezia,76
ustekinumab-stba,off label use,76
valsartan,headache,76
vedolizumab,bronchiectasis,76
vedolizumab,hypokalaemia,76
vedolizumab,irritability,76
vedolizumab,remission not achieved,76
vedolizumab,throat clearing,76
velaglucerase alfa,epistaxis,76
venetoclax,sepsis,76
venlafaxine hydrochloride,diarrhoea,76
vonicog alfa,fall,76
.alpha.1-proteinase inhibitor human,emphysema,75
.alpha.1-proteinase inhibitor human,skin laceration,75
.alpha.1-proteinase inhibitor human,viral infection,75
adalimumab,cyst,75
adalimumab,loss of therapeutic response,75
adalimumab,rash pruritic,75
adalimumab,tachycardia,75
adalimumab-adaz,accidental exposure to product,75
alendronate sodium,hip arthroplasty,75
alendronic acid,pain,75
aminolevulinic acid hydrochloride,product quality issue,75
amlodipine besylate,bradycardia,75
amoxicillin,anaphylactic shock,75
anastrozole,pruritus,75
anifrolumab-fnia,systemic lupus erythematosus,75
"antihemophilic factor, human recombinant",anxiety,75
"antihemophilic factor, human recombinant",gait inability,75
"antihemophilic factor, human recombinant",muscle spasms,75
"antihemophilic factor, human recombinant",neck injury,75
"antihemophilic factor, human recombinant",sneezing,75
apixaban,nausea,75
apomorphine hydrochloride,fatigue,75
aripiprazole,irritability,75
aripiprazole,maternal exposure during pregnancy,75
asfotase alfa,gait disturbance,75
asfotase alfa,weight decreased,75
benralizumab,off label use,75
benralizumab,pyrexia,75
bevacizumab,white blood cell count decreased,75
brexucabtagene autoleucel,immune effector cell-associated neurotoxicity syndrome,75
brigatinib,pleural effusion,75
brivaracetam,product availability issue,75
budesonide\formoterol fumarate dihydrate,dysphonia,75
budesonide\formoterol\glycopyrrolate,no adverse event,75
bupropion hydrochloride,seizure,75
cabozantinib s-malate,illness,75
calcium carbonate,anti-cyclic citrullinated peptide antibody positive,75
calcium carbonate,muscle injury,75
calcium carbonate,pyrexia,75
calcium oxybate\magnesium oxybate\potassium oxybate\sodium oxybate,disorientation,75
carbidopa\levodopa,balance disorder,75
carbidopa\levodopa,off label use,75
celecoxib,facet joint syndrome,75
celecoxib,muscular weakness,75
certolizumab pegol,product dispensing issue,75
clopidogrel bisulfate,cerebral haemorrhage,75
deutetrabenazine,suicidal ideation,75
dexamethasone,asthenia,75
diclofenac,muscle spasms,75
diclofenac sodium,ill-defined disorder,75
donanemab-azbt,dizziness,75
dupilumab,eye allergy,75
eculizumab,platelet count decreased,75
elapegademase-lvlr,pyrexia,75
emtricitabine\tenofovir disoproxil fumarate,anxiety,75
estradiol,inappropriate schedule of product administration,75
estradiol,product ineffective,75
ethinyl estradiol\etonogestrel,no adverse event,75
evolocumab,gait disturbance,75
fam-trastuzumab deruxtecan-nxki,constipation,75
fenfluramine,status epilepticus,75
foscarbidopa\foslevodopa,delusion,75
foscarbidopa\foslevodopa,infusion site mass,75
foscarbidopa\foslevodopa,psychotic disorder,75
fremanezumab-vfrm,headache,75
gabapentin,asthenia,75
gabapentin,drug intolerance,75
human c1-esterase inhibitor,drug hypersensitivity,75
human immunoglobulin g,haemoptysis,75
human immunoglobulin g,weight abnormal,75
human immunoglobulin g\hyaluronidase (human recombinant),eye infection,75
human immunoglobulin g\hyaluronidase (human recombinant),gastroenteritis,75
human immunoglobulin g\hyaluronidase (human recombinant),hyperhidrosis,75
human immunoglobulin g\hyaluronidase (human recombinant),intervertebral disc protrusion,75
human immunoglobulin g\hyaluronidase (human recombinant),oral herpes,75
human immunoglobulin g\hyaluronidase (human recombinant),skin infection,75
hydroxychloroquine,condition aggravated,75
ibuprofen,headache,75
icatibant acetate,burning sensation,75
icatibant acetate,dysmenorrhoea,75
idursulfase,osteomyelitis,75
imatinib,malignant neoplasm progression,75
infliximab,eczema,75
infliximab-dyyb,oxygen saturation decreased,75
infliximab-dyyb,swelling,75
insulin lispro,glycosylated haemoglobin increased,75
interferon beta-1a,pain,75
ipilimumab,rash,75
istradefylline,constipation,75
ixazomib,burning sensation,75
lanreotide acetate,fall,75
leflunomide,rash,75
letrozole,drug ineffective,75
levetiracetam,asthenia,75
levetiracetam,fall,75
levothyroxine,drug ineffective,75
levothyroxine sodium,lip swelling,75
lisdexamfetamine dimesylate,irritability,75
lorlatinib,memory impairment,75
mesalamine,condition aggravated,75
metformin hydrochloride,cough,75
metformin hydrochloride,mental status changes,75
metformin hydrochloride,rash,75
methotrexate,visual impairment,75
methotrexate sodium,hepatic enzyme increased,75
methotrexate sodium,malaise,75
minoxidil,application site rash,75
minoxidil,wrong technique in product usage process,75
mometasone furoate monohydrate\olopatadine hydrochloride,product use issue,75
mycophenolate mofetil,cytomegalovirus viraemia,75
nilotinib,hypertension,75
nivolumab,cytokine release syndrome,75
ocrelizumab,alopecia,75
ocrelizumab,hypersensitivity,75
ofatumumab,optic neuritis,75
ofatumumab,therapeutic response shortened,75
olanzapine,constipation,75
omalizumab,decreased appetite,75
omeprazole,off label use,75
osimertinib,pain in extremity,75
osimertinib,seizure,75
oxycodone hydrochloride,dizziness,75
palbociclib,breast cancer female,75
pantoprazole,diarrhoea,75
pantoprazole,nausea,75
pegfilgrastim,off label use,75
pimavanserin tartrate,cerebrovascular accident,75
pimavanserin tartrate,hypoacusis,75
ponatinib,weight decreased,75
prednisone,post transplant lymphoproliferative disorder,75
pregabalin,hyperhidrosis,75
relugolix,renal disorder,75
ribociclib succinate,back pain,75
risankizumab-rzaa,head injury,75
risankizumab-rzaa,rash papular,75
rituximab,haemoglobin decreased,75
rituximab,lip dry,75
rituximab,rheumatic fever,75
rosuvastatin,drug intolerance,75
ruxolitinib,chills,75
ruxolitinib,product distribution issue,75
sacubitril\valsartan,asthenia,75
sarilumab,hypersensitivity,75
sarilumab,product dose omission issue,75
secukinumab,crohn's disease,75
secukinumab,liver disorder,75
somatropin,product preparation issue,75
somatropin,product use in unapproved indication,75
sparsentan,hepatic enzyme increased,75
sparsentan,malaise,75
spesolimab-sbzo,generalised pustular psoriasis,75
talquetamab,cytokine release syndrome,75
teduglutide,cholecystitis infective,75
teduglutide,escherichia infection,75
teduglutide,faecaloma,75
teduglutide,rib fracture,75
tirzepatide,injection site warmth,75
tirzepatide,retching,75
tocilizumab,blood pressure decreased,75
tocilizumab,dyspepsia,75
tocilizumab,influenza,75
tocilizumab,vision blurred,75
tofacitinib citrate,neoplasm malignant,75
tramadol,confusional state,75
treprostinil,choking,75
treprostinil,localised infection,75
triamcinolone,drug ineffective,75
tucatinib,malignant neoplasm progression,75
ubrogepant,migraine,75
ustekinumab,death,75
ustekinumab,incorrect dose administered,75
ustekinumab,pain,75
ustekinumab,rash,75
valbenazine ditosylate,drug ineffective,75
vancomycin hydrochloride,drug ineffective,75
velaglucerase alfa,dehydration,75
velaglucerase alfa,pneumonia mycoplasmal,75
venetoclax,cytopenia,75
zoledronic acid,influenza like illness,75
.alpha.1-proteinase inhibitor human,gastrointestinal disorder,74
.alpha.1-proteinase inhibitor human,herpes zoster,74
.alpha.1-proteinase inhibitor human,sciatica,74
abaloparatide,chest discomfort,74
abatacept,onychomadesis,74
acalabrutinib,anaemia,74
acalabrutinib,myocardial infarction,74
acetaminophen,analgesic drug level increased,74
acyclovir,acute kidney injury,74
adalimumab,deep vein thrombosis,74
adalimumab,therapy cessation,74
albuterol sulfate,expired product administered,74
albuterol sulfate\budesonide,device defective,74
alendronate sodium,dislocation of vertebra,74
alendronate sodium,epilepsy,74
alendronate sodium,weight decreased,74
allopurinol,acute kidney injury,74
alprazolam,completed suicide,74
amikacin,sputum increased,74
amoxicillin,diarrhoea,74
aripiprazole,hallucination,74
aripiprazole lauroxil,needle issue,74
articaine hydrochloride\epinephrine bitartrate,drug ineffective,74
atorvastatin,erectile dysfunction,74
avapritinib,bone pain,74
avapritinib,insomnia,74
belimumab,underdose,74
benralizumab,pain in extremity,74
bevacizumab,adverse event,74
bimekizumab,cough,74
bimekizumab-bkzx,needle issue,74
bosentan,hospitalisation,74
brigatinib,hypoaesthesia,74
budesonide,arthralgia,74
budesonide,palpitations,74
budesonide\formoterol\glycopyrrolate,vision blurred,74
calcium carbonate,drug intolerance,74
calcium carbonate,pneumonia,74
calcium oxybate\magnesium oxybate\potassium oxybate\sodium oxybate,therapeutic response unexpected,74
capecitabine,thrombocytopenia,74
capivasertib,blood glucose increased,74
carbidopa\levodopa,device breakage,74
carbidopa\levodopa,loss of personal independence in daily activities,74
carboplatin,constipation,74
celecoxib,grip strength decreased,74
ciltacabtagene autoleucel,cranial nerve paralysis,74
clonidine,drug ineffective,74
clozapine,disease progression,74
clozapine,neuropathy peripheral,74
clozapine,rhinalgia,74
corticotropin,hypoaesthesia,74
cyclosporine,eye swelling,74
dapagliflozin,pruritus,74
deutetrabenazine,fall,74
diclofenac,blood cholesterol increased,74
diclofenac,insomnia,74
diclofenac sodium,bursitis,74
dulaglutide,injection site mass,74
dupilumab,foot fracture,74
dupilumab,head discomfort,74
dupilumab,speech disorder,74
empagliflozin,glycosylated haemoglobin increased,74
encorafenib,pyrexia,74
eptinezumab-jjmr,inappropriate schedule of product administration,74
esomeprazole magnesium,confusional state,74
etanercept,diarrhoea,74
etanercept,neoplasm malignant,74
evolocumab,blood pressure increased,74
evolocumab,memory impairment,74
faricimab-svoa,visual acuity reduced,74
fulvestrant,pleural effusion,74
furosemide,infusion site pain,74
guselkumab,syringe issue,74
human immunoglobulin g,acute kidney injury,74
human immunoglobulin g,allergic cough,74
human immunoglobulin g,allergy to animal,74
human immunoglobulin g,squamous cell carcinoma,74
human immunoglobulin g,therapy change,74
human immunoglobulin g\hyaluronidase (human recombinant),decreased immune responsiveness,74
human immunoglobulin g\hyaluronidase (human recombinant),hypoaesthesia,74
human immunoglobulin g\hyaluronidase (human recombinant),injection site discharge,74
icatibant acetate,fear,74
icatibant acetate,fear of injection,74
imatinib,drug intolerance,74
imiglucerase,weight increased,74
inclisiran sodium,rash,74
infliximab,bronchitis,74
infliximab,intestinal stenosis,74
infliximab,therapy cessation,74
insulin glargine\lixisenatide,accidental exposure to product,74
insulin lispro,illness,74
insulin lispro,malaise,74
iopromide,dyspnoea,74
isotretinoin,myalgia,74
lamotrigine,epilepsy,74
lanadelumab,cardiac disorder,74
lanadelumab,injection site swelling,74
lecanemab-irmb,pyrexia,74
leflunomide,product use issue,74
lenalidomide,febrile neutropenia,74
letrozole,metastases to bone,74
levetiracetam,anxiety,74
levofloxacin,tendon pain,74
levofloxacin,tendonitis,74
levonorgestrel,menstruation irregular,74
levothyroxine sodium,diplopia,74
levothyroxine sodium,transient ischaemic attack,74
mepolizumab,sputum discoloured,74
methotrexate,oropharyngeal pain,74
methotrexate,road traffic accident,74
mirtazapine,product use in unapproved indication,74
mycophenolate mofetil,acute graft versus host disease,74
mycophenolate mofetil,herpes zoster,74
natalizumab,mobility decreased,74
nintedanib,dry mouth,74
nintedanib,gait disturbance,74
ofatumumab,hyperhidrosis,74
onabotulinumtoxina,dysphagia,74
onabotulinumtoxina,therapeutic product effect incomplete,74
ondansetron,off label use,74
oxycodone hydrochloride,product prescribing issue,74
palbociclib,dyspepsia,74
palbociclib,red cell distribution width increased,74
peginterferon alfa-2a,off label use,74
pembrolizumab,hypotension,74
pembrolizumab,immune-mediated renal disorder,74
pomalidomide,contusion,74
ponatinib,leukaemia,74
ponatinib,thrombosis,74
pregabalin,covid-19,74
quetiapine fumarate,product use issue,74
ravulizumab-cwvz,general physical health deterioration,74
relugolix,chest discomfort,74
relugolix,sinusitis,74
relugolix,tremor,74
ribociclib succinate,abdominal pain upper,74
ribociclib succinate,dry skin,74
risperidone,overdose,74
rituximab,immunosuppression,74
rivaroxaban,product prescribing issue,74
rosuvastatin calcium,vomiting,74
ruxolitinib,diabetes mellitus,74
semaglutide,blood pressure decreased,74
semaglutide,wrong technique in device usage process,74
sertraline hydrochloride,cognitive disorder,74
sertraline hydrochloride,muscular weakness,74
sertraline hydrochloride,sleep disorder,74
simvastatin,intentional product misuse,74
siponimod,multiple sclerosis relapse,74
sodium oxybate,nasopharyngitis,74
sotatercept,epistaxis,74
sparsentan,muscle spasms,74
sparsentan,somnolence,74
tarlatamab,cytokine release syndrome,74
teduglutide,change of bowel habit,74
teprotumumab-trbw,diplopia,74
teriparatide,drug ineffective,74
tildrakizumab-asmn,drug ineffective,74
tipiracil hydrochloride\trifluridine,fatigue,74
tirzepatide,abortion spontaneous,74
tisagenlecleucel,malignant neoplasm progression,74
tocilizumab,gastroenteritis viral,74
tocilizumab,health assessment questionnaire score increased,74
tocilizumab,night sweats,74
tofacitinib citrate,blood pressure abnormal,74
topiramate,headache,74
treprostinil,disease progression,74
treprostinil,pulmonary arterial pressure increased,74
treprostinil,therapy cessation,74
treprostinil,underdose,74
trospium chloride\xanomeline,dizziness,74
upadacitinib,back disorder,74
upadacitinib,cholelithiasis,74
upadacitinib,clostridium difficile infection,74
upadacitinib,osteoporosis,74
ustekinumab,underdose,74
varenicline tartrate,sneezing,74
vedolizumab,clumsiness,74
vedolizumab,faecal volume increased,74
vedolizumab,mass,74
vedolizumab,post procedural haemorrhage,74
vedolizumab,sensory loss,74
velaglucerase alfa,aggression,74
velaglucerase alfa,central nervous system lesion,74
velaglucerase alfa,haematocrit decreased,74
velaglucerase alfa,irritability,74
velaglucerase alfa,meningitis,74
velaglucerase alfa,mood altered,74
velaglucerase alfa,psychomotor hyperactivity,74
velaglucerase alfa,red blood cell count decreased,74
velaglucerase alfa,tension headache,74
velaglucerase alfa,urinary incontinence,74
venetoclax,red blood cell count decreased,74
abaloparatide,flushing,73
abaloparatide,pneumonia,73
abatacept,dislocation of vertebra,73
abatacept,epilepsy,73
abatacept,joint stiffness,73
acetaminophen,erythema,73
acetaminophen,pneumonia,73
adalimumab,cardiac failure,73
adalimumab,coeliac disease,73
adalimumab,spondylitis,73
adapalene,rash,73
albuterol sulfate\budesonide,dyspnoea,73
alendronate sodium,autoimmune disorder,73
alendronate sodium,deep vein thrombosis postoperative,73
alprazolam,altered state of consciousness,73
amoxicillin,pruritus,73
amphetamine aspartate\amphetamine sulfate\dextroamphetamine saccharate\dextroamphetamine sulfate,therapeutic response changed,73
"antihemophilic factor, human recombinant",post procedural complication,73
apixaban,arthropathy,73
apixaban,rectal haemorrhage,73
asfotase alfa,asthenia,73
atezolizumab,dyspnoea,73
avapritinib,hair colour changes,73
avapritinib,illness,73
azacitidine,pneumonia,73
benralizumab,diabetes mellitus,73
bimekizumab,depression,73
bimekizumab-bkzx,influenza,73
brigatinib,weight decreased,73
budesonide,asthenia,73
budesonide\formoterol fumarate dihydrate,fatigue,73
buprenorphine,toxicity to various agents,73
cabazitaxel,ureteritis,73
cabozantinib s-malate,abdominal pain upper,73
calcium carbonate,dyspnoea,73
carbidopa\levodopa,gait inability,73
carbidopa\levodopa,pyrexia,73
carbidopa\levodopa,stoma site infection,73
carboplatin,rash maculo-papular,73
carboplatin,septic shock,73
celecoxib,abdominal pain,73
celecoxib,arthritis,73
certolizumab pegol,autoimmune disorder,73
ciprofloxacin,vomiting,73
cisplatin,anaemia,73
clopidogrel bisulfate,gastrointestinal haemorrhage,73
clozapine,delusion,73
clozapine,influenza,73
corticotropin,infection,73
dapagliflozin,loss of consciousness,73
dasatinib,headache,73
dexamethasone,intentional product use issue,73
dexamethasone,sepsis,73
diclofenac,infection,73
diclofenac,memory impairment,73
diclofenac sodium,decreased appetite,73
docetaxel,metastases to central nervous system,73
doxycycline,nausea,73
dulaglutide,weight increased,73
dupilumab,joint injury,73
elacestrant,drug ineffective,73
empagliflozin,acute kidney injury,73
emtricitabine\tenofovir disoproxil fumarate,anhedonia,73
eptinezumab-jjmr,nasal congestion,73
esomeprazole,hypocalcaemia,73
fezolinetant,drug ineffective,73
foscarbidopa\foslevodopa,catheter site erythema,73
foscarbidopa\foslevodopa,hypotension,73
fulvestrant,acute kidney injury,73
human immunoglobulin g,animal bite,73
human immunoglobulin g,choking,73
human immunoglobulin g,haemolytic anaemia,73
human immunoglobulin g,oxygen saturation abnormal,73
human immunoglobulin g\hyaluronidase (human recombinant),brain fog,73
ibuprofen,abdominal pain upper,73
ibuprofen,toxic epidermal necrolysis,73
icatibant acetate,application site pain,73
icatibant acetate,respiratory disorder,73
idursulfase,generalised tonic-clonic seizure,73
infliximab,breast cancer,73
infliximab,chills,73
infliximab,defaecation urgency,73
infliximab,procedural pain,73
infliximab-dyyb,lower respiratory tract infection,73
infliximab-dyyb,osteoarthritis,73
insulin lispro,fall,73
isavuconazonium sulfate,off label use,73
isotretinoin,lip dry,73
isotretinoin,treatment noncompliance,73
lacosamide,multiple-drug resistance,73
lamotrigine,confusional state,73
lamotrigine,drug interaction,73
lanadelumab,sepsis,73
latanoprost,eye irritation,73
leflunomide,joint swelling,73
lenalidomide,cellulitis,73
lenalidomide,swelling face,73
letrozole,alanine aminotransferase increased,73
levetiracetam,product use in unapproved indication,73
levocetirizine dihydrochloride,pruritus,73
levothyroxine sodium,subarachnoid haemorrhage,73
lorazepam,drug abuse,73
medroxyprogesterone,device leakage,73
methotrexate,c-reactive protein increased,73
methotrexate,osteoporosis,73
methotrexate,wound infection,73
methotrexate sodium,weight decreased,73
midazolam,no adverse event,73
nilotinib,arthralgia,73
nintedanib,dysphonia,73
nintedanib,infection,73
nivolumab,constipation,73
omalizumab,cerebrovascular accident,73
omalizumab,limb injury,73
omalizumab,seasonal allergy,73
onabotulinumtoxina,muscular weakness,73
osimertinib,general physical health deterioration,73
oxaliplatin,abdominal pain,73
pacritinib,nausea,73
palbociclib,condition aggravated,73
palbociclib,oropharyngeal pain,73
paliperidone palmitate,schizophrenia,73
peginterferon beta-1a,influenza like illness,73
pembrolizumab,cerebral infarction,73
pirfenidone,nausea,73
ponatinib,gait disturbance,73
ponatinib,speech disorder,73
ponatinib,urticaria,73
pregabalin,feeling abnormal,73
pregabalin,rash,73
quetiapine,suicidal ideation,73
ravulizumab-cwvz,cough,73
relugolix,abdominal pain,73
relugolix,drug ineffective,73
relugolix,hypotension,73
relugolix,loss of consciousness,73
ribociclib,platelet count decreased,73
ribociclib succinate,drug ineffective,73
ribociclib succinate,feeling abnormal,73
rilpivirine,pathogen resistance,73
risankizumab-rzaa,paraesthesia,73
risankizumab-rzaa,renal disorder,73
risankizumab-rzaa,renal failure,73
risperidone,blood prolactin increased,73
rituximab,hepatitis,73
rituximab-abbs,poor venous access,73
rituximab-pvvr,asthenia,73
rituximab-pvvr,rash,73
romosozumab-aqqg,femur fracture,73
rosuvastatin,diarrhoea,73
rotigotine,drug ineffective,73
sarilumab,contusion,73
sarilumab,product dose omission in error,73
secukinumab,adverse drug reaction,73
selinexor,product dose omission issue,73
semaglutide,hypersensitivity,73
sertraline hydrochloride,agitation,73
sildenafil citrate,death,73
sodium oxybate,memory impairment,73
sodium oxybate,suicidal ideation,73
tacrolimus,headache,73
tacrolimus,renal failure,73
tafamidis,cardiac disorder,73
teduglutide,aphonia,73
teduglutide,coma,73
teduglutide,infusion site erythema,73
teduglutide,joint dislocation,73
teduglutide,loss of personal independence in daily activities,73
teduglutide,musculoskeletal pain,73
teduglutide,upper-airway cough syndrome,73
teduglutide,visual impairment,73
teduglutide,vitamin b12 deficiency,73
teriparatide,incorrect dose administered by device,73
tiotropium bromide,off label use,73
tirzepatide,swelling,73
tocilizumab,body temperature increased,73
tocilizumab,obesity,73
tocilizumab,psoriasis,73
tralokinumab-ldrm,injection site pruritus,73
trametinib dimethyl sulfoxide,diarrhoea,73
treprostinil,blood loss anaemia,73
treprostinil,compression fracture,73
treprostinil,lower respiratory tract infection,73
trofinetide,fatigue,73
upadacitinib,localised infection,73
upadacitinib,sciatica,73
upadacitinib,tendon rupture,73
vedolizumab,blindness unilateral,73
vedolizumab,body temperature abnormal,73
vedolizumab,metastases to lung,73
vedolizumab,pyelonephritis,73
vedolizumab,upper limb fracture,73
vedolizumab,upper-airway cough syndrome,73
velaglucerase alfa,upper respiratory tract infection,73
venetoclax,immunodeficiency,73
venlafaxine hydrochloride,weight increased,73
vibegron,headache,73
voclosporin,illness,73
zuranolone,feeling abnormal,73
abaloparatide,hip fracture,72
abaloparatide,pain in jaw,72
abatacept,accidental exposure to product,72
abatacept,autoimmune disorder,72
abatacept,retinitis,72
abemaciclib,pain in extremity,72
acetaminophen,ductus arteriosus stenosis foetal,72
acetaminophen,hepatitis acute,72
acetaminophen,intentional product use issue,72
acetaminophen,multiple organ dysfunction syndrome,72
acetaminophen,therapeutic response unexpected,72
adalimumab,eye disorder,72
adalimumab-aaty,pain,72
albuterol sulfate,device leakage,72
amifampridine phosphate,asthenia,72
amikacin,secretion discharge,72
amlodipine besylate,condition aggravated,72
amlodipine besylate,orthostatic hypotension,72
amphetamine aspartate\amphetamine sulfate\dextroamphetamine saccharate\dextroamphetamine sulfate,toxicity to various agents,72
"antihemophilic factor, human recombinant",haemoptysis,72
apixaban,deep vein thrombosis,72
asfotase alfa,dyspnoea,72
atezolizumab,proteinuria,72
belumosudil,hospitalisation,72
benralizumab,lung disorder,72
benralizumab,urinary tract infection,72
bevacizumab,colitis,72
bevacizumab,epistaxis,72
bimekizumab-bkzx,pyrexia,72
brigatinib,abdominal pain upper,72
brigatinib,migraine,72
budesonide,hypertension,72
budesonide\formoterol fumarate dihydrate,obstructive airways disorder,72
buprenorphine,inappropriate schedule of product administration,72
bupropion hydrochloride,headache,72
calcium carbonate,abdominal pain upper,72
calcium carbonate,sinusitis,72
calcium oxybate\magnesium oxybate\potassium oxybate\sodium oxybate,gait disturbance,72
calcium oxybate\magnesium oxybate\potassium oxybate\sodium oxybate,road traffic accident,72
cannabidiol,decreased appetite,72
carbidopa\levodopa,therapeutic response shortened,72
cetirizine hydrochloride,condition aggravated,72
ciprofloxacin,diarrhoea,72
cisplatin,off label use,72
copper,bacterial vaginosis,72
daprodustat,product use issue,72
denosumab,hypercalcaemia,72
deutetrabenazine,insomnia,72
dexamethasone,infection,72
diazepam,poisoning deliberate,72
diclofenac,anti-cyclic citrullinated peptide antibody positive,72
diclofenac,paraesthesia,72
dimethyl fumarate,abdominal pain upper,72
diroximel fumarate,paraesthesia,72
diroximel fumarate,rash,72
docetaxel,anaemia,72
dulaglutide,fatigue,72
duloxetine,dizziness,72
dupilumab,asthenopia,72
dupilumab,back disorder,72
dupilumab,candida infection,72
dupilumab,colitis,72
dupilumab,device operational issue,72
dupilumab,hyposmia,72
dupilumab,off label use of device,72
dupilumab,"sleep disorder due to general medical condition, insomnia type",72
elapegademase-lvlr,covid-19,72
elexacaftor\ivacaftor\tezacaftor,cough,72
enzalutamide,condition aggravated,72
erenumab-aooe,injection site haemorrhage,72
esomeprazole,pain,72
esomeprazole magnesium,product use issue,72
etanercept,arthritis,72
etanercept,lower respiratory tract infection,72
etonogestrel,device dislocation,72
exenatide,drug dose omission by device,72
exenatide,weight decreased,72
faricimab-svoa,visual acuity tests abnormal,72
fenfluramine,gastroenteritis viral,72
fenfluramine,screaming,72
fluticasone propionate,asthma,72
fluticasone propionate,headache,72
fluticasone propionate,product complaint,72
fruquintinib,rectal cancer,72
gabapentin,vomiting,72
guaifenesin,drug effective for unapproved indication,72
human immunoglobulin g,abdominal mass,72
human immunoglobulin g,arrhythmia,72
human immunoglobulin g,aspiration,72
human immunoglobulin g,blood potassium increased,72
human immunoglobulin g,cerebral haemorrhage,72
human immunoglobulin g,decreased immune responsiveness,72
human immunoglobulin g,dysarthria,72
human immunoglobulin g,hypervolaemia,72
human immunoglobulin g,mouth ulceration,72
human immunoglobulin g,pneumonia aspiration,72
human immunoglobulin g\hyaluronidase (human recombinant),lower limb fracture,72
ibrutinib,infection,72
ibuprofen,depression,72
icatibant acetate,arthritis,72
icatibant acetate,gastroenteritis,72
idursulfase,blood sodium decreased,72
idursulfase,hypotonia,72
idursulfase,migraine,72
idursulfase,vascular device infection,72
infliximab,drug intolerance,72
infliximab-dyyb,dry skin,72
insulin aspart,cataract,72
insulin glargine,dizziness,72
insulin glargine\lixisenatide,exposure via skin contact,72
insulin human,drug ineffective,72
insulin lispro,fatigue,72
isotretinoin,therapy interrupted,72
lacosamide,overdose,72
lanadelumab,cataract,72
lanadelumab,gait disturbance,72
lanadelumab,injection site reaction,72
leflunomide,intentional product use issue,72
lenalidomide,treatment delayed,72
letrozole,constipation,72
letrozole,pain in extremity,72
letrozole,pruritus,72
levetiracetam,drug resistance,72
levothyroxine sodium,angioedema,72
lisdexamfetamine dimesylate,suicidal ideation,72
lorlatinib,anxiety,72
lorlatinib,cough,72
lorlatinib,pain,72
mepolizumab,anxiety,72
mesalamine,headache,72
methotrexate,disease recurrence,72
methotrexate,facet joint syndrome,72
methotrexate sodium,acute kidney injury,72
methotrexate sodium,cough,72
methotrexate sodium,mouth ulceration,72
nilotinib,headache,72
nilotinib,malaise,72
ocrelizumab,neuralgia,72
olanzapine,drug abuse,72
omalizumab,loss of consciousness,72
omalizumab,lung disorder,72
omalizumab,musculoskeletal stiffness,72
omalizumab,swollen tongue,72
oxaliplatin,decreased appetite,72
oxaliplatin,rash,72
oxycodone hydrochloride,diarrhoea,72
palbociclib,confusional state,72
palbociclib,somnolence,72
panitumumab,asthenia,72
pegvaliase-pqpz,injection site pain,72
pembrolizumab,hepatotoxicity,72
pemetrexed,pancytopenia,72
pimavanserin tartrate,adverse event,72
polatuzumab vedotin-piiq,off label use,72
polyethylene glycol 3350,underdose,72
pomalidomide,atrial fibrillation,72
pomalidomide,feeling abnormal,72
ponatinib,dehydration,72
prednisolone,immunosuppression,72
prednisolone,rebound effect,72
propranolol hydrochloride,nasopharyngitis,72
quetiapine,electrocardiogram qt prolonged,72
regorafenib monohydrate,product use issue,72
relugolix,blood triglycerides increased,72
relugolix,dysgeusia,72
relugolix,limb discomfort,72
ribociclib,anaemia,72
ribociclib,headache,72
rifaximin,product use issue,72
risankizumab-rzaa,post procedural infection,72
risankizumab-rzaa,systemic lupus erythematosus,72
rituximab,cerebrovascular accident,72
rituximab,hypercholesterolaemia,72
rituximab-pvvr,vomiting,72
rosuvastatin,fatigue,72
ruxolitinib,blood pressure increased,72
ruxolitinib,palpitations,72
ruxolitinib,renal impairment,72
secukinumab,lower limb fracture,72
semaglutide,appetite disorder,72
semaglutide,renal disorder,72
siponimod,fatigue,72
sodium citrate,dizziness,72
sodium oxybate,diarrhoea,72
sodium oxybate,loss of consciousness,72
sodium oxybate,pre-existing condition improved,72
somatropin,device deployment issue,72
sotatercept-csrk,fatigue,72
sotatercept-csrk,nausea,72
tacrolimus,tremor,72
tamsulosin hydrochloride,dizziness,72
teduglutide,cardiac failure,72
teduglutide,facial paralysis,72
teduglutide,hepatic steatosis,72
teduglutide,strangury,72
tenofovir disoproxil fumarate,tooth injury,72
teprotumumab-trbw,blood pressure increased,72
teprotumumab-trbw,disability,72
tezepelumab,fatigue,72
tezepelumab,illness,72
tezepelumab,malaise,72
tildrakizumab-asmn,death,72
tislelizumab,transaminases increased,72
tocilizumab,lip dry,72
tocilizumab,musculoskeletal pain,72
tocilizumab,oedema peripheral,72
tofacitinib citrate,paraesthesia,72
trastuzumab,neutropenia,72
treprostinil,blood glucose increased,72
treprostinil,hip fracture,72
trospium chloride\xanomeline,dyspepsia,72
upadacitinib,balance disorder,72
upadacitinib,depression,72
upadacitinib,prostate cancer,72
ustekinumab,pruritus,72
vedolizumab,bacterial vaginosis,72
vedolizumab,facial pain,72
vedolizumab,injection site haemorrhage,72
vedolizumab,swollen tongue,72
vedolizumab,taste disorder,72
venlafaxine hydrochloride,insomnia,72
venlafaxine hydrochloride,tremor,72
vibegron,diarrhoea,72
voclosporin,pain,72
zoledronic acid,anaemia,72
.alpha.1-proteinase inhibitor human,cardiac disorder,71
.alpha.1-proteinase inhibitor human,cellulitis,71
.alpha.1-proteinase inhibitor human,influenza like illness,71
.alpha.1-proteinase inhibitor human,neck pain,71
.alpha.1-proteinase inhibitor human,throat irritation,71
abatacept,deep vein thrombosis postoperative,71
abatacept,lupus-like syndrome,71
acalabrutinib,peripheral swelling,71
adalimumab,bone erosion,71
adalimumab,onychomadesis,71
alendronate sodium,amnesia,71
alendronate sodium,taste disorder,71
amoxicillin,acute kidney injury,71
amoxicillin,anaphylactic reaction,71
antihemophilic factor human,joint injury,71
"antihemophilic factor, human recombinant",osteoarthritis,71
apixaban,diarrhoea,71
apixaban,melaena,71
apremilast,death,71
asfotase alfa,nephrolithiasis,71
asfotase alfa,pneumonia,71
atezolizumab,adrenal insufficiency,71
atezolizumab,vomiting,71
atorvastatin,weight decreased,71
baclofen,withdrawal syndrome,71
benralizumab,oropharyngeal pain,71
bimekizumab-bkzx,abdominal pain upper,71
bosentan,off label use,71
brigatinib,feeling abnormal,71
brigatinib,visual impairment,71
budesonide,dizziness,71
budesonide\formoterol fumarate dihydrate,device breakage,71
budesonide\formoterol fumarate dihydrate,illness,71
bupropion hydrochloride,anxiety,71
bupropion hydrochloride\naltrexone hydrochloride,blood pressure increased,71
cabotegravir\rilpivirine,blood hiv rna increased,71
cabozantinib s-malate,skin exfoliation,71
calcium carbonate,drug effective for unapproved indication,71
calcium carbonate,maternal exposure during pregnancy,71
calcium oxybate\magnesium oxybate\potassium oxybate\sodium oxybate,nocturia,71
cannabidiol,intentional product use issue,71
carboxymethylcellulose sodium\glycerin,cataract,71
cenegermin-bkbj,eye pruritus,71
cenegermin-bkbj,hospitalisation,71
corticotropin,depression,71
corticotropin,influenza,71
corticotropin,wrong technique in product usage process,71
cyclophosphamide,disease progression,71
cyclosporine,acute graft versus host disease in skin,71
dalfampridine,death,71
dapagliflozin,decreased appetite,71
datopotamab deruxtecan-dlnk,disease progression,71
denosumab,headache,71
diclofenac,gait disturbance,71
diclofenac,night sweats,71
diroximel fumarate,vomiting,71
docetaxel,vascular device infection,71
dulaglutide,illness,71
dupilumab,hernia,71
dupilumab,taste disorder,71
durvalumab,nausea,71
elosulfase alfa,pyrexia,71
enfortumab vedotin-ejfv,dry skin,71
enfortumab vedotin-ejfv,hypoaesthesia,71
enzalutamide,dizziness,71
esomeprazole,malaise,71
esomeprazole,vomiting,71
estradiol,product use in unapproved indication,71
etanercept,hypertension,71
etanercept,injection site erythema,71
eteplirsen,product dose omission issue,71
evolocumab,hypersensitivity,71
evolocumab,visual impairment,71
exenatide,device issue,71
fenfluramine,cardiac disorder,71
foscarbidopa\foslevodopa,balance disorder,71
foscarbidopa\foslevodopa,infusion site bruising,71
fruquintinib,stomatitis,71
fulvestrant,renal impairment,71
gabapentin,suicidal ideation,71
guselkumab,condition aggravated,71
human c1-esterase inhibitor,hypertension,71
human immunoglobulin g,device related infection,71
human immunoglobulin g,injection site irritation,71
human immunoglobulin g,lack of infusion site rotation,71
human immunoglobulin g,respiratory symptom,71
human immunoglobulin g,sluggishness,71
human immunoglobulin g\hyaluronidase (human recombinant),dysphonia,71
ibrutinib,covid-19,71
ibuprofen,gastric ulcer,71
icatibant acetate,application site erythema,71
icatibant acetate,myocardial infarction,71
icatibant acetate,tachycardia,71
idursulfase,catarrh,71
idursulfase,injury,71
infliximab,c-reactive protein increased,71
infliximab,faecal calprotectin increased,71
infliximab,feeling hot,71
infliximab,foetal exposure during pregnancy,71
infliximab-dyyb,haemoglobin decreased,71
ixazomib,contusion,71
ixazomib,red blood cell count decreased,71
ixekizumab,injection site swelling,71
lamotrigine,somnolence,71
lanadelumab,body height decreased,71
lanadelumab,injection site irritation,71
lenalidomide,gout,71
leniolisib phosphate,product dose omission issue,71
lenvatinib,dizziness,71
levonorgestrel,depression,71
levothyroxine sodium,muscle twitching,71
levothyroxine sodium,pericarditis,71
levothyroxine sodium,ventricular tachycardia,71
lorlatinib,pleural effusion,71
mepolizumab,insomnia,71
methotrexate,hip arthroplasty,71
methotrexate,sciatica,71
natalizumab,arthralgia,71
nemolizumab-ilto,condition aggravated,71
nintedanib,gastrooesophageal reflux disease,71
nintedanib,hypotension,71
nivolumab,product dose omission issue,71
ocrelizumab,musculoskeletal stiffness,71
ocrelizumab,visual impairment,71
octreotide acetate,fatigue,71
octreotide acetate,needle issue,71
olanzapine,hypotension,71
omaveloxolone,fatigue,71
omeprazole,vomiting,71
osimertinib,malaise,71
osimertinib,nail disorder,71
paliperidone palmitate,condition aggravated,71
pancrelipase amylase\pancrelipase lipase\pancrelipase protease,dizziness,71
pancrelipase amylase\pancrelipase lipase\pancrelipase protease,memory impairment,71
pancrelipase amylase\pancrelipase lipase\pancrelipase protease,product storage error,71
parathyroid hormone,malaise,71
paroxetine,drug abuse,71
pegvaliase-pqpz,dyspnoea,71
pembrolizumab,adrenocorticotropic hormone deficiency,71
pembrolizumab,pleural effusion,71
pembrolizumab,thyroiditis,71
pexidartinib hydrochloride,product use issue,71
pimavanserin tartrate,off label use,71
polyethylene glycol 3350,expired product administered,71
prednisone,arthralgia,71
prednisone,leukopenia,71
prednisone,product use in unapproved indication,71
pregabalin,drug ineffective for unapproved indication,71
pregabalin,drug intolerance,71
quetiapine,sedation,71
quetiapine fumarate,product use in unapproved indication,71
ravulizumab-cwvz,rash,71
ravulizumab-cwvz,stress,71
relugolix,flushing,71
ribociclib succinate,illness,71
ribociclib succinate,nasopharyngitis,71
ripretinib,death,71
risankizumab-rzaa,localised infection,71
risankizumab-rzaa,vision blurred,71
risankizumab-rzaa,wrong technique in product usage process,71
rituximab,back injury,71
rituximab,renal failure,71
rituximab,tumour lysis syndrome,71
rivaroxaban,fatigue,71
rurioctocog alfa pegol,arthralgia,71
rurioctocog alfa pegol,contusion,71
ruxolitinib,drug ineffective for unapproved indication,71
ruxolitinib,dyspepsia,71
ruxolitinib,leukocytosis,71
ruxolitinib,squamous cell carcinoma,71
sarilumab,abdominal pain upper,71
secukinumab,autoimmune disorder,71
secukinumab,sepsis,71
secukinumab,swollen joint count increased,71
selexipag,death,71
selinexor,constipation,71
selumetinib,acne,71
semaglutide,urticaria,71
sodium oxybate,therapeutic response unexpected,71
tacrolimus,drug level increased,71
teduglutide,hernia pain,71
teduglutide,infusion site haemorrhage,71
teduglutide,infusion site pain,71
teduglutide,lactic acidosis,71
teduglutide,mood swings,71
teduglutide,product preparation issue,71
teduglutide,respiratory disorder,71
teduglutide,umbilical hernia,71
teprotumumab-trbw,arthralgia,71
tocilizumab,liver injury,71
tocilizumab,pulmonary fibrosis,71
tofacitinib citrate,hepatic enzyme increased,71
tofacitinib citrate,limb discomfort,71
tofacitinib citrate,migraine,71
tolvaptan,pruritus,71
tolvaptan,vomiting,71
tramadol,coma,71
trastuzumab,anaemia,71
treprostinil,dysgeusia,71
treprostinil,faeces discoloured,71
treprostinil,ocular discomfort,71
treprostinil,rales,71
trofinetide,gastroenteritis,71
tucatinib,product use issue,71
ublituximab,pain,71
upadacitinib,impaired healing,71
upadacitinib,squamous cell carcinoma,71
vedolizumab,blood potassium increased,71
vedolizumab,feeling of body temperature change,71
vedolizumab,polymyalgia rheumatica,71
vedolizumab,vein collapse,71
velaglucerase alfa,abdominal discomfort,71
voclosporin,blood creatinine increased,71
vonoprazan fumarate,dyspepsia,71
.alpha.1-proteinase inhibitor human,drug hypersensitivity,70
.alpha.1-proteinase inhibitor human,infusion site extravasation,70
acoltremon,ocular discomfort,70
adalimumab,hepatitis,70
adalimumab,limb injury,70
adalimumab,renal impairment,70
adalimumab,respiratory disorder,70
adalimumab-aaty,malaise,70
albuterol,condition aggravated,70
albuterol,device occlusion,70
albuterol,wrong technique in device usage process,70
alendronate sodium,adjustment disorder with depressed mood,70
alendronate sodium,knee arthroplasty,70
alprazolam,death,70
alprazolam,drug interaction,70
ambrisentan,fluid retention,70
amlodipine besylate,hyperglycaemia,70
amlodipine besylate,multiple organ dysfunction syndrome,70
anastrozole,malaise,70
"antihemophilic factor, human recombinant",illness,70
"antihemophilic factor, human recombinant",product use complaint,70
apalutamide,pruritus,70
baclofen,muscle spasticity,70
belimumab,diarrhoea,70
bevacizumab,metastases to lung,70
bimekizumab-bkzx,product leakage,70
brentuximab vedotin,pyrexia,70
brimonidine tartrate,ocular hyperaemia,70
budesonide\formoterol,neoplasm malignant,70
bupropion hydrochloride,product substitution issue,70
bupropion hydrochloride\dextromethorphan hydrobromide,inappropriate schedule of product administration,70
bupropion hydrochloride\naltrexone hydrochloride,product prescribing error,70
cabozantinib s-malate,platelet count decreased,70
calcium carbonate,folliculitis,70
calcium oxybate\magnesium oxybate\potassium oxybate\sodium oxybate,contraindicated product administered,70
calcium oxybate\magnesium oxybate\potassium oxybate\sodium oxybate,hypoaesthesia,70
capecitabine,asthenia,70
capivasertib,fatigue,70
carbidopa\levodopa,embedded device,70
carboplatin,hyperthyroidism,70
cetirizine hydrochloride,alopecia,70
ciltacabtagene autoleucel,facial paralysis,70
ciprofloxacin,neuropathy peripheral,70
corticotropin,eye pain,70
cyclophosphamide,septic shock,70
cytarabine,off label use,70
dapagliflozin,memory impairment,70
dapagliflozin,rash,70
darunavir ethanolate,device issue,70
diclofenac sodium,grip strength decreased,70
diphenhydramine hydrochloride\ibuprofen,somnolence,70
diroximel fumarate,death,70
diroximel fumarate,hypoaesthesia,70
donanemab-azbt,nausea,70
dupilumab,accident,70
dupilumab,breast cancer,70
dupilumab,immune system disorder,70
dupilumab,laryngitis,70
elacestrant,constipation,70
empagliflozin,dehydration,70
estradiol\norethindrone acetate,product storage error,70
evolocumab,product storage error,70
fentanyl,drug use disorder,70
fexofenadine hydrochloride,somnolence,70
finasteride,headache,70
fingolimod,lymphopenia,70
fluorouracil,febrile neutropenia,70
fluticasone furoate,wrong technique in device usage process,70
fluticasone furoate\umeclidinium bromide\vilanterol trifenatate,inappropriate schedule of product administration,70
fluticasone propionate,product use in unapproved indication,70
gabapentin,anxiety,70
gemcitabine,anaemia,70
glofitamab,death,70
human immunoglobulin g,blood magnesium decreased,70
human immunoglobulin g,bone contusion,70
human immunoglobulin g,deafness,70
human immunoglobulin g,fine motor skill dysfunction,70
human immunoglobulin g,hepatic steatosis,70
human immunoglobulin g,hypogammaglobulinaemia,70
human immunoglobulin g,middle ear effusion,70
human immunoglobulin g,sinus pain,70
human immunoglobulin g,vein disorder,70
human immunoglobulin g\hyaluronidase (human recombinant),bronchiectasis,70
human immunoglobulin g\hyaluronidase (human recombinant),hiatus hernia,70
human immunoglobulin g\hyaluronidase (human recombinant),hypertension,70
human immunoglobulin g\hyaluronidase (human recombinant),platelet count decreased,70
human immunoglobulin g\hyaluronidase (human recombinant),product dispensing error,70
human immunoglobulin g\hyaluronidase (human recombinant),renal impairment,70
ibrutinib,dizziness,70
ibuprofen,hypotension,70
icatibant acetate,arthropod bite,70
icatibant acetate,head injury,70
icatibant acetate,injection site pruritus,70
icatibant acetate,pharyngeal swelling,70
idursulfase,cold sweat,70
idursulfase,drug resistance,70
idursulfase,exposure to extreme temperature,70
idursulfase,fat tissue increased,70
idursulfase,increased tendency to bruise,70
idursulfase,infusion site oedema,70
idursulfase,injection site bruising,70
idursulfase,intentional self-injury,70
idursulfase,muscle mass,70
idursulfase,pneumonitis,70
idursulfase,swelling of eyelid,70
idursulfase,temperature difference of extremities,70
idursulfase,vaccination site swelling,70
imatinib,diarrhoea,70
infliximab,blood pressure fluctuation,70
infliximab,myalgia,70
infliximab,rhinorrhoea,70
infliximab-dyyb,blood iron decreased,70
insulin aspart,wrong technique in product usage process,70
ipratropium bromide,product delivery mechanism issue,70
isotretinoin,maternal exposure during pregnancy,70
lanadelumab,loss of personal independence in daily activities,70
leflunomide,alopecia,70
lenalidomide,general physical health deterioration,70
lenalidomide,night sweats,70
lenalidomide,syncope,70
lenvatinib,myalgia,70
leuprolide acetate,night sweats,70
levetiracetam,abortion spontaneous,70
levothyroxine sodium,medication error,70
macitentan,fluid retention,70
measles virus strain enders^ attenuated edmonston live antigen\mumps virus strain b level jeryl lynn live antigen\rubella virus strain wistar ra 27/3 live antigen,no adverse event,70
mepolizumab,nasal polyps,70
mepolizumab,oxygen saturation decreased,70
metformin hydrochloride,diabetes mellitus,70
metformin hydrochloride,drug intolerance,70
metformin hydrochloride,treatment noncompliance,70
methotrexate,liver function test increased,70
methotrexate,"sleep disorder due to general medical condition, insomnia type",70
methotrexate sodium,pain in extremity,70
mometasone furoate monohydrate\olopatadine hydrochloride,drug dose omission by device,70
montelukast sodium,anxiety,70
morphine sulfate,drug ineffective,70
mycophenolate mofetil,cough,70
natalizumab,drug ineffective,70
nintedanib,pruritus,70
nintedanib,urinary tract infection,70
nirsevimab,respiratory syncytial virus infection,70
ocrelizumab,hypertension,70
ofatumumab,chest pain,70
olanzapine,fall,70
olopatadine hydrochloride,eye irritation,70
omalizumab,cellulitis,70
omalizumab,diverticulitis,70
omalizumab,mobility decreased,70
onabotulinumtoxina,product preparation error,70
onabotulinumtoxina,product temperature excursion issue,70
oxaliplatin,malignant neoplasm progression,70
ozanimod hydrochloride,multiple sclerosis relapse,70
paclitaxel,drug ineffective,70
pantoprazole,hyponatraemia,70
pembrolizumab,c-reactive protein increased,70
perfluorohexyloctane,eye irritation,70
pomalidomide,treatment noncompliance,70
procarbazine hydrochloride,nausea,70
propranolol hydrochloride,drug intolerance,70
quetiapine,drug abuse,70
quetiapine,fatigue,70
quetiapine fumarate,depression,70
relugolix,condition aggravated,70
relugolix,vertigo,70
ribociclib succinate,insomnia,70
risankizumab-rzaa,cardiac failure congestive,70
risankizumab-rzaa,drug hypersensitivity,70
risankizumab-rzaa,tuberculosis,70
risankizumab-rzaa,urticaria,70
rituximab,loss of consciousness,70
rituximab,psoriasis,70
rituximab,syncope,70
rituximab-pvvr,oropharyngeal pain,70
rivaroxaban,drug interaction,70
rozanolixizumab-noli,myasthenia gravis,70
ruxolitinib,chest pain,70
sacubitril\valsartan,death,70
sarilumab,abdominal discomfort,70
sarilumab,dyspnoea,70
sarilumab,pericarditis,70
sodium oxybate,seizure,70
sotatercept,haemoglobin increased,70
sotatercept-csrk,dyspnoea,70
sparsentan,rash,70
tacrolimus,disease recurrence,70
tadalafil,hypotension,70
teduglutide,discouragement,70
teduglutide,fear of injection,70
teduglutide,feeling cold,70
teduglutide,haematuria,70
teduglutide,infusion site mass,70
teduglutide,parainfluenzae virus infection,70
teduglutide,procedural haemorrhage,70
teduglutide,skin disorder,70
teduglutide,vertigo,70
teriparatide,death,70
testosterone,polycythaemia,70
tirzepatide,diabetic ketoacidosis,70
tislelizumab,chills,70
tislelizumab,hypersensitivity,70
tocilizumab,covid-19,70
tocilizumab,thrombocytopenia,70
treprostinil,accidental exposure to product,70
treprostinil,product distribution issue,70
upadacitinib,anxiety,70
upadacitinib,cyst,70
upadacitinib,femur fracture,70
upadacitinib,hyperhidrosis,70
upadacitinib,skin disorder,70
upadacitinib,skin exfoliation,70
ustekinumab,infusion related reaction,70
valsartan,vomiting,70
vedolizumab,drug level increased,70
vedolizumab,emphysema,70
vedolizumab,lactose intolerance,70
vedolizumab,pneumonia bacterial,70
vedolizumab,salmonellosis,70
vedolizumab,wound,70
velaglucerase alfa,infusion site erythema,70
.alpha.1-proteinase inhibitor human,skin cancer,69
abaloparatide,gastrointestinal disorder,69
abaloparatide,pyrexia,69
abatacept,delirium,69
abatacept,osteoporosis,69
abemaciclib,cough,69
acalabrutinib,dehydration,69
acetaminophen,angioedema,69
acyclovir,off label use,69
adalimumab,fistula,69
adalimumab,tubulointerstitial nephritis,69
adalimumab-adaz,incorrect dose administered by device,69
adalimumab-adaz,pain in extremity,69
adalimumab-ryvk,off label use,69
albuterol,fatigue,69
alendronate sodium,therapy non-responder,69
alendronate sodium,x-ray abnormal,69
alendronic acid,condition aggravated,69
amikacin,lung disorder,69
amlodipine besylate,cardiac arrest,69
amphetamine aspartate\amphetamine sulfate\dextroamphetamine saccharate\dextroamphetamine sulfate,brain fog,69
"antihemophilic factor, human recombinant",upper limb fracture,69
apremilast,upper respiratory tract infection,69
aripiprazole,disturbance in attention,69
aripiprazole,mental disorder,69
asfotase alfa,injection site bruising,69
atezolizumab,ascites,69
atezolizumab,neutropenia,69
atorvastatin,hypertension,69
avutometinib potassium\defactinib hydrochloride,nausea,69
bevacizumab,haemorrhage,69
bimekizumab,fungal infection,69
bimekizumab,malaise,69
bortezomib,death,69
brentuximab vedotin,neutrophil count decreased,69
budesonide,acne,69
budesonide,joint swelling,69
budesonide,product use in unapproved indication,69
budesonide\formoterol fumarate,dyspnoea,69
buprenorphine hydrochloride\naloxone hydrochloride,drug withdrawal syndrome,69
calcium carbonate,discomfort,69
calcium chloride\dextrose\magnesium chloride\sodium chloride\sodium lactate,cardiac arrest,69
calcium chloride\dextrose\magnesium chloride\sodium chloride\sodium lactate,malaise,69
calcium oxybate\magnesium oxybate\potassium oxybate\sodium oxybate,night sweats,69
calcium oxybate\magnesium oxybate\potassium oxybate\sodium oxybate,stress,69
capivasertib,decreased appetite,69
carbidopa\levodopa,headache,69
carbidopa\levodopa,pneumonia aspiration,69
carbidopa\levodopa,vomiting,69
carboplatin,general physical health deterioration,69
carboplatin,mucosal inflammation,69
carfilzomib,acute kidney injury,69
ceftriaxone,anaphylactic reaction,69
celecoxib,disability,69
cetirizine hydrochloride,peripheral swelling,69
cetirizine hydrochloride,vomiting,69
cladribine,asthenia,69
cladribine,gait disturbance,69
clopidogrel bisulfate,drug interaction,69
clozapine,eosinophil count increased,69
clozapine,mental disorder,69
clozapine,neuroleptic malignant syndrome,69
coagulation factor ix recombinant human,gingival bleeding,69
corticotropin,constipation,69
corticotropin,cough,69
cyclosporine,disease progression,69
dapagliflozin,pain,69
denosumab,neutropenia,69
diclofenac,anaphylactic reaction,69
diclofenac,ill-defined disorder,69
diclofenac,sleep disorder,69
diclofenac sodium,pneumonia,69
diroximel fumarate,dyspepsia,69
docetaxel,varicose vein,69
dupilumab,amnesia,69
dupilumab,blindness,69
dupilumab,cystitis,69
dupilumab,disturbance in attention,69
dupilumab,eyelid pain,69
dupilumab,lower limb fracture,69
dupilumab,oedema,69
dupilumab,pulmonary oedema,69
dupilumab,temperature intolerance,69
eculizumab,anaemia,69
eculizumab,fall,69
eculizumab,urinary tract infection,69
elexacaftor\ivacaftor\tezacaftor,gastrointestinal disorder,69
elexacaftor\ivacaftor\tezacaftor,sleep disorder,69
empagliflozin,dyspnoea,69
emtricitabine\tenofovir disoproxil,foetal exposure during pregnancy,69
enfortumab vedotin-ejfv,asthenia,69
enzalutamide,fall,69
esomeprazole magnesium,blood pressure increased,69
etanercept,dizziness,69
etanercept,psoriasis,69
evolocumab,urticaria,69
fenfluramine,gait inability,69
finasteride,anhedonia,69
flutemetamol f-18,dyspnoea,69
formoterol fumarate\glycopyrrolate,death,69
fruquintinib,abdominal pain,69
fruquintinib,dehydration,69
fulvestrant,blood creatinine increased,69
furosemide,hyponatraemia,69
gabapentin,feeling abnormal,69
gabapentin,hallucination,69
human immunoglobulin g,dementia,69
human immunoglobulin g,exposure during pregnancy,69
human immunoglobulin g,herpes virus infection,69
human immunoglobulin g\hyaluronidase (human recombinant),drug effect less than expected,69
human immunoglobulin g\hyaluronidase (human recombinant),neck pain,69
human immunoglobulin g\hyaluronidase (human recombinant),secretion discharge,69
hydroxyzine hydrochloride,toxicity to various agents,69
ibrutinib,haemorrhage,69
idursulfase,dose calculation error,69
idursulfase,obstructive airways disorder,69
imatinib,treatment failure,69
infliximab-dyyb,colitis,69
infliximab-dyyb,hypersensitivity,69
isatuximab,hypocalcaemia,69
ixazomib,product packaging issue,69
lanadelumab,abdominal discomfort,69
lanadelumab,body height increased,69
lanadelumab,emotional distress,69
lanadelumab,weight fluctuation,69
lenalidomide,flatulence,69
lenalidomide,oedema,69
lenalidomide,skin disorder,69
lenalidomide,vertigo,69
letrozole,dizziness,69
levetiracetam,product use issue,69
levetiracetam,therapeutic product effect incomplete,69
levothyroxine sodium,anosmia,69
levothyroxine sodium,atrial tachycardia,69
levothyroxine sodium,cardiospasm,69
levothyroxine sodium,carotid artery occlusion,69
levothyroxine sodium,facial pain,69
levothyroxine sodium,hallucination,69
levothyroxine sodium,immunisation,69
levothyroxine sodium,pain of skin,69
levothyroxine sodium,palmoplantar keratoderma,69
levothyroxine sodium,product substitution issue,69
levothyroxine sodium,pruritus genital,69
levothyroxine sodium,sleep terror,69
levothyroxine sodium,tension headache,69
levothyroxine sodium,vasculitis,69
lorlatinib,headache,69
methotrexate,drug-induced liver injury,69
methotrexate sodium,gastrointestinal disorder,69
methotrexate sodium,toxicity to various agents,69
momelotinib,thrombocytopenia,69
nintedanib,anxiety,69
nintedanib,weight increased,69
nivolumab,interstitial lung disease,69
nivolumab,product storage error,69
ocrelizumab,migraine,69
ofatumumab,productive cough,69
olaparib,red blood cell count decreased,69
olaparib,thrombocytopenia,69
olaparib,weight decreased,69
omalizumab,eye pruritus,69
omalizumab,injection site swelling,69
omalizumab,product quality issue,69
onabotulinumtoxina,dyspnoea,69
orlistat,drug ineffective,69
osimertinib,anaemia,69
osimertinib,constipation,69
oxycodone hydrochloride,counterfeit product administered,69
oxycodone hydrochloride,gastrointestinal disorder,69
oxycodone hydrochloride,off label use,69
oxycodone hydrochloride,pyrexia,69
palbociclib,muscle spasms,69
palbociclib,product dispensing error,69
palbociclib,visual impairment,69
panitumumab,pruritus,69
pembrolizumab,immune-mediated myositis,69
pembrolizumab,stevens-johnson syndrome,69
pexidartinib hydrochloride,pain,69
pimavanserin tartrate,"hallucination, auditory",69
pomalidomide,rash pruritic,69
ponatinib,balance disorder,69
prednisone,epstein-barr virus infection,69
pregabalin,musculoskeletal stiffness,69
pregabalin,neuralgia,69
pregabalin,sleep disorder,69
propranolol hydrochloride,drug titration error,69
ravulizumab-cwvz,balance disorder,69
ravulizumab-cwvz,blood creatinine increased,69
ravulizumab-cwvz,lower respiratory tract infection,69
ravulizumab-cwvz,myalgia,69
relugolix,rhinorrhoea,69
ribociclib,dyspnoea,69
ribociclib succinate,inappropriate schedule of product administration,69
risankizumab-rzaa,blood iron decreased,69
risankizumab-rzaa,breast cancer,69
risankizumab-rzaa,discomfort,69
risankizumab-rzaa,gastrointestinal haemorrhage,69
risankizumab-rzaa,neck pain,69
risankizumab-rzaa,pulmonary thrombosis,69
risankizumab-rzaa,syncope,69
risperidone,fatigue,69
rituximab,amnesia,69
rituximab,blood creatinine increased,69
rituximab,ear infection,69
rosuvastatin,pain,69
rosuvastatin calcium,asthma,69
rosuvastatin calcium,pain,69
rozanolixizumab,headache,69
sarilumab,fall,69
secukinumab,dry skin,69
secukinumab,ear infection,69
selexipag,pain,69
semaglutide,contusion,69
semaglutide,dysgeusia,69
semaglutide,prescription drug used without a prescription,69
semaglutide,vertigo,69
sertraline hydrochloride,anhedonia,69
sertraline hydrochloride,maternal exposure during pregnancy,69
somatropin,product reconstitution quality issue,69
sotatercept-csrk,no adverse event,69
sparsentan,blood urea increased,69
sparsentan,pain in extremity,69
teclistamab-cqyv,death,69
teduglutide,biliary colic,69
teduglutide,eye infection,69
teduglutide,hyperkalaemia,69
teduglutide,ileus,69
teduglutide,peripheral coldness,69
teduglutide,thyroid disorder,69
tiotropium bromide monohydrate,dyspnoea,69
tipiracil hydrochloride\trifluridine,nausea,69
tirzepatide,burning sensation,69
tirzepatide,presyncope,69
tocilizumab,lower limb fracture,69
tocilizumab,oropharyngeal pain,69
tofacitinib citrate,dementia,69
trametinib dimethyl sulfoxide,fatigue,69
trametinib dimethyl sulfoxide,visual impairment,69
trastuzumab,ejection fraction decreased,69
trastuzumab,thrombocytopenia,69
trastuzumab deruxtecan,death,69
treprostinil,device placement issue,69
treprostinil,full blood count decreased,69
treprostinil,oral candidiasis,69
upadacitinib,abscess,69
upadacitinib,blindness,69
upadacitinib,gastrointestinal haemorrhage,69
upadacitinib,lower limb fracture,69
upadacitinib,muscular weakness,69
ustekinumab,dizziness,69
vedolizumab,anal pruritus,69
vedolizumab,hand fracture,69
vedolizumab,joint dislocation,69
vedolizumab,lower respiratory tract congestion,69
vedolizumab,mycotic allergy,69
vedolizumab,pneumonitis,69
vedolizumab,skin irritation,69
vedolizumab,trigger finger,69
vedolizumab,vascular device infection,69
velaglucerase alfa,ear infection,69
venlafaxine hydrochloride,electric shock sensation,69
venlafaxine hydrochloride,hypertension,69
vosoritide,injection site pain,69
zilucoplan,fatigue,69
zoledronic acid,acute kidney injury,69
zoledronic acid,dyspnoea,69
.alpha.1-proteinase inhibitor human,erythema,68
.alpha.1-proteinase inhibitor human,feeling hot,68
.alpha.1-proteinase inhibitor human,sepsis,68
.alpha.1-proteinase inhibitor human,vein rupture,68
abaloparatide,atrial fibrillation,68
abaloparatide,contusion,68
abaloparatide,off label use,68
abemaciclib,blood creatinine increased,68
acetaminophen,anaphylactic reaction,68
acetaminophen,drug level increased,68
adalimumab,coronary artery occlusion,68
adalimumab,glaucoma,68
adalimumab,hypoacusis,68
adalimumab,incorrect route of product administration,68
adalimumab,swollen tongue,68
adalimumab,x-ray abnormal,68
afatinib,diarrhoea,68
albuterol sulfate,device use issue,68
alendronate sodium,adverse event,68
alendronic acid,dyspnoea,68
alendronic acid,glossodynia,68
alprazolam,product use issue,68
amikacin,drug intolerance,68
amikacin,wrong technique in product usage process,68
amiodarone,interstitial lung disease,68
amivantamab-vmjw,paronychia,68
amlodipine besylate,anxiety,68
amlodipine besylate,chest pain,68
amoxicillin,erythema,68
anakinra,condition aggravated,68
"antihemophilic factor, human recombinant",joint dislocation,68
apomorphine hydrochloride,hallucination,68
apremilast,abdominal pain upper,68
apremilast,gastrointestinal disorder,68
asfotase alfa,drug ineffective,68
avapritinib,eye swelling,68
aztreonam lysine,death,68
benralizumab,dysphonia,68
benralizumab,sinusitis,68
bimekizumab-bkzx,pneumonia,68
bimekizumab-bkzx,product storage error,68
bortezomib,diarrhoea,68
bortezomib,neutropenia,68
bosutinib monohydrate,illness,68
budesonide,obstructive airways disorder,68
budesonide\formoterol fumarate dihydrate,malaise,68
budesonide\formoterol\glycopyrrolate,hypoacusis,68
buprenorphine,dizziness,68
buprenorphine,headache,68
bupropion,overdose,68
busulfan,product use in unapproved indication,68
cabozantinib s-malate,dehydration,68
cabozantinib s-malate,muscle spasms,68
calcium chloride\dextrose\magnesium chloride\sodium chloride\sodium lactate,bloody peritoneal effluent,68
calcium chloride\dextrose\magnesium chloride\sodium chloride\sodium lactate,decreased appetite,68
calcium oxybate\magnesium oxybate\potassium oxybate\sodium oxybate,retching,68
carbidopa\levodopa,product substitution issue,68
carboplatin,cough,68
carboplatin,myocarditis,68
celecoxib,loss of personal independence in daily activities,68
certolizumab pegol,ear infection,68
certolizumab pegol,nasal congestion,68
ciprofloxacin,malaise,68
conestat alfa,product use in unapproved indication,68
cyclosporine,cytomegalovirus infection reactivation,68
cyclosporine,febrile neutropenia,68
dapagliflozin,headache,68
darbepoetin alfa,off label use,68
denosumab,bone pain,68
diclofenac,contraindicated product administered,68
diclofenac,sinusitis,68
docetaxel,malignant neoplasm progression,68
docetaxel,skin fissures,68
drospirenone,product use in unapproved indication,68
dupilumab,chapped lips,68
dupilumab,hypersomnia,68
dupilumab,panic attack,68
dupilumab,rash vesicular,68
dupilumab,swollen tongue,68
durvalumab,myocarditis,68
durvalumab,neutropenia,68
eculizumab,infection,68
elranatamab-bcmm,death,68
esketamine,somnolence,68
esomeprazole,dizziness,68
esomeprazole,off label use,68
estradiol\norethindrone acetate,off label use,68
etoposide,neoplasm progression,68
faricimab-svoa,endophthalmitis,68
fenfluramine,muscle twitching,68
fenfluramine,psychomotor hyperactivity,68
finerenone,hyperkalaemia,68
fingolimod,multiple sclerosis,68
fulvestrant,pain in extremity,68
furosemide,hypotension,68
gabapentin,arthralgia,68
gabapentin,hypertension,68
gemcitabine hydrochloride,myelosuppression,68
guselkumab,injection site reaction,68
human c1-esterase inhibitor,fall,68
human immunoglobulin g,body temperature abnormal,68
human immunoglobulin g,impaired quality of life,68
human immunoglobulin g,increased tendency to bruise,68
human immunoglobulin g,intervertebral disc disorder,68
human immunoglobulin g,photosensitivity reaction,68
human immunoglobulin g,poor quality product administered,68
human immunoglobulin g,wheelchair user,68
human immunoglobulin g\hyaluronidase (human recombinant),dengue fever,68
human immunoglobulin g\hyaluronidase (human recombinant),irritability,68
human immunoglobulin g\hyaluronidase (human recombinant),oedema,68
human immunoglobulin g\hyaluronidase (human recombinant),tooth disorder,68
ibrutinib,anaemia,68
ibrutinib,rash,68
icatibant acetate,lymphadenopathy,68
icatibant acetate,stress at work,68
icatibant acetate,upper limb fracture,68
icosapent ethyl,product colour issue,68
idursulfase,death,68
idursulfase,infusion site discomfort,68
idursulfase,infusion site infection,68
infliximab,blood iron decreased,68
infliximab,dehydration,68
infliximab,exposure during pregnancy,68
infliximab-dyyb,intestinal resection,68
infliximab-qbtx,intentional product use issue,68
ixazomib,cataract,68
ixazomib,thrombosis,68
lamotrigine,depression,68
lamotrigine,exposure during pregnancy,68
lanadelumab,dysmenorrhoea,68
lanadelumab,muscle spasms,68
lanadelumab,road traffic accident,68
lanreotide acetate,back pain,68
lanreotide acetate,injection site pain,68
lansoprazole,off label use,68
lenalidomide,respiratory syncytial virus infection,68
levofloxacin,fatigue,68
levonorgestrel,anxiety,68
mesalamine,pain,68
methotrexate,lower limb fracture,68
minoxidil,application site dryness,68
mirtazapine,coma,68
mirtazapine,fatigue,68
mirtazapine,medication error,68
mitotane,fatigue,68
mycophenolate mofetil,escherichia infection,68
mycophenolate mofetil,kaposi's sarcoma,68
nilotinib,pain in extremity,68
nirmatrelvir\ritonavir,malaise,68
nivolumab,adverse event,68
nivolumab,diabetic ketoacidosis,68
ocrelizumab,urinary incontinence,68
olanzapine,confusional state,68
olaparib,neoplasm malignant,68
olodaterol hydrochloride\tiotropium bromide monohydrate,dyspnoea,68
omalizumab,hypotension,68
omalizumab,muscle spasms,68
omalizumab,oedema peripheral,68
omeprazole,hypokalaemia,68
ondansetron,drug ineffective,68
osimertinib,cerebrovascular accident,68
osimertinib,hepatic function abnormal,68
oxaliplatin,chest discomfort,68
oxycodone hydrochloride,drug screen positive,68
oxycodone hydrochloride,pruritus,68
paclitaxel,vomiting,68
palbociclib,blood test abnormal,68
palbociclib,gait disturbance,68
pegfilgrastim,device physical property issue,68
pexidartinib hydrochloride,off label use,68
piperacillin sodium\tazobactam sodium,acute kidney injury,68
pomalidomide,brain fog,68
pomalidomide,chest pain,68
pomalidomide,haemoglobin decreased,68
pomalidomide,oedema peripheral,68
pomalidomide,weight decreased,68
ponatinib,dysphagia,68
ponatinib,liver disorder,68
prednisone,abdominal pain,68
prednisone,cough,68
pregabalin,muscle spasticity,68
quetiapine,neuroleptic malignant syndrome,68
quetiapine,serotonin syndrome,68
quetiapine fumarate,condition aggravated,68
quetiapine fumarate,weight increased,68
ravulizumab-cwvz,muscle spasms,68
resmetirom,abdominal pain upper,68
ribociclib succinate,blood creatinine increased,68
ripretinib,hyperkeratosis,68
risankizumab-rzaa,blood potassium decreased,68
risankizumab-rzaa,cardiac failure,68
risankizumab-rzaa,chest discomfort,68
risankizumab-rzaa,lung disorder,68
rituximab,foetal exposure during pregnancy,68
rituximab,hypokalaemia,68
rituximab,visual impairment,68
rituximab-abbs,headache,68
romosozumab-aqqg,off label use,68
ruxolitinib,cardiac disorder,68
ruxolitinib,pancytopenia,68
sacubitril\valsartan,acute kidney injury,68
sapropterin dihydrochloride,overdose,68
secukinumab,pulmonary fibrosis,68
semaglutide,haematochezia,68
semaglutide,spinal operation,68
sildenafil citrate,off label use,68
somatropin,product use complaint,68
teduglutide,catheter site erythema,68
teduglutide,rhinitis,68
tirzepatide,allodynia,68
tirzepatide,chest discomfort,68
tirzepatide,haematemesis,68
tirzepatide,neuropathy peripheral,68
tofacitinib citrate,eye disorder,68
tofacitinib citrate,osteoporosis,68
tramadol,nausea,68
treprostinil,haemorrhoids,68
treprostinil,physical deconditioning,68
treprostinil,rheumatoid arthritis,68
treprostinil,sinus headache,68
treprostinil,skin laceration,68
treprostinil,sleep apnoea syndrome,68
upadacitinib,squamous cell carcinoma of skin,68
valproic acid,drug interaction,68
vedolizumab,body height increased,68
vedolizumab,decubitus ulcer,68
vedolizumab,femur fracture,68
vedolizumab,gastric polyps,68
vedolizumab,incorrect drug administration rate,68
vedolizumab,short-bowel syndrome,68
velaglucerase alfa,cholelithiasis,68
velaglucerase alfa,product storage error,68
venetoclax,back pain,68
zanubrutinib,white blood cell count decreased,68
zolbetuximab-clzb,diarrhoea,68
zoledronic acid,cough,68
zolpidem tartrate,confusional state,68
zolpidem tartrate,dizziness,68
.alpha.1-proteinase inhibitor human,gastroenteritis viral,67
abaloparatide,abdominal pain,67
abaloparatide,memory impairment,67
abatacept,adverse drug reaction,67
abatacept,liver function test increased,67
acalabrutinib,cerebrovascular accident,67
acetaminophen,hepatic encephalopathy,67
acetaminophen,suicidal ideation,67
adalimumab,faecal calprotectin increased,67
adalimumab,laryngitis,67
adalimumab,lupus vulgaris,67
adalimumab-adaz,injection site haemorrhage,67
adalimumab-bwwd,injection site pain,67
adalimumab-fkjp,pain,67
albuterol sulfate,discomfort,67
alendronate sodium,product quality issue,67
alendronic acid,hand deformity,67
allopurinol,multiple organ dysfunction syndrome,67
amikacin,chest discomfort,67
amikacin,decreased appetite,67
amikacin,dyspnoea exertional,67
amlodipine besylate,gingival hypertrophy,67
"antihemophilic factor, human recombinant",inguinal hernia,67
"antihemophilic factor, human recombinant",product dose omission in error,67
"antihemophilic factor, human recombinant",tongue haemorrhage,67
apixaban,renal impairment,67
aripiprazole,memory impairment,67
asfotase alfa,muscular weakness,67
asfotase alfa,weight increased,67
atorvastatin,abdominal pain upper,67
atorvastatin,dyspepsia,67
avacopan,neutropenia,67
avapritinib,weight increased,67
belimumab,insomnia,67
benralizumab,device delivery system issue,67
benralizumab,productive cough,67
bimekizumab,suicidal ideation,67
bimekizumab-bkzx,injection site rash,67
bimekizumab-bkzx,vomiting,67
botulinum toxin type a,off label use,67
budesonide,gastrooesophageal reflux disease,67
cabozantinib s-malate,back pain,67
cabozantinib s-malate,dysgeusia,67
calcium carbonate,asthma,67
calcium carbonate,irritable bowel syndrome,67
calcium carbonate,oedema,67
calcium carbonate,rheumatoid factor positive,67
calcium chloride\dextrose\magnesium chloride\sodium chloride\sodium lactate,peritoneal dialysis complication,67
calcium oxybate\magnesium oxybate\potassium oxybate\sodium oxybate,tachycardia,67
carbidopa\levodopa,cardiac arrest,67
carbidopa\levodopa,dementia,67
carbidopa\levodopa,"hallucination, visual",67
carbidopa\levodopa,treatment noncompliance,67
celecoxib,migraine,67
cenegermin-bkbj,accidental overdose,67
certolizumab pegol,blood pressure increased,67
cetirizine hydrochloride,pericarditis,67
cetirizine hydrochloride,pyrexia,67
cetirizine hydrochloride,rheumatoid arthritis,67
ciltacabtagene autoleucel,squamous cell carcinoma of skin,67
copper,vaginal haemorrhage,67
corticotropin,product use in unapproved indication,67
dapagliflozin,glomerular filtration rate decreased,67
dapagliflozin propanediol,blood glucose increased,67
daptomycin,interstitial lung disease,67
denosumab,asthenia,67
diclofenac,muscular weakness,67
dimethyl fumarate,abdominal discomfort,67
docetaxel,c-reactive protein increased,67
dulaglutide,blood glucose abnormal,67
duloxetine,drug ineffective,67
dupilumab,cardiac failure,67
dupilumab,injection site discharge,67
dupilumab,skin plaque,67
dupilumab,tachycardia,67
dupilumab,upper limb fracture,67
durvalumab,colitis,67
elexacaftor\ivacaftor\tezacaftor,exposure during pregnancy,67
enfortumab vedotin-ejfv,taste disorder,67
etanercept,therapeutic product effect decreased,67
etanercept-szzs,headache,67
fenfluramine,incorrect dose administered,67
fluoxetine hydrochloride,suicidal ideation,67
fluticasone furoate\umeclidinium bromide\vilanterol trifenatate,device use error,67
foscarbidopa\foslevodopa,muscle rigidity,67
foscarbidopa\foslevodopa,nausea,67
foscarbidopa\foslevodopa,speech disorder,67
fruquintinib,back pain,67
gemcitabine,thrombotic microangiopathy,67
human c1-esterase inhibitor,injection site pain,67
human immunoglobulin g,basal cell carcinoma,67
human immunoglobulin g,breath sounds abnormal,67
human immunoglobulin g,chromaturia,67
human immunoglobulin g,herpes simplex,67
human immunoglobulin g,post procedural haemorrhage,67
human immunoglobulin g,pulmonary hypertension,67
human immunoglobulin g\hyaluronidase (human recombinant),arthropod bite,67
human immunoglobulin g\hyaluronidase (human recombinant),covid-19 pneumonia,67
human immunoglobulin g\hyaluronidase (human recombinant),lymphoma,67
human immunoglobulin g\hyaluronidase (human recombinant),neuropathy peripheral,67
hydroxychloroquine,toxicity to various agents,67
ibuprofen,abdominal discomfort,67
ibuprofen,acute hepatic failure,67
ibuprofen,malaise,67
ibuprofen,tubulointerstitial nephritis,67
icatibant acetate,vertigo,67
idursulfase,asthmatic crisis,67
idursulfase,atypical pneumonia,67
idursulfase,hand-foot-and-mouth disease,67
idursulfase,infusion site induration,67
idursulfase,mite allergy,67
idursulfase,polydipsia,67
idursulfase,skin laceration,67
idursulfase,tooth fracture,67
idursulfase,wound,67
infliximab,paraesthesia,67
infliximab,pyoderma gangrenosum,67
infliximab,rectal haemorrhage,67
infliximab,wound,67
infliximab-abda,product use issue,67
infliximab-dyyb,fistula discharge,67
infliximab-dyyb,viral infection,67
insulin glargine,fall,67
isotretinoin,product dispensing error,67
lanadelumab,asthma,67
lanadelumab,back injury,67
lanadelumab,dehydration,67
lanadelumab,multiple allergies,67
lanreotide acetate,abdominal pain upper,67
lecanemab-irmb,dizziness,67
lenalidomide,circumstance or information capable of leading to medication error,67
lenalidomide,septic shock,67
levofloxacin,myalgia,67
levonorgestrel,expired device used,67
linezolid,drug ineffective,67
lorlatinib,neuropathy peripheral,67
lorlatinib,pain in extremity,67
lotilaner,eye pruritus,67
lumateperone,somnolence,67
macitentan,nausea,67
medroxyprogesterone acetate,device malfunction,67
methotrexate,autoimmune disorder,67
methotrexate,influenza like illness,67
methotrexate,interstitial lung disease,67
methotrexate,prescribed overdose,67
methotrexate,skin ulcer,67
methotrexate sodium,hypertension,67
metronidazole,nausea,67
mirtazapine,intentional overdose,67
montelukast sodium,pain,67
mycophenolate mofetil,chronic graft versus host disease,67
naproxen,drug ineffective,67
nicotine,nausea,67
nintedanib,general physical health deterioration,67
nivolumab,adrenal insufficiency,67
ocrelizumab,disturbance in attention,67
ocrelizumab,heart rate increased,67
ofatumumab,loss of consciousness,67
olanzapine,parkinsonism,67
olaparib,pain in extremity,67
omalizumab,abdominal discomfort,67
omalizumab,dysphagia,67
onabotulinumtoxina,therapeutic product effect decreased,67
oxycodone hydrochloride,hypertension,67
pancrelipase amylase\pancrelipase lipase\pancrelipase protease,steatorrhoea,67
pembrolizumab,diabetes mellitus,67
pembrolizumab,fall,67
pembrolizumab,pancytopenia,67
pimavanserin tartrate,covid-19,67
pimavanserin tartrate,mobility decreased,67
pimavanserin tartrate,sleep disorder,67
polyethylene glycol 3350,extra dose administered,67
polyethylene glycol 3350,inappropriate schedule of product administration,67
pomalidomide,dehydration,67
ponatinib,confusional state,67
posaconazole,drug ineffective,67
prednisone,acute respiratory failure,67
prednisone,pneumocystis jirovecii pneumonia,67
pregabalin,peripheral swelling,67
quetiapine,tachycardia,67
quetiapine fumarate,tachycardia,67
relugolix,infection,67
resmetirom,alanine aminotransferase increased,67
resmetirom,fatigue,67
ribociclib,blood creatinine increased,67
ribociclib,death,67
ribociclib succinate,bone pain,67
risankizumab-rzaa,intestinal stenosis,67
risankizumab-rzaa,medical device implantation,67
risankizumab-rzaa,staphylococcal infection,67
rituximab,cellulitis,67
rituximab,liver disorder,67
rituximab-pvvr,pain in extremity,67
romiplostim,off label use,67
ruxolitinib,dyspnoea exertional,67
ruxolitinib phosphate,product physical issue,67
sapropterin dihydrochloride,product prescribing error,67
secukinumab,sciatica,67
semaglutide,dysphagia,67
semaglutide,pancreatic carcinoma,67
sertraline hydrochloride,asthenia,67
talquetamab-tgvs,weight decreased,67
teduglutide,musculoskeletal stiffness,67
teduglutide,pericarditis,67
teduglutide,product preparation error,67
teduglutide,rash pruritic,67
teprotumumab-trbw,concomitant disease aggravated,67
tirzepatide,pneumonia,67
tirzepatide,postmenopausal haemorrhage,67
tirzepatide,sleep disorder,67
tirzepatide,therapy non-responder,67
tirzepatide,tinnitus,67
tocilizumab,deep vein thrombosis postoperative,67
tocilizumab,product complaint,67
tofacitinib citrate,anaemia,67
tofacitinib citrate,limb injury,67
tofacitinib citrate,myocardial infarction,67
tolvaptan,illness,67
trastuzumab,cardiotoxicity,67
trastuzumab,pyrexia,67
treprostinil,blood test abnormal,67
treprostinil,coronavirus infection,67
treprostinil,mental disorder,67
treprostinil,oxygen saturation abnormal,67
upadacitinib,post procedural infection,67
upadacitinib,respiratory disorder,67
ustekinumab,product leakage,67
vedolizumab,gastrointestinal wall thickening,67
vedolizumab,gingivitis,67
vedolizumab,increased upper airway secretion,67
vedolizumab,neck injury,67
vedolizumab,rheumatic disorder,67
vedolizumab,sinus headache,67
velaglucerase alfa,bradycardia,67
venlafaxine hydrochloride,hyperhidrosis,67
vigabatrin,somnolence,67
vonicog alfa,gastrointestinal haemorrhage,67
.alpha.1-proteinase inhibitor human,circumstance or information capable of leading to medication error,66
.alpha.1-proteinase inhibitor human,intentional dose omission,66
abatacept,laryngitis,66
acetaminophen,hepatitis,66
acetaminophen\oxycodone hydrochloride,drug ineffective,66
adalimumab,blindness unilateral,66
adalimumab,feeling hot,66
adalimumab,pancreatitis,66
adalimumab,product dose omission issue,66
adalimumab-afzb,injection site pain,66
aflibercept,vitreous floaters,66
agalsidase beta,drug specific antibody present,66
albuterol sulfate,prescription drug used without a prescription,66
alendronate sodium,adverse drug reaction,66
alendronic acid,joint swelling,66
alendronic acid,rash,66
alprazolam,withdrawal syndrome,66
amlodipine besylate,asthenia,66
anastrozole,headache,66
"antihemophilic factor, human recombinant",lip injury,66
"antihemophilic factor, human recombinant",swelling face,66
"antihemophilic factor, human recombinant",tooth fracture,66
avacopan,hepatic function abnormal,66
avapritinib,alopecia,66
benralizumab,nasal congestion,66
benralizumab,wrong technique in device usage process,66
bevacizumab,palmar-plantar erythrodysaesthesia syndrome,66
bimekizumab-bkzx,malaise,66
bimekizumab-bkzx,skin disorder,66
bimekizumab-bkzx,swelling,66
brigatinib,epistaxis,66
budesonide\formoterol\glycopyrrolate,muscle spasms,66
bupropion hydrochloride\naltrexone hydrochloride,abdominal pain upper,66
cabozantinib,asthenia,66
calcium carbonate,c-reactive protein abnormal,66
calcium carbonate,contusion,66
calcium carbonate,joint range of motion decreased,66
carbamazepine,dizziness,66
carbamazepine,overdose,66
carbamazepine,vomiting,66
carboplatin,flushing,66
cetirizine hydrochloride,abdominal pain upper,66
ciprofloxacin,acute kidney injury,66
ciprofloxacin,dizziness,66
clopidogrel bisulfate,epistaxis,66
corticotropin,erythema,66
cyclophosphamide,gastrointestinal disorder,66
cyclophosphamide,mucosal inflammation,66
dapagliflozin,infection,66
denosumab,nausea,66
diclofenac,chest pain,66
diclofenac,oedema,66
diclofenac sodium,dyspepsia,66
diclofenac sodium,joint range of motion decreased,66
diclofenac sodium,rheumatoid factor positive,66
docetaxel,candida infection,66
dupilumab,ligament sprain,66
dupilumab,lung neoplasm malignant,66
dupilumab,pharyngitis,66
durvalumab,adrenal insufficiency,66
durvalumab,immune-mediated myocarditis,66
elacestrant,decreased appetite,66
elexacaftor\ivacaftor\tezacaftor,headache,66
enfortumab vedotin-ejfv,hyperglycaemia,66
enoxaparin sodium,injury associated with device,66
eptinezumab-jjmr,off label use,66
escitalopram oxalate,loss of libido,66
esketamine,device malfunction,66
estradiol,pruritus,66
evolocumab,weight decreased,66
faricimab-svoa,uveitis,66
fenfluramine hydrochloride,drug ineffective,66
finasteride,amnesia,66
finerenone,blood creatinine increased,66
fluticasone propionate,dyspnoea,66
fremanezumab-vfrm,dizziness,66
galcanezumab-gnlm,product dose omission issue,66
glatiramer acetate,injection site swelling,66
golimumab,headache,66
human immunoglobulin g,abdominal pain lower,66
human immunoglobulin g,injury associated with device,66
human immunoglobulin g,respiratory rate increased,66
human immunoglobulin g\hyaluronidase (human recombinant),liquid product physical issue,66
human immunoglobulin g\hyaluronidase (human recombinant),systemic lupus erythematosus,66
human immunoglobulin g\hyaluronidase (human recombinant),thyroid disorder,66
hydralazine hydrochloride,glomerulonephritis,66
ibrutinib,headache,66
icatibant acetate,ear pain,66
icatibant acetate,medical device site haemorrhage,66
icatibant acetate,sedation,66
icatibant acetate,vaginal haemorrhage,66
icatibant acetate,viral infection,66
idursulfase,aortic valve incompetence,66
idursulfase,eating disorder,66
idursulfase,limb discomfort,66
idursulfase,muscle spasms,66
imatinib,disease progression,66
imatinib,off label use,66
infliximab,blister,66
infliximab,therapy interrupted,66
infliximab-dyyb,body temperature increased,66
infliximab-dyyb,flushing,66
infliximab-dyyb,hernia,66
infliximab-dyyb,weight fluctuation,66
insulin lispro,headache,66
insulin lispro,hypoglycaemia,66
iohexol,sneezing,66
ixekizumab,influenza,66
lamotrigine,generalised tonic-clonic seizure,66
lanadelumab,injection site rash,66
lanreotide acetate,constipation,66
lanreotide acetate,hospitalisation,66
lecanemab-irmb,fatigue,66
leflunomide,liver injury,66
lenalidomide,lethargy,66
lenalidomide,localised infection,66
letrozole,headache,66
leuprolide acetate,headache,66
leuprolide acetate,product administration error,66
levetiracetam,vomiting,66
linezolid,nausea,66
loperamide hydrochloride,incorrect product administration duration,66
lumateperone,off label use,66
macitentan,cardiac failure,66
mavacamten,ejection fraction decreased,66
menthol,peritoneal mesothelioma malignant,66
mepolizumab,respiratory tract congestion,66
metformin hydrochloride,hypomagnesaemia,66
methotrexate,hepatic cytolysis,66
methotrexate,medication error,66
methotrexate,therapeutic product effect incomplete,66
methotrexate sodium,abdominal discomfort,66
methotrexate sodium,dizziness,66
methotrexate sodium,joint swelling,66
minoxidil,condition aggravated,66
mirabegron,condition aggravated,66
montelukast sodium,pneumonia,66
mycophenolate mofetil,acute graft versus host disease in skin,66
natalizumab,pain in extremity,66
nintedanib,liver function test increased,66
nintedanib,rectal haemorrhage,66
ocrelizumab,chills,66
olanzapine,overdose,66
omalizumab,maternal exposure during pregnancy,66
omalizumab,therapy partial responder,66
omeprazole,dyspnoea,66
oxaliplatin,hypertension,66
oxaliplatin,neurotoxicity,66
oxycodone hydrochloride,condition aggravated,66
oxycodone hydrochloride,weight increased,66
pacritinib,intentional product misuse,66
pegloticase,blood uric acid increased,66
pemetrexed,acute kidney injury,66
phentermine hydrochloride\topiramate,inappropriate schedule of product administration,66
pimavanserin tartrate,decreased appetite,66
pimavanserin tartrate,disorientation,66
ponatinib,atrial fibrillation,66
ponatinib,rash macular,66
prednisone,urinary tract infection,66
pregabalin,alopecia,66
pregabalin,cognitive disorder,66
pregabalin,decreased appetite,66
pregabalin,mydriasis,66
quetiapine,depression,66
ravulizumab-cwvz,myasthenia gravis crisis,66
ravulizumab-cwvz,thrombosis,66
relugolix,neck pain,66
relugolix,urticaria,66
ribociclib,decreased appetite,66
rimegepant sulfate,nausea,66
riociguat,peripheral swelling,66
risankizumab-rzaa,colon cancer,66
risankizumab-rzaa,exostosis,66
risankizumab-rzaa,migraine,66
risankizumab-rzaa,tremor,66
risperidone,anxiety,66
risperidone,suicidal ideation,66
risperidone,toxicity to various agents,66
rituximab,product label confusion,66
rituximab-pvvr,weight decreased,66
rocuronium bromide,anaphylactic shock,66
rosuvastatin,cough,66
ruxolitinib,graft versus host disease,66
sacubitril\valsartan,cough,66
sarilumab,back pain,66
sarilumab,blood cholesterol increased,66
sarilumab,pemphigus,66
secukinumab,blepharospasm,66
secukinumab,injection site bruising,66
semaglutide,corrective lens user,66
semaglutide,device issue,66
semaglutide,diverticulitis,66
semaglutide,drug effect less than expected,66
sertraline hydrochloride,loss of libido,66
sertraline hydrochloride,memory impairment,66
sotatercept-csrk,product dose omission issue,66
sparsentan,chromaturia,66
sparsentan,fluid retention,66
teduglutide,ligament sprain,66
temozolomide,off label use,66
tirzepatide,oropharyngeal pain,66
tirzepatide,vomiting projectile,66
tocilizumab,facet joint syndrome,66
tocilizumab,lethargy,66
tocilizumab,peripheral venous disease,66
tocilizumab,road traffic accident,66
tocilizumab,underdose,66
tocilizumab,upper respiratory tract infection,66
tofacitinib citrate,neck pain,66
tolvaptan,intentional dose omission,66
topiramate,product use in unapproved indication,66
treprostinil,injection site rash,66
treprostinil,liver disorder,66
treprostinil,peripheral coldness,66
treprostinil,photophobia,66
treprostinil sodium,product dose omission issue,66
trofinetide,somnolence,66
upadacitinib,defaecation urgency,66
upadacitinib,rash papular,66
upadacitinib,upper respiratory tract infection,66
vamorolone,vomiting,66
vancomycin,renal tubular necrosis,66
vedolizumab,dust allergy,66
vedolizumab,faecaloma,66
vedolizumab,urine abnormality,66
vedolizumab,uterine leiomyoma,66
vedolizumab,vertigo positional,66
vedolizumab,vulvovaginal dryness,66
velaglucerase alfa,blood pressure systolic increased,66
velaglucerase alfa,carpal tunnel syndrome,66
velaglucerase alfa,dementia alzheimer's type,66
velaglucerase alfa,therapeutic response shortened,66
velaglucerase alfa,vitreous floaters,66
zanubrutinib,myelosuppression,66
.alpha.1-proteinase inhibitor human,dermatitis contact,65
abaloparatide,dyspepsia,65
abaloparatide,rash,65
adalimumab,balance disorder,65
adalimumab,impaired work ability,65
adalimumab,localised infection,65
adalimumab,staphylococcal infection,65
adalimumab,therapeutic response shortened,65
adalimumab,white blood cell count increased,65
agalsidase beta,globotriaosylsphingosine increased,65
alendronate sodium,laryngitis,65
alendronate sodium,visual impairment,65
alendronic acid,rheumatoid arthritis,65
alprazolam,headache,65
amlodipine besylate,diarrhoea,65
amlodipine besylate,pain in extremity,65
apixaban,alopecia,65
apixaban,anxiety,65
aripiprazole,serotonin syndrome,65
azithromycin,drug interaction,65
bevacizumab,constipation,65
bevacizumab,hepatic failure,65
bimekizumab-bkzx,myalgia,65
bimekizumab-bkzx,upper respiratory tract infection,65
budesonide,anxiety,65
budesonide,haematochezia,65
budesonide,sleep disorder due to a general medical condition,65
budesonide\formoterol\glycopyrrolate,oropharyngeal pain,65
bupropion,tachycardia,65
bupropion hydrochloride\dextromethorphan hydrobromide,anxiety,65
cabozantinib s-malate,liver disorder,65
calcium carbonate,contraindicated product administered,65
calcium chloride\dextrose\magnesium chloride\sodium chloride\sodium lactate,diarrhoea,65
calcium oxybate\magnesium oxybate\potassium oxybate\sodium oxybate,blood pressure increased,65
carbamazepine,pain,65
carbidopa\levodopa,abdominal pain,65
carbidopa\levodopa,condition aggravated,65
carboplatin,febrile bone marrow aplasia,65
celecoxib,amnesia,65
celecoxib,drug-induced liver injury,65
celecoxib,oedema peripheral,65
certolizumab pegol,breast cancer stage iii,65
certolizumab pegol,inability to afford medication,65
cetirizine hydrochloride,malaise,65
cetuximab,neutrophil count decreased,65
cisplatin,neutropenia,65
clonazepam,toxicity to various agents,65
clonidine,product adhesion issue,65
clopidogrel bisulfate,death,65
clozapine,anxiety,65
colchicine,drug ineffective,65
corticotropin,seizure,65
cyclosporine,urticaria,65
dapagliflozin,ketoacidosis,65
dapagliflozin,pollakiuria,65
dapagliflozin,pyrexia,65
daratumumab,dyspnoea,65
daratumumab,pneumonia,65
dasatinib,hospitalisation,65
diclofenac sodium,dry mouth,65
diclofenac sodium,wrong technique in product usage process,65
dinutuximab,oxygen saturation decreased,65
diroximel fumarate,asthenia,65
docetaxel,restlessness,65
dupilumab,ankle fracture,65
dupilumab,cutaneous t-cell lymphoma,65
dupilumab,drug dose omission by device,65
dupilumab,miliaria,65
dupilumab,procedural pain,65
dupilumab,psoriatic arthropathy,65
durvalumab,white blood cell count decreased,65
elacestrant,death,65
emicizumab-kxwh,mouth haemorrhage,65
epinephrine bitartrate\lidocaine hydrochloride,drug ineffective,65
escitalopram oxalate,condition aggravated,65
esomeprazole magnesium,muscular weakness,65
estradiol\levonorgestrel,device adhesion issue,65
etanercept,urticaria,65
fam-trastuzumab deruxtecan-nxki,platelet count decreased,65
fenfluramine,brain operation,65
finasteride,dizziness,65
fluorouracil,fatigue,65
foscarbidopa\foslevodopa,akinesia,65
fulvestrant,dry skin,65
fulvestrant,gait disturbance,65
fulvestrant,metastases to lung,65
gabapentin,therapy non-responder,65
gabapentin,tremor,65
golimumab,back pain,65
guselkumab,incorrect dose administered by device,65
human immunoglobulin g,abortion spontaneous,65
human immunoglobulin g,atelectasis,65
human immunoglobulin g,brain neoplasm,65
human immunoglobulin g,generalised oedema,65
human immunoglobulin g,mycobacterium avium complex infection,65
human immunoglobulin g,otitis media,65
human immunoglobulin g,parainfluenzae virus infection,65
human immunoglobulin g,product prescribing error,65
human immunoglobulin g,restless legs syndrome,65
human immunoglobulin g\hyaluronidase (human recombinant),epistaxis,65
human immunoglobulin g\hyaluronidase (human recombinant),white blood cell count decreased,65
ibuprofen,drug interaction,65
icatibant acetate,blister,65
icatibant acetate,haemoglobin decreased,65
idursulfase,abdominal tenderness,65
idursulfase,anal incontinence,65
idursulfase,bedridden,65
idursulfase,decubitus ulcer,65
idursulfase,feeling cold,65
idursulfase,infusion site rash,65
idursulfase,loss of consciousness,65
idursulfase,walking aid user,65
idursulfase,wrong device used,65
imatinib,anaemia,65
inclisiran sodium,back pain,65
inclisiran sodium,headache,65
infliximab,confusional state,65
infliximab-axxq,off label use,65
infliximab-dyyb,drug dose omission by device,65
infliximab-dyyb,pallor,65
infliximab-dyyb,palpitations,65
infliximab-dyyb,rash pruritic,65
infliximab-dyyb,tremor,65
insulin aspart,blindness,65
insulin detemir,cerebrovascular accident,65
insulin lispro,erythema,65
insulin lispro,nausea,65
iohexol,urticaria,65
lanadelumab,somnolence,65
lenalidomide,palpitations,65
lenvatinib,hypotension,65
letrozole,breast cancer metastatic,65
letrozole,pyrexia,65
letrozole,thrombocytopenia,65
leuprolide acetate,dyspnoea,65
liraglutide,product use in unapproved indication,65
lorlatinib,heart rate increased,65
lorlatinib,pyrexia,65
lumateperone,mania,65
lutetium lu-177 vipivotide tetraxetan,illness,65
mepolizumab,oropharyngeal pain,65
mepolizumab,product storage error,65
methotrexate,dyspnoea exertional,65
montelukast sodium,drug hypersensitivity,65
morphine sulfate,pain,65
mycophenolate mofetil,arthralgia,65
mycophenolate mofetil,rash,65
natalizumab,anxiety,65
nemolizumab-ilto,myalgia,65
nemolizumab-ilto,sleep disorder,65
nivolumab,stevens-johnson syndrome,65
octreotide acetate,blood pressure increased,65
ofatumumab,chest discomfort,65
olanzapine,malaise,65
olanzapine,treatment noncompliance,65
omalizumab,palpitations,65
omalizumab,respiratory disorder,65
omalizumab,sneezing,65
omalizumab,upper respiratory tract infection,65
osimertinib,alopecia,65
osimertinib,metastases to bone,65
oxycodone hydrochloride,wound,65
pancrelipase amylase\pancrelipase lipase\pancrelipase protease,cholecystectomy,65
pancrelipase amylase\pancrelipase lipase\pancrelipase protease,urinary tract infection,65
pegfilgrastim,neutropenia,65
pegvaliase-pqpz,fatigue,65
pembrolizumab,blood pressure increased,65
pembrolizumab,dehydration,65
pimavanserin tartrate,gait inability,65
pimavanserin tartrate,visual impairment,65
ponatinib,red blood cell count decreased,65
prednisone,haemophagocytic lymphohistiocytosis,65
ravulizumab-cwvz,atrial fibrillation,65
ravulizumab-cwvz,neoplasm malignant,65
relugolix,drug hypersensitivity,65
relugolix,sluggishness,65
relugolix,taste disorder,65
ribociclib,alopecia,65
ribociclib,weight decreased,65
rifaximin,inability to afford medication,65
risankizumab-rzaa,clostridium difficile infection,65
risankizumab-rzaa,injection site bruising,65
risankizumab-rzaa,rib fracture,65
risankizumab-rzaa,ulcer,65
risperidone,medication error,65
risperidone,schizophrenia,65
rituximab,coeliac disease,65
rituximab,tremor,65
rituximab-pvvr,chills,65
rivaroxaban,thrombosis,65
rosuvastatin,asthenia,65
ruxolitinib,atrial fibrillation,65
ruxolitinib,basal cell carcinoma,65
ruxolitinib,disturbance in attention,65
ruxolitinib,increased tendency to bruise,65
ruxolitinib,oropharyngeal pain,65
sarilumab,cough,65
sarilumab,duodenal ulcer perforation,65
sarilumab,type 2 diabetes mellitus,65
secukinumab,diabetes mellitus,65
secukinumab,injection site reaction,65
semaglutide,diabetic ketoacidosis,65
semaglutide,road traffic accident,65
sertraline hydrochloride,abdominal pain upper,65
sertraline hydrochloride,palpitations,65
simvastatin,vomiting,65
sodium oxybate,brain fog,65
sodium oxybate,drug hypersensitivity,65
somatropin,weight decreased,65
sparsentan,aspartate aminotransferase increased,65
sparsentan,oedema peripheral,65
tacrolimus,aspergillus infection,65
tacrolimus,epstein-barr virus infection,65
tafamidis,malaise,65
teduglutide,ascites,65
tenapanor hydrochloride,off label use,65
teprotumumab-trbw,product quality issue,65
teriparatide,drug dose omission by device,65
tezepelumab-ekko,death,65
tirzepatide,diverticulitis,65
tislelizumab,hypothyroidism,65
tislelizumab,neutrophil count decreased,65
tocilizumab,gastrooesophageal reflux disease,65
tocilizumab,visual impairment,65
tofacitinib citrate,abdominal pain,65
tofacitinib citrate,haematochezia,65
tofacitinib citrate,neuropathy peripheral,65
treprostinil,breath sounds abnormal,65
treprostinil,haematemesis,65
treprostinil,injection site swelling,65
treprostinil,insurance issue,65
treprostinil,pneumonia aspiration,65
triamcinolone acetonide,death,65
trofinetide,incorrect dose administered,65
upadacitinib,ankle fracture,65
vedolizumab,blood sodium decreased,65
vedolizumab,choking,65
vedolizumab,coronary artery disease,65
vedolizumab,electrolyte imbalance,65
vedolizumab,eye disorder,65
vedolizumab,haematocrit decreased,65
vedolizumab,injection site mass,65
vedolizumab,malignant melanoma,65
venetoclax,influenza,65
vigabatrin,drug ineffective,65
.alpha.1-proteinase inhibitor human,dyspepsia,64
.alpha.1-proteinase inhibitor human,head injury,64
.alpha.1-proteinase inhibitor human,post procedural complication,64
.alpha.1-proteinase inhibitor human,procedural pain,64
abaloparatide,joint swelling,64
abatacept,amnesia,64
abatacept,exostosis,64
abatacept,lupus vulgaris,64
acetaminophen,decreased appetite,64
acetaminophen,hepatic enzyme increased,64
acetaminophen,liver disorder,64
acetaminophen,pain in extremity,64
adalimumab,clostridium difficile infection,64
adalimumab,device leakage,64
adalimumab,lymphadenopathy,64
adalimumab,overdose,64
albuterol sulfate,device information output issue,64
albuterol sulfate,pneumonia,64
alendronate sodium,blepharospasm,64
alendronate sodium,red blood cell sedimentation rate increased,64
alendronate sodium,therapeutic product effect incomplete,64
alendronic acid,off label use,64
alendronic acid,wheezing,64
"antihemophilic factor, human recombinant",general physical health deterioration,64
apremilast,alopecia,64
asfotase alfa,insomnia,64
atezolizumab,thrombocytopenia,64
atorvastatin,blood creatine phosphokinase increased,64
avacopan,dyspnoea,64
axicabtagene ciloleucel,platelet count decreased,64
azacitidine,myelosuppression,64
azithromycin,nausea,64
belimumab,arthritis,64
belimumab,asthenia,64
benralizumab,bronchitis,64
bevacizumab-awwb,off label use,64
bimekizumab,anxiety,64
bimekizumab,infection,64
bimekizumab-bkzx,dizziness,64
budesonide,pulmonary embolism,64
budesonide\formoterol\glycopyrrolate,cataract,64
bupropion hydrochloride\naltrexone hydrochloride,diarrhoea,64
burosumab-twza,therapy interrupted,64
calcium carbonate,gait inability,64
calcium carbonate,pruritus,64
calcium carbonate,swollen joint count increased,64
calcium carbonate,wound infection,64
calcium chloride\dextrose\magnesium chloride\sodium chloride\sodium lactate,nausea,64
carbidopa\levodopa,hyperkinesia,64
carboplatin,hypokalaemia,64
carboxymethylcellulose sodium\glycerin,product odour abnormal,64
celecoxib,lupus vulgaris,64
cenobamate,hospitalisation,64
certolizumab pegol,herpes zoster,64
cetirizine hydrochloride,infusion related reaction,64
clozapine,catatonia,64
clozapine,paranoia,64
colchicine,toxicity to various agents,64
copper,infection,64
copper,nausea,64
copper,uterine scar,64
cyclosporine,death,64
cyclosporine,thrombocytopenia,64
dapagliflozin,back pain,64
dapagliflozin,type 2 diabetes mellitus,64
denosumab,bone density decreased,64
dexamethasone,dyspnoea,64
diazepam,depressed level of consciousness,64
diclofenac,depression,64
diclofenac,inflammation,64
diclofenac,lung disorder,64
diclofenac sodium,device malfunction,64
diclofenac sodium,drug ineffective for unapproved indication,64
diclofenac sodium,muscular weakness,64
dinutuximab,eyelid oedema,64
docetaxel,eczema,64
docetaxel,pseudomonal sepsis,64
docetaxel,streptococcal sepsis,64
duloxetine,nausea,64
dupilumab,hepatic enzyme increased,64
efavirenz\emtricitabine\tenofovir disoproxil fumarate,osteopenia,64
elexacaftor\ivacaftor\tezacaftor,illness,64
enoxaparin sodium,maternal exposure during pregnancy,64
eslicarbazepine acetate,seizure,64
esomeprazole,diarrhoea,64
esomeprazole magnesium,sinusitis,64
estradiol,poor quality product administered,64
etanercept,intentional dose omission,64
etrasimod arginine,dizziness,64
evolocumab,anxiety,64
fentanyl,incorrect route of product administration,64
fentanyl citrate,cardiac arrest,64
fulvestrant,weight decreased,64
glatiramer acetate,circumstance or information capable of leading to device use error,64
glatiramer acetate,injection site reaction,64
human immunoglobulin g,gastroenteritis,64
human immunoglobulin g,nerve injury,64
human immunoglobulin g,post procedural swelling,64
human immunoglobulin g,post-traumatic stress disorder,64
human immunoglobulin g,thrombocytopenia,64
human immunoglobulin g,vitamin d decreased,64
human immunoglobulin g\hyaluronidase (human recombinant),eczema,64
human immunoglobulin g\hyaluronidase (human recombinant),emotional distress,64
icatibant acetate,inability to afford medication,64
icosapent ethyl,product taste abnormal,64
idursulfase,oropharyngeal discomfort,64
idursulfase,pneumonia bacterial,64
inclisiran sodium,dyspnoea,64
infliximab,discomfort,64
infliximab,helicobacter infection,64
infliximab,oxygen saturation decreased,64
infliximab-dyyb,arthropathy,64
infliximab-dyyb,tachycardia,64
infliximab-dyyb,tooth infection,64
insulin glargine,blood glucose fluctuation,64
ipilimumab,adrenal insufficiency,64
irinotecan hydrochloride,fatigue,64
istradefylline,dizziness,64
ivermectin,product use in unapproved indication,64
lacosamide,drug interaction,64
lanadelumab,hypoaesthesia,64
latanoprost,drug ineffective,64
lebrikizumab-lbkz,conjunctivitis,64
lebrikizumab-lbkz,rash,64
leflunomide,rheumatic fever,64
lenalidomide,blood pressure increased,64
lenalidomide,blood test abnormal,64
lenalidomide,myelosuppression,64
lenalidomide,pulmonary thrombosis,64
lenalidomide,spinal fracture,64
letrozole,abdominal pain,64
leuprolide acetate,muscular weakness,64
levetiracetam,rash,64
levofloxacin,dyspnoea,64
lifitegrast,drug ineffective,64
liraglutide,weight increased,64
mepolizumab,product use issue,64
mepolizumab,urinary tract infection,64
metformin hydrochloride,drug level above therapeutic,64
methotrexate sodium,nasopharyngitis,64
methoxy polyethylene glycol-epoetin beta,blood urea increased,64
methylphenidate,product substitution issue,64
morphine sulfate,overdose,64
mycophenolate mofetil,haemophagocytic lymphohistiocytosis,64
mycophenolate mofetil,mucosal inflammation,64
natalizumab,paraesthesia,64
nintedanib,balance disorder,64
niraparib,insomnia,64
niraparib,ovarian cancer,64
nirmatrelvir\ritonavir,illness,64
nirmatrelvir\ritonavir,vomiting,64
nivolumab,arthralgia,64
nivolumab,palmar-plantar erythrodysaesthesia syndrome,64
ocrelizumab,limb discomfort,64
octreotide acetate,off label use,64
ofatumumab,feeling hot,64
ofatumumab,normal newborn,64
olaparib,back pain,64
omalizumab,asthmatic crisis,64
onabotulinumtoxina,maternal exposure during pregnancy,64
osimertinib,arthralgia,64
oxycodone,drug ineffective,64
oxycodone hydrochloride,arthralgia,64
oxycodone hydrochloride,cardiac disorder,64
oxycodone hydrochloride,constipation,64
oxycodone hydrochloride,hypersensitivity,64
palbociclib,arthritis,64
palbociclib,cytopenia,64
palbociclib,dysphagia,64
pancrelipase amylase\pancrelipase lipase\pancrelipase protease,back pain,64
panitumumab,nausea,64
parathyroid hormone,blood calcium increased,64
peanut,pyrexia,64
pembrolizumab,myasthenia gravis,64
pembrolizumab,product dose omission issue,64
pimavanserin tartrate,"hallucinations, mixed",64
piperacillin sodium\tazobactam sodium,off label use,64
polyethylene glycol 3350\potassium chloride\sodium bicarbonate\sodium chloride\sodium sulfate,no adverse event,64
ponatinib,anaemia,64
ponatinib,infection,64
pregabalin,palpitations,64
quetiapine,product use in unapproved indication,64
quetiapine fumarate,fall,64
quetiapine fumarate,suicidal ideation,64
ravulizumab-cwvz,reticulocyte count increased,64
relugolix,therapeutic procedure,64
resmetirom,aspartate aminotransferase increased,64
resmetirom,weight decreased,64
ribociclib,pain in extremity,64
ribociclib succinate,pneumonia,64
rilonacept,chest pain,64
rilpivirine,pain,64
ripretinib,arthralgia,64
risankizumab-rzaa,lower limb fracture,64
risankizumab-rzaa,pancreatitis,64
ritlecitinib tosylate,condition aggravated,64
rituximab,blood pressure diastolic increased,64
rituximab-pvvr,chest discomfort,64
rosuvastatin,blood creatine phosphokinase increased,64
rosuvastatin,headache,64
rosuvastatin calcium,muscle spasms,64
ruxolitinib,burning sensation,64
ruxolitinib,sepsis,64
ruxolitinib,tuberculosis,64
sarilumab,drug hypersensitivity,64
secukinumab,spinal pain,64
secukinumab,therapy non-responder,64
semaglutide,panic attack,64
semaglutide,pulmonary embolism,64
simvastatin,drug interaction,64
sitagliptin phosphate,no adverse event,64
sodium citrate,pallor,64
sodium oxybate,dehydration,64
sodium oxybate,panic attack,64
somatropin,device connection issue,64
sparsentan,dyspepsia,64
stiripentol,product preparation issue,64
tacrolimus,anaemia,64
tacrolimus,haemophagocytic lymphohistiocytosis,64
tacrolimus,product use issue,64
tafamidis,pneumonia,64
tafasitamab,disease progression,64
teduglutide,blood pressure systolic increased,64
teduglutide,cognitive disorder,64
teduglutide,pulmonary oedema,64
teduglutide,throat tightness,64
teduglutide,tooth disorder,64
teriparatide,back pain,64
tesamorelin acetate,incorrect dose administered,64
tipiracil hydrochloride\trifluridine,diarrhoea,64
tirzepatide,pollakiuria,64
tirzepatide,renal disorder,64
tirzepatide,sepsis,64
tirzepatide,sleep disorder due to a general medical condition,64
tirzepatide,swelling face,64
tocilizumab,anaemia,64
tofacitinib citrate,dyspepsia,64
tofacitinib citrate,myalgia,64
trametinib dimethyl sulfoxide,death,64
treprostinil,product after taste,64
treprostinil,urinary incontinence,64
treprostinil,vascular device occlusion,64
treprostinil sodium,anxiety,64
upadacitinib,acute kidney injury,64
upadacitinib,limb injury,64
vedolizumab,abnormal loss of weight,64
vedolizumab,cardiac arrest,64
vedolizumab,duodenogastric reflux,64
vedolizumab,fluid retention,64
vedolizumab,gastrointestinal carcinoma,64
vedolizumab,haematological infection,64
vedolizumab,incontinence,64
vedolizumab,limb mass,64
vedolizumab,mental fatigue,64
vedolizumab,rectal prolapse,64
velaglucerase alfa,cannabinoid hyperemesis syndrome,64
velaglucerase alfa,fibula fracture,64
velaglucerase alfa,heavy menstrual bleeding,64
velaglucerase alfa,pruritus,64
velaglucerase alfa,sneezing,64
venetoclax,malaise,64
venlafaxine hydrochloride,hypotension,64
voclosporin,alopecia,64
vonoprazan fumarate,dizziness,64
zoledronic acid,gait disturbance,64
zolpidem tartrate,overdose,64
.alpha.1-proteinase inhibitor human,diverticulitis,63
.alpha.1-proteinase inhibitor human,visual impairment,63
abatacept,back injury,63
abatacept,drug-induced liver injury,63
abatacept,foot deformity,63
acalabrutinib,hypotension,63
acalabrutinib,pyrexia,63
acetaminophen,hypertension,63
adalimumab,blood pressure increased,63
adalimumab,drug effective for unapproved indication,63
adalimumab,skin disorder,63
adalimumab,swelling face,63
adalimumab-adaz,device issue,63
albuterol sulfate,product use issue,63
albuterol sulfate\budesonide,product use issue,63
alemtuzumab,headache,63
alendronate sodium,medication error,63
alendronic acid,drug ineffective,63
alendronic acid,duodenal ulcer perforation,63
alendronic acid,helicobacter infection,63
amifampridine phosphate,paraesthesia,63
amikacin,accidental underdose,63
amikacin,sputum discoloured,63
"antihemophilic factor, human recombinant",chest injury,63
"antihemophilic factor, human recombinant",rib fracture,63
aripiprazole,agitation,63
aripiprazole,psychotic symptom,63
atorvastatin,respiratory failure,63
belimumab,weight increased,63
benralizumab,nausea,63
benralizumab,product use issue,63
bevacizumab,pruritus,63
bimekizumab-bkzx,abdominal discomfort,63
bimekizumab-bkzx,drug hypersensitivity,63
bortezomib,anaemia,63
brigatinib,blood glucose increased,63
brigatinib,dry eye,63
brigatinib,fall,63
brigatinib,musculoskeletal stiffness,63
budesonide,abdominal distension,63
budesonide,oedema peripheral,63
budesonide\formoterol,cough,63
budesonide\formoterol fumarate dihydrate,condition aggravated,63
buprenorphine hydrochloride\naloxone hydrochloride,tooth loss,63
cabotegravir\rilpivirine,exposure during pregnancy,63
cabozantinib s-malate,abdominal pain,63
calcium carbonate,gastrointestinal disorder,63
calcium carbonate,intentional product use issue,63
calcium oxybate\magnesium oxybate\potassium oxybate\sodium oxybate,confusional state,63
calcium oxybate\magnesium oxybate\potassium oxybate\sodium oxybate,weight increased,63
cannabidiol,seizure cluster,63
carboplatin,hypoxia,63
carboplatin,renal failure,63
carfilzomib,pneumonia,63
cariprazine,off label use,63
caspofungin acetate,drug ineffective,63
celecoxib,crohn's disease,63
celecoxib,laryngitis,63
celecoxib,prescribed underdose,63
celecoxib,red blood cell sedimentation rate increased,63
cenobamate,memory impairment,63
certolizumab pegol,needle issue,63
certolizumab pegol,oedema peripheral,63
cetirizine hydrochloride,sleep disorder,63
ciprofloxacin,insomnia,63
clopidogrel bisulfate,procedural haemorrhage,63
clozapine,asthenia,63
clozapine,pericarditis,63
corticotropin,migraine,63
crizotinib,malignant neoplasm progression,63
cyclophosphamide,abdominal pain,63
cyclosporine,dizziness,63
cyclosporine,mucosal inflammation,63
dabrafenib mesylate,malignant neoplasm progression,63
dapagliflozin,confusional state,63
denosumab,drug ineffective,63
dexamethasone,hypotension,63
dexamethasone,renal failure,63
dextromethorphan hydrobromide,drug ineffective,63
diazepam,altered state of consciousness,63
diclofenac,wound infection,63
diroximel fumarate,lymphocyte count decreased,63
diroximel fumarate,visual impairment,63
docetaxel,brain oedema,63
docetaxel,nail bed inflammation,63
docetaxel,nasal mucosal disorder,63
docetaxel,paronychia,63
dulaglutide,dizziness,63
duloxetine hydrochloride,off label use,63
dupilumab,skin tightness,63
dupilumab,tooth infection,63
dupilumab,white blood cell count increased,63
eculizumab,thrombotic microangiopathy,63
elexacaftor\ivacaftor\tezacaftor,alanine aminotransferase increased,63
eribulin,white blood cell count decreased,63
escitalopram oxalate,somnolence,63
esomeprazole,fall,63
esomeprazole,hypokalaemia,63
estradiol,anxiety,63
etanercept,device failure,63
etanercept-szzs,joint swelling,63
etoposide,thrombocytopenia,63
evolocumab,arthritis,63
evolocumab,influenza,63
fenfluramine hydrochloride,weight decreased,63
fluticasone furoate\umeclidinium bromide\vilanterol trifenatate,product storage error,63
fluticasone propionate\salmeterol xinafoate,wrong technique in product usage process,63
fremanezumab-vfrm,drug ineffective,63
fruquintinib,dry skin,63
fulvestrant,c-reactive protein increased,63
gemcitabine,diarrhoea,63
guselkumab,lower respiratory tract infection,63
human c1-esterase inhibitor,peripheral swelling,63
human immunoglobulin g,chronic kidney disease,63
human immunoglobulin g,dermatitis,63
human immunoglobulin g,ehlers-danlos syndrome,63
human immunoglobulin g,heart rate irregular,63
human immunoglobulin g,oropharyngeal candidiasis,63
human immunoglobulin g,renal pain,63
human immunoglobulin g\hyaluronidase (human recombinant),infected cyst,63
human immunoglobulin g\hyaluronidase (human recombinant),pulmonary mass,63
ibuprofen,melaena,63
idursulfase,cardiac disorder,63
idursulfase,exostosis,63
idursulfase,mass,63
infliximab-dyyb,gastrooesophageal reflux disease,63
infliximab-dyyb,infusion site pain,63
insulin glargine,cough,63
interferon beta-1a,stress,63
iron sucrose,nausea,63
lamotrigine,drug-induced liver injury,63
lanadelumab,post procedural complication,63
lanadelumab-flyo,hereditary angioedema,63
lenalidomide,respiratory tract infection,63
leniolisib phosphate,infection,63
lenvatinib,immune-mediated adrenal insufficiency,63
levonorgestrel,intentional product misuse,63
lidocaine,seizure,63
liraglutide,constipation,63
lisdexamfetamine dimesylate,product quality issue,63
lutetium lu-177 vipivotide tetraxetan,anaemia,63
maribavir,pneumonia,63
mepolizumab,abdominal pain upper,63
mepolizumab,surgery,63
metformin hydrochloride,respiratory failure,63
metformin hydrochloride,treatment failure,63
methotrexate,exposure during pregnancy,63
metoprolol,hypotension,63
metronidazole,dizziness,63
minoxidil,headache,63
morphine sulfate,drug hypersensitivity,63
mycophenolate mofetil,enterococcal infection,63
mycophenolate mofetil,inappropriate antidiuretic hormone secretion,63
nicotine,nicotine dependence,63
nintedanib,faeces discoloured,63
nintedanib,rhinorrhoea,63
nusinersen,headache,63
ocrelizumab,stress,63
octreotide acetate,injection site pain,63
ofatumumab,contusion,63
ofatumumab,device issue,63
olanzapine,electrocardiogram qt prolonged,63
olanzapine,loss of consciousness,63
olanzapine,tachycardia,63
omalizumab,blood pressure decreased,63
omalizumab,injection site erythema,63
osimertinib,hepatic failure,63
osimertinib,white blood cell count decreased,63
oxaliplatin,febrile neutropenia,63
oxycodone hydrochloride,maternal exposure during pregnancy,63
palbociclib,metastases to lung,63
pegvaliase-pqpz,nausea,63
pembrolizumab,hyperglycaemia,63
pirfenidone,pneumonia,63
pomalidomide,cerebrovascular accident,63
pomalidomide,erythema,63
pomalidomide,product dose omission in error,63
prednisolone,disease progression,63
pregabalin,asthma,63
pregabalin,intentional product use issue,63
quetiapine,anxiety,63
quetiapine,nausea,63
quetiapine fumarate,asthma,63
ramipril,cough,63
ravulizumab-cwvz,red blood cell count decreased,63
ravulizumab-cwvz,vision blurred,63
ravulizumab-cwvz,visual impairment,63
relugolix,drug interaction,63
relugolix,thrombosis,63
ribociclib succinate,fall,63
ripretinib,drug ineffective,63
risankizumab-rzaa,asthma,63
risankizumab-rzaa,burning sensation,63
risankizumab-rzaa,gastrooesophageal reflux disease,63
risankizumab-rzaa,limb operation,63
risankizumab-rzaa,liver disorder,63
risankizumab-rzaa,oropharyngeal pain,63
risdiplam,pneumonia,63
rituximab,circumstance or information capable of leading to medication error,63
rituximab,cytomegalovirus infection reactivation,63
ruxolitinib,polycythaemia vera,63
sacubitril\valsartan,fall,63
sarilumab,gait inability,63
sarilumab,psoriatic arthropathy,63
secukinumab,colitis,63
secukinumab,"sleep disorder due to general medical condition, insomnia type",63
secukinumab,therapy interrupted,63
semaglutide,blindness unilateral,63
semaglutide,confusional state,63
semaglutide,product use complaint,63
sertraline hydrochloride,weight increased,63
sparsentan,alanine aminotransferase increased,63
sparsentan,blood pressure increased,63
sulfamethoxazole\trimethoprim,acute kidney injury,63
tadalafil,pain in extremity,63
teduglutide,application site mass,63
teduglutide,blood test abnormal,63
teduglutide,device dislocation,63
teduglutide,dysmenorrhoea,63
teduglutide,liver function test increased,63
teduglutide,product supply issue,63
teduglutide,road traffic accident,63
teduglutide,shoulder fracture,63
tirzepatide,feeling hot,63
tirzepatide,ketoacidosis,63
tirzepatide,small intestinal obstruction,63
tocilizumab,diabetes mellitus,63
tocilizumab,grip strength decreased,63
tocilizumab,illness,63
tocilizumab,"sleep disorder due to general medical condition, insomnia type",63
tofacitinib citrate,chest pain,63
tramadol hydrochloride,headache,63
tramadol hydrochloride,vomiting,63
treprostinil,device adhesion issue,63
treprostinil,disturbance in attention,63
treprostinil,product dose confusion,63
treprostinil,sensitive skin,63
trofinetide,therapy interrupted,63
upadacitinib,diabetes mellitus,63
upadacitinib,foot fracture,63
upadacitinib,nerve compression,63
upadacitinib,post procedural complication,63
upadacitinib,rectal haemorrhage,63
upadacitinib,white blood cell count increased,63
valganciclovir,cytomegalovirus infection,63
valsartan,blood pressure increased,63
vedolizumab,agitation,63
vedolizumab,appetite disorder,63
vedolizumab,food allergy,63
vedolizumab,gallbladder disorder,63
vedolizumab,gastrointestinal stoma complication,63
vedolizumab,hepatic failure,63
vedolizumab,oral disorder,63
velaglucerase alfa,breast feeding,63
venlafaxine hydrochloride,vomiting,63
zoledronic acid,pruritus,63
zuranolone,sedation,63
.alpha.1-proteinase inhibitor human,infusion related reaction,62
.alpha.1-proteinase inhibitor human,migraine,62
abatacept,incorrect dose administered by device,62
abemaciclib,platelet count decreased,62
abrocitinib,pruritus,62
acalabrutinib,malaise,62
acetaminophen,gastrointestinal disorder,62
adalimumab,product label confusion,62
adalimumab-aaty,pain in extremity,62
albuterol sulfate,anxiety,62
alendronic acid,maternal exposure during pregnancy,62
allopurinol,stevens-johnson syndrome,62
alprazolam,substance use disorder,62
amikacin,feeling abnormal,62
amlodipine besylate,intentional product misuse,62
amlodipine besylate,rash,62
"antihemophilic factor, human recombinant",pharyngeal haemorrhage,62
"antihemophilic factor, human recombinant",treatment noncompliance,62
apixaban,back pain,62
apixaban,pneumonia,62
apixaban,treatment failure,62
apremilast,inflammatory bowel disease,62
aripiprazole,death,62
aripiprazole,mania,62
asfotase alfa,malaise,62
atorvastatin,mixed liver injury,62
atorvastatin,vomiting,62
axicabtagene ciloleucel,myelodysplastic syndrome,62
baclofen,overdose,62
belimumab,exposure during pregnancy,62
belimumab,pneumonia,62
bevacizumab,alanine aminotransferase increased,62
bimekizumab,stress,62
bimekizumab-bkzx,adverse event,62
bimekizumab-bkzx,stomatitis,62
brentuximab vedotin,platelet count decreased,62
budesonide\formoterol\glycopyrrolate,dizziness,62
budesonide\formoterol\glycopyrrolate,eye disorder,62
burosumab-twza,blood phosphorus decreased,62
calcium carbonate,osteoarthritis,62
calcium oxybate\magnesium oxybate\potassium oxybate\sodium oxybate,bipolar disorder,62
capecitabine,malignant neoplasm progression,62
capivasertib,malaise,62
carbamazepine,dyspnoea,62
carbamazepine,somnolence,62
carbidopa\levodopa,infection,62
carboplatin,leukopenia,62
celecoxib,c-reactive protein abnormal,62
certolizumab pegol,amnesia,62
ciprofloxacin,drug interaction,62
citalopram,sexual dysfunction,62
clozapine,intestinal obstruction,62
clozapine,psychotic symptom,62
corticotropin,arthritis,62
corticotropin,surgery,62
cyclosporine,acute graft versus host disease,62
cyclosporine,graft versus host disease,62
cytarabine,platelet count decreased,62
dabrafenib mesylate,fatigue,62
dapagliflozin propanediol,fatigue,62
daxibotulinumtoxin a-lanm,drug ineffective for unapproved indication,62
denosumab,hip fracture,62
dextroamphetamine,application site irritation,62
dextromethorphan hydrobromide\quinidine sulfate,therapy interrupted,62
diclofenac,psoriasis,62
diclofenac sodium,contusion,62
dimethyl fumarate,pruritus,62
dinutuximab,white blood cell count increased,62
docetaxel,breast cancer metastatic,62
donanemab-azbt,dyspnoea,62
doxorubicin,cardiotoxicity,62
drospirenone,abnormal withdrawal bleeding,62
dupilumab,allergy to animal,62
dupilumab,decreased activity,62
dupilumab,fibromyalgia,62
dupilumab,gout,62
dupilumab,multiple allergies,62
dupilumab,osteoarthritis,62
dupilumab,streptococcal infection,62
durvalumab,pruritus,62
durvalumab,sepsis,62
eculizumab,nausea,62
eculizumab,renal failure,62
efavirenz\emtricitabine\tenofovir disoproxil fumarate,osteoporosis,62
elranatamab-bcmm,pyrexia,62
empagliflozin,pruritus,62
enfortumab vedotin-ejfv,malaise,62
erenumab-aooe,pain,62
esomeprazole magnesium,cataract,62
esomeprazole magnesium,pyrexia,62
esomeprazole magnesium,weight decreased,62
estradiol\norethindrone acetate,product ineffective,62
etanercept,cough,62
etanercept-szzs,pneumonia,62
etrasimod arginine,headache,62
evolocumab,injection site indentation,62
fenfluramine,respiratory failure,62
fluconazole,off label use,62
foscarbidopa\foslevodopa,agitation,62
foscarbidopa\foslevodopa,sepsis,62
fostamatinib,death,62
fruquintinib,myalgia,62
gabapentin,dyspnoea,62
galcanezumab-gnlm,injection site mass,62
galcanezumab-gnlm,off label use,62
givinostat,diarrhoea,62
glatiramer acetate,product dose omission issue,62
golimumab,therapeutic response decreased,62
human c1-esterase inhibitor,product distribution issue,62
human immunoglobulin g,cyanosis,62
human immunoglobulin g,folliculitis,62
human immunoglobulin g,infected bite,62
human immunoglobulin g,infusion site infection,62
human immunoglobulin g,lipoma,62
human immunoglobulin g,skin reaction,62
human immunoglobulin g\hyaluronidase (human recombinant),hypogammaglobulinaemia,62
human immunoglobulin g\hyaluronidase (human recombinant),infusion site extravasation,62
human immunoglobulin g\hyaluronidase (human recombinant),tachycardia,62
human immunoglobulin g\hyaluronidase (human recombinant),vertigo,62
ibuprofen,anaemia,62
ibuprofen,erythema,62
ibuprofen,pain,62
icatibant acetate,amnesia,62
icatibant acetate,hypertension,62
icatibant acetate,oedema peripheral,62
idursulfase,acne,62
idursulfase,candida infection,62
idursulfase,catheter site infection,62
idursulfase,covid-19 pneumonia,62
idursulfase,depressed mood,62
idursulfase,hyperuricaemia,62
idursulfase,hypokalaemia,62
idursulfase,laryngeal oedema,62
idursulfase,product administration interrupted,62
idursulfase,product preparation error,62
inavolisib,hyperglycaemia,62
infliximab,contusion,62
infliximab,feeling abnormal,62
infliximab,haemorrhage,62
infliximab,palpitations,62
infliximab-dyyb,oral herpes,62
infliximab-dyyb,proctalgia,62
iohexol,contrast media allergy,62
isotretinoin,acne,62
leflunomide,condition aggravated,62
leflunomide,headache,62
leflunomide,nausea,62
lenalidomide,blood creatinine increased,62
lenalidomide,blood glucose increased,62
lenalidomide,stomatitis,62
letrozole,aspartate aminotransferase increased,62
leuprolide acetate,therapy interrupted,62
levofloxacin,off label use,62
levonorgestrel,adverse event,62
lisdexamfetamine dimesylate,brain fog,62
lisinopril,acute kidney injury,62
macitentan,pulmonary arterial hypertension,62
medroxyprogesterone acetate,incorrect dose administered by device,62
mepolizumab,herpes zoster,62
metformin hydrochloride,acidosis,62
metoprolol,brash syndrome,62
minoxidil,application site erythema,62
montelukast sodium,wheezing,62
mycophenolate mofetil,asthenia,62
mycophenolate mofetil,febrile neutropenia,62
mycophenolate mofetil,polyomavirus viraemia,62
natalizumab,general physical health deterioration,62
nemolizumab-ilto,blister,62
nemolizumab-ilto,peripheral swelling,62
nilotinib,haemoglobin decreased,62
niraparib,neuropathy peripheral,62
nirmatrelvir\ritonavir,product prescribing issue,62
nivolumab,pneumonitis,62
ocrelizumab,feeling abnormal,62
ofatumumab,burning sensation,62
ofatumumab,depression,62
ofatumumab,neuralgia,62
olanzapine,pyrexia,62
olanzapine,suicidal ideation,62
olaparib,illness,62
omalizumab,injection site pruritus,62
omalizumab,mast cell activation syndrome,62
omeprazole,fatigue,62
onabotulinumtoxina,cerebrovascular accident,62
oxaliplatin,hypotension,62
oxycodone hydrochloride,joint swelling,62
paclitaxel,decreased appetite,62
palbociclib,dry mouth,62
palbociclib,laboratory test abnormal,62
pancrelipase amylase\pancrelipase lipase\pancrelipase protease,feeding disorder,62
pegvaliase-pqpz,pruritus,62
pembrolizumab,dysphagia,62
pemigatinib,off label use,62
perfluorohexyloctane,accidental exposure to product,62
perfluorohexyloctane,exposure via skin contact,62
pexidartinib,product dose omission issue,62
pimavanserin tartrate,dysstasia,62
pimavanserin tartrate,therapeutic product effect incomplete,62
pomalidomide,drug intolerance,62
prednisone,diabetes mellitus,62
pregabalin,dry mouth,62
propranolol hydrochloride,decreased appetite,62
propranolol hydrochloride,insomnia,62
quetiapine,fall,62
ravulizumab-cwvz,neuromyelitis optica spectrum disorder,62
relugolix,bowel movement irregularity,62
relugolix,contusion,62
relugolix,decreased activity,62
relugolix,musculoskeletal discomfort,62
relugolix,pyrexia,62
ribociclib,back pain,62
ribociclib,electrocardiogram qt prolonged,62
ribociclib,leukopenia,62
ribociclib succinate,breast cancer metastatic,62
risankizumab-rzaa,gallbladder operation,62
risankizumab-rzaa,joint injury,62
rituximab,taste disorder,62
roflumilast,off label use,62
romosozumab-aqqg,compression fracture,62
romosozumab-aqqg,pain,62
ruxolitinib,osteoporosis,62
sacituzumab govitecan-hziy,myelosuppression,62
secukinumab,rhinorrhoea,62
secukinumab,upper respiratory tract infection,62
semaglutide,lethargy,62
setmelanotide,nausea,62
sodium oxybate,abdominal pain upper,62
sodium oxybate,muscle spasms,62
tacrolimus,cytomegalovirus viraemia,62
tacrolimus,disease progression,62
tacrolimus,polyomavirus-associated nephropathy,62
tafamidis,cerebrovascular accident,62
teduglutide,abdominal adhesions,62
teduglutide,anuria,62
teduglutide,compression fracture,62
teduglutide,renal injury,62
teduglutide,urine abnormality,62
teprotumumab-trbw,dry skin,62
tezepelumab-ekko,device delivery system issue,62
tiopronin,drug ineffective,62
tirzepatide,irritability,62
tirzepatide,obstructive pancreatitis,62
tivozanib hydrochloride,off label use,62
tocilizumab,joint stiffness,62
tofacitinib citrate,frequent bowel movements,62
tofacitinib citrate,tremor,62
topiramate,treatment failure,62
tralokinumab-ldrm,erythema,62
tramadol hydrochloride,nausea,62
trastuzumab,cardiac dysfunction,62
trastuzumab,cardiac failure,62
treprostinil,respiratory tract infection,62
tucatinib,nausea,62
upadacitinib,cholecystectomy,62
upadacitinib,renal failure,62
vedolizumab,barrett's oesophagus,62
vedolizumab,hepatic lesion,62
vedolizumab,lacrimation increased,62
vedolizumab,post-traumatic stress disorder,62
vedolizumab,upper gastrointestinal haemorrhage,62
velaglucerase alfa,joint injury,62
velaglucerase alfa,joint swelling,62
venlafaxine hydrochloride,electrocardiogram qt prolonged,62
vigabatrin,product dose omission issue,62
vonicog alfa,haemoglobin decreased,62
.alpha.1-proteinase inhibitor human,incorrect drug administration rate,61
.alpha.1-proteinase inhibitor human,pulmonary congestion,61
abaloparatide,brain fog,61
abatacept,ear infection,61
abatacept,incorrect dose administered,61
abemaciclib,back pain,61
acalabrutinib,white blood cell count increased,61
acetaminophen,maternal exposure during pregnancy,61
adalimumab,knee operation,61
adalimumab,nodule,61
adalimumab,syncope,61
adalimumab,tremor,61
adalimumab-adaz,nasopharyngitis,61
adalimumab-afzb,headache,61
adalimumab-fkjp,crohn's disease,61
adapalene,pain of skin,61
aflibercept,intraocular pressure increased,61
alendronate sodium,crohn's disease,61
alendronate sodium,loss of personal independence in daily activities,61
alendronate sodium,pregnancy,61
alendronic acid,diarrhoea,61
alendronic acid,impaired healing,61
ambrisentan,therapy interrupted,61
amikacin,vomiting,61
amiodarone,drug interaction,61
amlodipine besylate,tachycardia,61
"antihemophilic factor, human recombinant",asthenia,61
"antihemophilic factor, human recombinant",flank pain,61
"antihemophilic factor, human recombinant",rectal haemorrhage,61
apalutamide,hot flush,61
aripiprazole,neuroleptic malignant syndrome,61
aripiprazole,suicide attempt,61
atorvastatin,hypoaesthesia,61
atorvastatin,hypotension,61
avalglucosidase alfa-ngpt,drug specific antibody present,61
axicabtagene ciloleucel,anaemia,61
axitinib,hypertension,61
azacitidine,thrombocytopenia,61
belimumab,alopecia,61
belumosudil,pneumonia,61
bevacizumab,pulmonary embolism,61
bimekizumab,weight decreased,61
bortezomib,disease progression,61
bortezomib,plasma cell myeloma refractory,61
brivaracetam,product use issue,61
budesonide,abdominal pain,61
budesonide,malaise,61
budesonide\formoterol,wheezing,61
budesonide\formoterol\glycopyrrolate,headache,61
bupropion hydrochloride\dextromethorphan hydrobromide,drug ineffective,61
calcium carbonate,anxiety,61
calcium carbonate,bursitis,61
calcium oxybate\magnesium oxybate\potassium oxybate\sodium oxybate,chest discomfort,61
calcium oxybate\magnesium oxybate\potassium oxybate\sodium oxybate,disability,61
calcium oxybate\magnesium oxybate\potassium oxybate\sodium oxybate,dyspepsia,61
calcium oxybate\magnesium oxybate\potassium oxybate\sodium oxybate,wrong dose,61
capecitabine,arteriospasm coronary,61
carbamazepine,pruritus,61
carbamazepine,pyrexia,61
carbidopa\levodopa,pain in extremity,61
carboplatin,chest pain,61
celecoxib,incorrect route of product administration,61
celecoxib,live birth,61
cetuximab,malignant neoplasm progression,61
ciprofloxacin,pyrexia,61
cladribine,dizziness,61
clindamycin,drug ineffective,61
collagenase clostridium histolyticum,pain,61
corticotropin,decreased appetite,61
corticotropin,inflammation,61
cyclosporine,drug intolerance,61
cytarabine,nausea,61
dapagliflozin,ketosis,61
dapagliflozin,syncope,61
daratumumab,pyrexia,61
denosumab,type 2 diabetes mellitus,61
dexamethasone,anaphylactic shock,61
dexamethasone,leukopenia,61
dexamethasone,myelosuppression,61
diclofenac,dry mouth,61
diclofenac sodium,inflammation,61
diclofenac sodium,sinusitis,61
docetaxel,intentional product use issue,61
doxorubicin,condition aggravated,61
doxycycline,gastrointestinal disorder,61
dupilumab,affective disorder,61
dupilumab,blood cholesterol increased,61
dupilumab,dementia,61
dupilumab,eye haemorrhage,61
dupilumab,osteoporosis,61
durvalumab,constipation,61
elafibranor,fatigue,61
eliglustat,product dose omission in error,61
escitalopram oxalate,intentional overdose,61
escitalopram oxalate,vomiting,61
esomeprazole magnesium,chest discomfort,61
esomeprazole magnesium,pneumonia,61
esomeprazole magnesium,rheumatoid arthritis,61
estradiol,arthralgia,61
estradiol,vaginal haemorrhage,61
etanercept-szzs,musculoskeletal stiffness,61
etanercept-szzs,rash,61
etonogestrel,drug ineffective,61
fenfluramine,eating disorder,61
fenfluramine,gastrooesophageal reflux disease,61
fenfluramine,oxygen saturation decreased,61
fenfluramine,right ventricular dilatation,61
fluoxetine hydrochloride,anxiety,61
fluticasone propionate\salmeterol xinafoate,device mechanical issue,61
foscarbidopa\foslevodopa,dehydration,61
fruquintinib,myelosuppression,61
gabapentin,back pain,61
gabapentin,intentional product misuse,61
gabapentin,overdose,61
galcanezumab-gnlm,injection site erythema,61
glatiramer acetate,fatigue,61
golimumab,incorrect dose administered,61
golimumab,underdose,61
human immunoglobulin g,angiopathy,61
human immunoglobulin g,blood cholesterol increased,61
human immunoglobulin g,dyskinesia,61
human immunoglobulin g,hepatitis b,61
human immunoglobulin g,lymphoedema,61
human immunoglobulin g,thyroid mass,61
human immunoglobulin g\hyaluronidase (human recombinant),cholelithiasis,61
human immunoglobulin g\hyaluronidase (human recombinant),irritable bowel syndrome,61
human immunoglobulin g\hyaluronidase (human recombinant),spinal fracture,61
human immunoglobulin g\hyaluronidase (human recombinant),staphylococcal infection,61
icatibant acetate,depressive symptom,61
idursulfase,behaviour disorder,61
idursulfase,fear,61
inclisiran sodium,dizziness,61
infliximab,gait disturbance,61
infliximab,loss of consciousness,61
infliximab-dyyb,limb injury,61
infliximab-dyyb,pharyngitis streptococcal,61
insulin aspart,condition aggravated,61
insulin glargine,device dispensing error,61
interferon beta-1a,injection site pain,61
ixazomib,haemoglobin decreased,61
ixazomib,infection,61
ketoconazole,adverse drug reaction,61
lacosamide,dizziness,61
lebrikizumab-lbkz,pruritus,61
leflunomide,hepatic fibrosis,61
lenalidomide,renal failure,61
leuprolide acetate,diarrhoea,61
leuprolide acetate,nausea,61
leuprolide acetate,occupational exposure to product,61
maralixibat chloride,off label use,61
maribavir,product dose omission issue,61
mepolizumab,decreased appetite,61
mesalamine,fatigue,61
metformin hydrochloride,inappropriate schedule of product administration,61
metformin hydrochloride,intentional product misuse,61
metformin hydrochloride,somnolence,61
methotrexate,deep vein thrombosis postoperative,61
methotrexate,lupus-like syndrome,61
methotrexate sodium,c-reactive protein increased,61
morphine sulfate,vomiting,61
mycophenolate mofetil,no adverse event,61
naproxen,off label use,61
natalizumab,off label use,61
nintedanib,respiratory failure,61
nirmatrelvir\ritonavir,drug interaction,61
nitric oxide,product use issue,61
nivolumab,back pain,61
nivolumab,immune-mediated hepatic disorder,61
ocrelizumab,drug hypersensitivity,61
octreotide acetate,abdominal pain,61
ofatumumab,decreased immune responsiveness,61
olanzapine,neutropenia,61
olanzapine,sedation,61
olanzapine\samidorphan l-malate,off label use,61
olaparib,abdominal pain upper,61
olaparib,insomnia,61
olmesartan,gastrointestinal disorder,61
omalizumab,anaphylactic shock,61
omalizumab,herpes zoster,61
omalizumab,skin burning sensation,61
omaveloxolone,nausea,61
omeprazole,dizziness,61
omeprazole,headache,61
osimertinib,stomatitis,61
oxaliplatin,myelosuppression,61
oxycodone,toxicity to various agents,61
oxycodone hydrochloride,loss of consciousness,61
oxycodone hydrochloride,systemic lupus erythematosus,61
paclitaxel,hypersensitivity,61
pacritinib,haemoglobin decreased,61
palbociclib,renal impairment,61
pancrelipase amylase\pancrelipase lipase\pancrelipase protease,product administration error,61
pancrelipase amylase\pancrelipase lipase\pancrelipase protease,weight increased,61
panitumumab,therapy partial responder,61
pantoprazole,condition aggravated,61
pantoprazole,drug interaction,61
pantoprazole,headache,61
pantoprazole,peripheral swelling,61
pegvaliase-pqpz,vomiting,61
pegvisomant,product dose omission issue,61
pembrolizumab,tumour pseudoprogression,61
perampanel,off label use,61
polatuzumab vedotin,myelosuppression,61
pomalidomide,gait disturbance,61
pregabalin,completed suicide,61
pregabalin,general physical health deterioration,61
propranolol hydrochloride,headache,61
quetiapine,acute kidney injury,61
quetiapine,headache,61
quetiapine,loss of consciousness,61
ravulizumab-cwvz,neuropathy peripheral,61
ribociclib succinate,abdominal pain,61
ribociclib succinate,hepatic cytolysis,61
ribociclib succinate,liver function test increased,61
ribociclib succinate,peripheral swelling,61
rilonacept,injection site erythema,61
risankizumab-rzaa,foetal exposure during pregnancy,61
risankizumab-rzaa,vertigo,61
ritlecitinib tosylate,therapeutic product effect incomplete,61
rituximab,facet joint syndrome,61
rituximab,follicular lymphoma,61
ruxolitinib,haematoma,61
ruxolitinib,hypoaesthesia,61
sarilumab,vomiting,61
secukinumab,bronchitis,61
secukinumab,device difficult to use,61
secukinumab,joint stiffness,61
secukinumab,onychomadesis,61
semaglutide,gallbladder disorder,61
sertraline hydrochloride,dry mouth,61
sparsentan,blood glucose increased,61
tadalafil,cardiac failure,61
tafamidis,hypoacusis,61
teduglutide,back injury,61
teduglutide,blood calcium decreased,61
teduglutide,hallucination,61
teduglutide,hepatic enzyme abnormal,61
teduglutide,intestinal dilatation,61
teduglutide,overdose,61
teduglutide,renal pain,61
teduglutide,venous thrombosis,61
teduglutide,wound,61
tocilizumab,product use in unapproved indication,61
tocilizumab,sinus congestion,61
tocilizumab,toothache,61
tocilizumab,wrong technique in device usage process,61
tofacitinib citrate,chronic kidney disease,61
tofacitinib citrate,disease recurrence,61
tofacitinib citrate,therapeutic product effect decreased,61
tramadol,overdose,61
treprostinil,amnesia,61
treprostinil,clostridium difficile infection,61
treprostinil,diverticulitis,61
treprostinil,injection site bruising,61
treprostinil,skin exfoliation,61
triamcinolone acetonide,condition aggravated,61
trofinetide,crying,61
trofinetide,ear infection,61
upadacitinib,cellulitis,61
upadacitinib,ear infection,61
vancomycin,rash,61
vancomycin,tubulointerstitial nephritis,61
vedolizumab,blood alkaline phosphatase increased,61
vedolizumab,haemoptysis,61
vedolizumab,hidradenitis,61
vedolizumab,injection site rash,61
vedolizumab,intestinal ulcer,61
vedolizumab,iritis,61
vedolizumab,lymphocyte count decreased,61
vedolizumab,nervous system disorder,61
vedolizumab,overweight,61
vedolizumab,synovitis,61
venetoclax,urinary tract infection,61
venlafaxine hydrochloride,completed suicide,61
vibegron,urinary tract infection,61
voclosporin,arthralgia,61
voclosporin,insurance issue,61
zolbetuximab-clzb,blood albumin decreased,61
zolpidem tartrate,pharmaceutical nomadism,61
.alpha.1-proteinase inhibitor human,blood pressure diastolic increased,60
.alpha.1-proteinase inhibitor human,cerebrovascular accident,60
.alpha.1-proteinase inhibitor human,respiratory syncytial virus infection,60
acetaminophen,hypertransaminasaemia,60
adalimumab,brain fog,60
adalimumab,exposure via skin contact,60
adalimumab,hyperhidrosis,60
adalimumab,post procedural complication,60
adalimumab-afzb,inappropriate schedule of product administration,60
agalsidase beta,illness,60
alendronic acid,fatigue,60
alendronic acid,fibromyalgia,60
alendronic acid,hypertension,60
alendronic acid,systemic lupus erythematosus,60
ambrisentan,pain,60
ambrisentan,pain in extremity,60
amlodipine besylate,hypoxia,60
amlodipine besylate,product use in unapproved indication,60
amlodipine besylate,product use issue,60
anastrozole,pain in extremity,60
andexanet alfa,cerebral infarction,60
anifrolumab,systemic lupus erythematosus,60
anifrolumab-fnia,fatigue,60
"antihemophilic factor, human recombinant",seasonal allergy,60
"antihemophilic factor, human recombinant",streptococcal infection,60
"antihemophilic factor, human recombinant",toothache,60
apixaban,joint swelling,60
apomorphine hydrochloride,headache,60
aripiprazole,treatment failure,60
asfotase alfa,injection site discolouration,60
asfotase alfa,neuropathy peripheral,60
atorvastatin,cough,60
atorvastatin calcium,rhabdomyolysis,60
avapritinib,adverse drug reaction,60
avapritinib,platelet count decreased,60
belimumab,anxiety,60
belimumab,back pain,60
belimumab,feeling abnormal,60
benralizumab,needle issue,60
bevacizumab,aspartate aminotransferase increased,60
bevacizumab,neutrophil count decreased,60
bimekizumab-bkzx,burning sensation,60
brigatinib,dry mouth,60
brigatinib,weight increased,60
brivaracetam,fall,60
budesonide,pain in extremity,60
budesonide\formoterol\glycopyrrolate,tremor,60
bupropion hydrochloride,cardiogenic shock,60
bupropion hydrochloride\naltrexone hydrochloride,urticaria,60
calcium carbonate,lower respiratory tract infection,60
calcium carbonate,memory impairment,60
calcium oxybate\magnesium oxybate\potassium oxybate\sodium oxybate,heart rate increased,60
calcium oxybate\magnesium oxybate\potassium oxybate\sodium oxybate,sedation,60
capecitabine,neoplasm progression,60
capivasertib,diabetic ketoacidosis,60
carboplatin,abdominal pain,60
carboplatin,adrenal insufficiency,60
carboplatin,dizziness,60
carboplatin,oxygen saturation decreased,60
carboplatin,platelet count decreased,60
celecoxib,c-reactive protein,60
celecoxib,foot deformity,60
celecoxib,lupus-like syndrome,60
cenegermin-bkbj,intentional product misuse,60
cenegermin-bkbj,treatment noncompliance,60
cetirizine hydrochloride,hepatic enzyme increased,60
cetirizine hydrochloride,swelling,60
corticotropin,covid-19,60
daratumumab,anaemia,60
dexamethasone,headache,60
diclofenac,bursitis,60
diclofenac sodium,c-reactive protein abnormal,60
diclofenac sodium,muscle spasms,60
diclofenac sodium,paraesthesia,60
diclofenac sodium,psoriasis,60
dimethyl fumarate,treatment failure,60
diroximel fumarate,anxiety,60
diroximel fumarate,malaise,60
donanemab-azbt,confusional state,60
dupilumab,drug intolerance,60
dupilumab,kidney infection,60
eculizumab,seizure,60
elexacaftor\ivacaftor\tezacaftor,aspartate aminotransferase increased,60
elexacaftor\ivacaftor\tezacaftor,attention deficit hyperactivity disorder,60
empagliflozin,fatigue,60
enoxaparin sodium,no adverse event,60
eptinezumab-jjmr,dyspnoea,60
erenumab-aooe,dizziness,60
erenumab-aooe,product communication issue,60
esketamine,fall,60
esomeprazole magnesium,deafness,60
esomeprazole magnesium,nasopharyngitis,60
etonogestrel,abortion spontaneous,60
evolocumab,cardiac disorder,60
evolocumab,fear of injection,60
evolocumab,feeling abnormal,60
fenfluramine,infection,60
fentanyl,off label use,60
ferric carboxymaltose,dyspnoea,60
fluoxetine hydrochloride,off label use,60
foscarbidopa\foslevodopa,hip fracture,60
fruquintinib,oral pain,60
fruquintinib,pyrexia,60
fruquintinib,renal impairment,60
fulvestrant,pruritus,60
gabapentin,insomnia,60
gabapentin,pruritus,60
gabapentin,withdrawal syndrome,60
gilteritinib,myelosuppression,60
golimumab,malaise,60
guselkumab,colitis ulcerative,60
human immunoglobulin g,drug interaction,60
human immunoglobulin g,dry throat,60
human immunoglobulin g,exostosis,60
human immunoglobulin g,faeces discoloured,60
human immunoglobulin g,granuloma,60
human immunoglobulin g,immune thrombocytopenia,60
human immunoglobulin g,product physical issue,60
human immunoglobulin g,protein total increased,60
human immunoglobulin g\hyaluronidase (human recombinant),dry eye,60
human immunoglobulin g\hyaluronidase (human recombinant),dyspnoea exertional,60
human immunoglobulin g\hyaluronidase (human recombinant),hypersomnia,60
human immunoglobulin g\hyaluronidase (human recombinant),mouth ulceration,60
human immunoglobulin g\hyaluronidase (human recombinant),product administration interrupted,60
human immunoglobulin g\hyaluronidase (human recombinant),renal failure,60
ibrutinib,pyrexia,60
idursulfase,aphasia,60
idursulfase,catheter site thrombosis,60
idursulfase,hypertonia,60
imatinib mesylate,malignant neoplasm progression,60
infliximab,swelling,60
infliximab,tremor,60
infliximab-dyyb,drug level increased,60
infliximab-dyyb,frequent bowel movements,60
isotretinoin,condition aggravated,60
lamotrigine,headache,60
lamotrigine,pruritus,60
lanadelumab,constipation,60
lanadelumab,ear infection,60
leuprolide acetate,prostate cancer,60
levonorgestrel,device issue,60
levothyroxine sodium,illness,60
levothyroxine sodium,weight decreased,60
liraglutide,diarrhoea,60
lisinopril,hypotension,60
lutetium lu-177 vipivotide tetraxetan,nausea,60
maribavir,off label use,60
mepolizumab,choking,60
mepolizumab,hypoaesthesia,60
mesalamine,weight decreased,60
metformin hydrochloride,blood creatinine increased,60
metformin hydrochloride,drug level increased,60
methotrexate,cataract,60
methotrexate sodium,product dose omission issue,60
midazolam,off label use,60
morphine sulfate,off label use,60
natalizumab,muscular weakness,60
nemolizumab-ilto,fatigue,60
nemolizumab-ilto,skin discolouration,60
nirogacestat,diarrhoea,60
nirsevimab-alip,product storage error,60
nivolumab,colitis,60
nivolumab,erythema,60
nivolumab,pain,60
ocrelizumab,feeling hot,60
octreotide acetate,dizziness,60
odevixibat,diarrhoea,60
ofatumumab,depressed mood,60
ofatumumab,seizure,60
ofatumumab,upper respiratory tract infection,60
olanzapine,anxiety,60
olaparib,anxiety,60
omalizumab,gastroenteritis viral,60
omalizumab,gastrooesophageal reflux disease,60
omalizumab,injection site bruising,60
omaveloxolone,blood cholesterol increased,60
omeprazole,hyponatraemia,60
onabotulinumtoxina,surgery,60
onasemnogene abeparvovec-xioi,cough,60
osimertinib,syncope,60
oxaliplatin,infusion related reaction,60
oxycodone hydrochloride,dyspnoea,60
oxycodone hydrochloride,swelling,60
oxycodone hydrochloride,unevaluable event,60
paliperidone palmitate,tremor,60
pancrelipase amylase\pancrelipase lipase\pancrelipase protease,incorrect dose administered,60
pancrelipase amylase\pancrelipase lipase\pancrelipase protease,unevaluable event,60
panitumumab,vomiting,60
paroxetine,toxicity to various agents,60
pegcetacoplan,visual impairment,60
pegvaliase-pqpz,headache,60
pembrolizumab,infection,60
pemetrexed,neutropenia,60
pertuzumab,off label use,60
phenytoin,toxicity to various agents,60
pimavanserin tartrate,delirium,60
ponatinib,hypoaesthesia,60
prasterone,off label use,60
prednisone,confusional state,60
pregabalin,abdominal pain,60
pregabalin,hypersensitivity,60
pregabalin,myoclonus,60
quetiapine,vomiting,60
quetiapine fumarate,prescribed overdose,60
ribociclib,rash,60
ribociclib succinate,breast cancer,60
ribociclib succinate,weight increased,60
ripretinib,decreased appetite,60
risankizumab-rzaa,balance disorder,60
risankizumab-rzaa,live birth,60
risankizumab-rzaa,upper limb fracture,60
risperidone,hyperprolactinaemia,60
risperidone,neuroleptic malignant syndrome,60
risperidone,suicide attempt,60
rituximab,lymphadenopathy,60
ruxolitinib,arthritis,60
ruxolitinib,insurance issue,60
secukinumab,chest discomfort,60
secukinumab,finger deformity,60
secukinumab,influenza like illness,60
selexipag,dizziness,60
sodium citrate,feeling hot,60
sodium oxybate,malaise,60
sparsentan,dehydration,60
tacrolimus,staphylococcal infection,60
teduglutide,blood uric acid increased,60
teduglutide,foot fracture,60
teduglutide,injection site discharge,60
teduglutide,magnesium deficiency,60
teduglutide,rotator cuff syndrome,60
teduglutide,taste disorder,60
tezepelumab-ekko,urticaria,60
tiotropium bromide,device mechanical issue,60
tirzepatide,blindness unilateral,60
tirzepatide,intercepted product selection error,60
tocilizumab,rales,60
tolvaptan,nocturia,60
tolvaptan,off label use,60
trametinib dimethyl sulfoxide,off label use,60
treprostinil,bacteraemia,60
treprostinil,thirst,60
treprostinil sodium,epistaxis,60
treprostinil sodium,infusion site pain,60
trofinetide,irritability,60
upadacitinib,c-reactive protein increased,60
upadacitinib,dysstasia,60
upadacitinib,joint stiffness,60
upadacitinib,migraine,60
upadacitinib,swelling face,60
valbenazine ditosylate,tremor,60
valsartan,renal cyst,60
vedolizumab,bile duct stone,60
vedolizumab,ear discomfort,60
vedolizumab,family stress,60
vedolizumab,gamma-glutamyltransferase increased,60
vedolizumab,gastric infection,60
vedolizumab,gastritis erosive,60
vedolizumab,injection site urticaria,60
vedolizumab,subcutaneous abscess,60
velaglucerase alfa,sinusitis,60
vemurafenib,off label use,60
venetoclax,lymphadenopathy,60
venetoclax,rash,60
vimseltinib,swelling face,60
vismodegib,alopecia,60
voclosporin,product dose omission in error,60
zolpidem tartrate,altered state of consciousness,60
.alpha.1-proteinase inhibitor human,accident,59
abatacept,adjustment disorder with depressed mood,59
abatacept,injection site reaction,59
abemaciclib,red blood cell count decreased,59
acalabrutinib,haemoglobin decreased,59
aceclidine hydrochloride,instillation site irritation,59
acetaminophen,bradycardia,59
adalimumab,eye pain,59
adalimumab-adaz,asthenia,59
adalimumab-adaz,headache,59
agalsidase beta,condition aggravated,59
agalsidase beta,fatigue,59
albuterol,product cleaning inadequate,59
alendronate sodium,arthritis,59
alendronate sodium,nail disorder,59
alendronate sodium,osteoporosis,59
alendronate sodium,respiratory disorder,59
alendronic acid,lung disorder,59
alendronic acid,swelling,59
amlodipine besylate,cardiogenic shock,59
amphetamine aspartate\amphetamine sulfate\dextroamphetamine saccharate\dextroamphetamine sulfate,homicide,59
anastrozole,leukopenia,59
"antihemophilic factor, human recombinant",abdominal pain upper,59
"antihemophilic factor, human recombinant",foot fracture,59
aripiprazole,apathy,59
aripiprazole,mental impairment,59
aspirin,toxicity to various agents,59
atezolizumab,cough,59
atezolizumab,liver disorder,59
avacopan,drug-induced liver injury,59
azacitidine,sepsis,59
baclofen,coma,59
belimumab,circumstance or information capable of leading to medication error,59
belimumab,infection,59
benralizumab,chest pain,59
benralizumab,hypersensitivity,59
bisoprolol,hypotension,59
bosutinib monohydrate,malaise,59
brigatinib,influenza,59
brigatinib,pneumonia,59
budesonide\formoterol fumarate,product availability issue,59
budesonide\formoterol fumarate dihydrate,productive cough,59
buprenorphine,confusional state,59
buprenorphine,product dose omission issue,59
bupropion hydrochloride,depression,59
bupropion hydrochloride\naltrexone hydrochloride,somnolence,59
calcium carbonate,exposure during pregnancy,59
calcium carbonate,infection,59
calcium carbonate,road traffic accident,59
calcium carbonate,"sleep disorder due to general medical condition, insomnia type",59
capsaicin,hypoaesthesia,59
capsaicin,paraesthesia,59
carbamazepine,fall,59
carbidopa\levodopa,stoma site pain,59
carbidopa\levodopa,unevaluable event,59
carboplatin,tachycardia,59
carboxymethylcellulose sodium\glycerin,eye irritation,59
celecoxib,bone erosion,59
celecoxib,exostosis,59
cenobamate,gait disturbance,59
certolizumab pegol,obesity,59
cetirizine hydrochloride,wrong technique in product usage process,59
ciclesonide,dyspnoea,59
ciprofloxacin,chest pain,59
citalopram,headache,59
deferiprone,prescribed overdose,59
deutetrabenazine,dizziness,59
dexmethylphenidate hydrochloride,drug ineffective,59
diclofenac sodium,depression,59
diclofenac sodium,oedema,59
digoxin,toxicity to various agents,59
dimethyl fumarate,diarrhoea,59
diroximel fumarate,covid-19,59
diroximel fumarate,pain in extremity,59
donanemab-azbt,cerebral microhaemorrhage,59
doxorubicin,anaemia,59
doxorubicin,neuropathy peripheral,59
drospirenone,product prescribing issue,59
dupilumab,pulmonary embolism,59
dupilumab,skin abrasion,59
eculizumab,muscular weakness,59
efmoroctocog alfa,spontaneous haemorrhage,59
efmoroctocog alfa,traumatic haemorrhage,59
emtricitabine\tenofovir disoproxil,neurodevelopmental disorder,59
encorafenib,decreased appetite,59
enfortumab vedotin-ejfv,vomiting,59
enzalutamide,decreased appetite,59
epinephrine,needle issue,59
eptinezumab-jjmr,chest discomfort,59
esomeprazole,arthralgia,59
esomeprazole,pyrexia,59
esomeprazole magnesium,back pain,59
estradiol,insomnia,59
etanercept,asthenia,59
etanercept-szzs,psoriatic arthropathy,59
evolocumab,oropharyngeal pain,59
evolocumab,therapy non-responder,59
fenfluramine,asthenia,59
fenfluramine,hallucination,59
fenfluramine,sinusitis,59
fezolinetant,off label use,59
fluticasone furoate\umeclidinium bromide\vilanterol trifenatate,product use issue,59
fruquintinib,somnolence,59
furosemide,drug interaction,59
gabapentin,seizure,59
galcanezumab-gnlm,injury associated with device,59
galcanezumab-gnlm,wrong technique in device usage process,59
glatiramer acetate,drug dose omission by device,59
golimumab,diarrhoea,59
guselkumab,covid-19,59
guselkumab,infusion related reaction,59
guselkumab,nausea,59
human immunoglobulin g,bowel movement irregularity,59
human immunoglobulin g,death of relative,59
human immunoglobulin g,motor dysfunction,59
human immunoglobulin g,paralysis,59
human immunoglobulin g,rhinalgia,59
human immunoglobulin g,shoulder fracture,59
human immunoglobulin g\hyaluronidase (human recombinant),no adverse event,59
human immunoglobulin g\hyaluronidase (human recombinant),post procedural complication,59
ibrutinib,muscle spasms,59
ibrutinib,white blood cell count increased,59
icatibant acetate,ageusia,59
icatibant acetate,anosmia,59
icatibant acetate,injection site bruising,59
idursulfase,head discomfort,59
idursulfase,mouth injury,59
idursulfase,pharyngitis streptococcal,59
idursulfase,toe walking,59
inclisiran sodium,pruritus,59
infliximab,drug-induced liver injury,59
infliximab,folliculitis,59
insulin aspart,myocardial infarction,59
insulin glargine,blindness,59
insulin human,blood glucose decreased,59
ipilimumab,fulminant type 1 diabetes mellitus,59
ipilimumab,hepatic function abnormal,59
ipilimumab,malaise,59
ipilimumab,non-small cell lung cancer,59
ixazomib,gastrointestinal disorder,59
ixekizumab,overdose,59
ixekizumab,therapy interrupted,59
lamotrigine,blister,59
lamotrigine,product use in unapproved indication,59
lanadelumab,discomfort,59
leflunomide,diarrhoea,59
leflunomide,synovitis,59
lenalidomide,dry eye,59
lenalidomide,fluid retention,59
lenalidomide,influenza like illness,59
lenvatinib,death,59
leuprolide acetate,dysuria,59
leuprolide acetate,product reconstitution quality issue,59
levetiracetam,suicide attempt,59
levetiracetam,tremor,59
levetiracetam,weight decreased,59
levofloxacin,paraesthesia,59
levonorgestrel,amenorrhoea,59
lifitegrast,eye pain,59
linezolid,neuropathy peripheral,59
lumateperone,drug ineffective,59
macitentan\tadalafil,headache,59
mepolizumab,drug hypersensitivity,59
mepolizumab,joint swelling,59
metformin hydrochloride,paraesthesia,59
methotrexate,bk virus infection,59
methotrexate,cardiac failure,59
methotrexate,delirium,59
methotrexate,joint stiffness,59
methotrexate sodium,asthenia,59
methotrexate sodium,covid-19,59
methotrexate sodium,product use in unapproved indication,59
minoxidil,application site exfoliation,59
mirtazapine,weight increased,59
mycophenolate mofetil,pneumonia bacterial,59
nemolizumab-ilto,off label use,59
nintedanib,haemoptysis,59
nitric oxide,device malfunction,59
nivolumab,type 1 diabetes mellitus,59
octreotide acetate,asthenia,59
ofatumumab,gait inability,59
ofatumumab,speech disorder,59
ofatumumab,temperature intolerance,59
olanzapine,coma,59
omalizumab,therapeutic product effect incomplete,59
onabotulinumtoxina,swelling face,59
oxaliplatin,hyperhidrosis,59
oxaliplatin,pancytopenia,59
paclitaxel,cough,59
pantoprazole,asthenia,59
parathyroid hormone,blood calcium abnormal,59
parathyroid hormone,muscle spasms,59
pembrolizumab,septic shock,59
pimavanserin tartrate,therapeutic product effect decreased,59
pomalidomide,insurance issue,59
pomalidomide,sepsis,59
prednisolone,therapy non-responder,59
prednisone,drug intolerance,59
prednisone,osteoporosis,59
pregabalin,medication error,59
pregabalin,pruritus,59
propranolol hydrochloride,ear infection,59
ramipril,acute kidney injury,59
ravulizumab-cwvz,memory impairment,59
ravulizumab-cwvz,meningitis,59
ravulizumab-cwvz,weight increased,59
ribociclib succinate,dyspepsia,59
ribociclib succinate,general physical health deterioration,59
ripretinib,hypertension,59
ripretinib,neuropathy peripheral,59
risankizumab,psoriasis,59
risankizumab-rzaa,appendicectomy,59
risankizumab-rzaa,blood glucose increased,59
risankizumab-rzaa,rectal haemorrhage,59
risankizumab-rzaa,speech disorder,59
risperidone,akathisia,59
rituximab,burning sensation,59
rituximab,mucosal inflammation,59
rituximab,neoplasm malignant,59
rituximab-pvvr,blood pressure systolic increased,59
rituximab-pvvr,oxygen saturation decreased,59
romosozumab-aqqg,pain in extremity,59
rotigotine,fall,59
ruxolitinib,chronic kidney disease,59
ruxolitinib,product supply issue,59
sarilumab,maternal exposure during pregnancy,59
secukinumab,blood pressure increased,59
secukinumab,deep vein thrombosis postoperative,59
selumetinib,abdominal pain,59
semaglutide,gastritis,59
semaglutide,seizure,59
semaglutide,sensitive skin,59
sodium citrate,hyperhidrosis,59
tadalafil,peripheral swelling,59
tafamidis,product dose omission issue,59
talquetamab-tgvs,dysgeusia,59
teduglutide,blood urea increased,59
teduglutide,body temperature decreased,59
teduglutide,wrong dose,59
temozolomide,thrombocytopenia,59
teriparatide,product storage error,59
tesamorelin acetate,product dose omission issue,59
tislelizumab,anaemia,59
tobramycin,hospitalisation,59
tocilizumab,lower respiratory tract congestion,59
tofacitinib citrate,colitis ulcerative,59
tofacitinib citrate,intentional product use issue,59
trastuzumab,decreased appetite,59
treprostinil,anal incontinence,59
treprostinil,infusion site mass,59
treprostinil,musculoskeletal discomfort,59
treprostinil,ocular hyperaemia,59
treprostinil,quality of life decreased,59
treprostinil,rhinovirus infection,59
treprostinil,road traffic accident,59
triamcinolone acetonide,hospitalisation,59
trientine tetrahydrochloride,product dose omission issue,59
upadacitinib,breast cancer,59
upadacitinib,spinal stenosis,59
upadacitinib,staphylococcal infection,59
valsartan,product contamination,59
vedolizumab,blood calcium decreased,59
vedolizumab,cardiac flutter,59
vedolizumab,dermatitis,59
vedolizumab,drug withdrawal syndrome,59
vedolizumab,hepatic cancer,59
vedolizumab,intra-abdominal fluid collection,59
venlafaxine hydrochloride,confusional state,59
venlafaxine hydrochloride,restlessness,59
voclosporin,abdominal pain upper,59
voclosporin,peripheral swelling,59
vonicog alfa,general physical health deterioration,59
zolpidem tartrate,drug interaction,59
.alpha.1-proteinase inhibitor human,staphylococcal infection,58
abaloparatide,urinary tract infection,58
abaloparatide,wrist fracture,58
abatacept,device leakage,58
abatacept,feeling hot,58
abatacept,hepatic cirrhosis,58
abatacept,joint dislocation,58
abatacept,x-ray abnormal,58
abemaciclib,neuropathy peripheral,58
acalabrutinib,weight decreased,58
acetaminophen,hepatotoxicity,58
acetaminophen,international normalised ratio increased,58
acetaminophen,loss of consciousness,58
adalimumab,bronchiectasis,58
adalimumab,cardiac murmur,58
adalimumab,impaired quality of life,58
adalimumab,injection site papule,58
adalimumab,pulmonary oedema,58
adalimumab,therapy partial responder,58
adalimumab-aaty,drug dose omission by device,58
adalimumab-adaz,condition aggravated,58
adalimumab-adaz,rash,58
albuterol,device defective,58
albuterol,obstructive airways disorder,58
albuterol,pneumonia,58
albuterol,product delivery mechanism issue,58
albuterol,productive cough,58
albuterol sulfate,sleep disorder due to a general medical condition,58
alendronic acid,abdominal discomfort,58
alendronic acid,dry mouth,58
alendronic acid,infusion related reaction,58
amikacin,abdominal discomfort,58
amikacin,pyrexia,58
amlodipine besylate,hyponatraemia,58
amlodipine besylate,muscle spasms,58
amlodipine besylate,weight decreased,58
apixaban,adverse drug reaction,58
apixaban,cough,58
apixaban,memory impairment,58
aripiprazole,drug abuse,58
aripiprazole,tardive dyskinesia,58
asfotase alfa,diarrhoea,58
atezolizumab,cytokine release syndrome,58
atorvastatin,anxiety,58
atorvastatin,myositis,58
avapritinib,abdominal discomfort,58
azacitidine,nausea,58
belimumab,oropharyngeal pain,58
bevacizumab,pneumonitis,58
bimekizumab,oropharyngeal pain,58
bimekizumab,sepsis,58
bimekizumab-bkzx,gastrointestinal disorder,58
binimetinib,off label use,58
blinatumomab,neurotoxicity,58
brentuximab vedotin,hypokalaemia,58
brexpiprazole,fall,58
brexpiprazole,pneumonia aspiration,58
brigatinib,gastrooesophageal reflux disease,58
brigatinib,nephrolithiasis,58
brigatinib,rash macular,58
budesonide\formoterol\glycopyrrolate,hypersensitivity,58
budesonide\formoterol\glycopyrrolate,product prescribing issue,58
bupropion hydrochloride,suspected suicide,58
bupropion hydrochloride\naltrexone hydrochloride,palpitations,58
bupropion hydrochloride\naltrexone hydrochloride,weight increased,58
cabozantinib s-malate,gait disturbance,58
calcium oxybate\magnesium oxybate\potassium oxybate\sodium oxybate,irritable bowel syndrome,58
calcium oxybate\magnesium oxybate\potassium oxybate\sodium oxybate,snoring,58
carbamazepine,product use in unapproved indication,58
carbidopa\levodopa,cerebrovascular accident,58
carbidopa\levodopa,incorrect route of product administration,58
carboplatin,anaphylactic reaction,58
certolizumab pegol,knee arthroplasty,58
certolizumab pegol,peripheral venous disease,58
certolizumab pegol,product quality issue,58
certolizumab pegol,treatment noncompliance,58
cetirizine hydrochloride,therapeutic product effect incomplete,58
ciprofloxacin,cough,58
ciprofloxacin,gait disturbance,58
ciprofloxacin,pneumonia,58
citalopram,anxiety,58
clopidogrel bisulfate,haematemesis,58
clozapine,blood creatine phosphokinase increased,58
clozapine,drug abuse,58
conestat alfa,weight decreased,58
corticotropin,dry eye,58
cyclophosphamide,sepsis,58
cyclosporine,burning sensation,58
cyclosporine,hypersensitivity,58
cyclosporine,nephropathy toxic,58
dapagliflozin,medication error,58
darolutamide,hot flush,58
denosumab,pain in jaw,58
diazepam,overdose,58
diclofenac sodium,asthma,58
diclofenac sodium,gastrooesophageal reflux disease,58
diclofenac sodium,hypercholesterolaemia,58
diclofenac sodium,swollen joint count increased,58
diroximel fumarate,constipation,58
docetaxel,intentional product misuse,58
doxorubicin,pyrexia,58
dulaglutide,injection site erythema,58
dupilumab,abortion spontaneous,58
dupilumab,ulcer,58
dupilumab,vitiligo,58
durvalumab,vomiting,58
empagliflozin,asthenia,58
encorafenib,malignant neoplasm progression,58
epcoritamab-bysp,pyrexia,58
eribulin,neutrophil count decreased,58
escitalopram oxalate,diarrhoea,58
esomeprazole,acute kidney injury,58
esomeprazole,dyspnoea,58
esomeprazole magnesium,visual impairment,58
fenfluramine,blood pressure decreased,58
fenfluramine,mood altered,58
fentanyl citrate,respiratory arrest,58
fezolinetant,liver function test increased,58
fluorouracil,asthenia,58
fluticasone propionate\salmeterol xinafoate,intentional product misuse,58
foscarbidopa\foslevodopa,infusion site haemorrhage,58
foscarbidopa\foslevodopa,restlessness,58
fremanezumab-vfrm,injection site pruritus,58
fulvestrant,headache,58
fulvestrant,neutrophil count decreased,58
gabapentin,amnesia,58
galcanezumab-gnlm,injection site discomfort,58
glatiramer acetate,flushing,58
guselkumab,crohn's disease,58
human c1-esterase inhibitor,sinusitis,58
human coagulation factor viii/von willebrand factor complex,gastrointestinal haemorrhage,58
human immunoglobulin g,bacterial vaginosis,58
human immunoglobulin g,cytopenia,58
human immunoglobulin g,device dislocation,58
human immunoglobulin g,discharge,58
human immunoglobulin g,dysgeusia,58
human immunoglobulin g,emotional distress,58
human immunoglobulin g,gastrointestinal inflammation,58
human immunoglobulin g,injection site discomfort,58
human immunoglobulin g,pneumonitis,58
human immunoglobulin g,scratch,58
human immunoglobulin g\hyaluronidase (human recombinant),dysarthria,58
human immunoglobulin g\hyaluronidase (human recombinant),product leakage,58
human immunoglobulin g\hyaluronidase (human recombinant),rhinitis,58
human immunoglobulin g\hyaluronidase (human recombinant),upper limb fracture,58
human immunoglobulin g\hyaluronidase (human recombinant),urinary incontinence,58
ibandronate sodium,femur fracture,58
ibuprofen,upper gastrointestinal haemorrhage,58
icatibant acetate,product dispensing issue,58
icatibant acetate,swelling,58
idursulfase,device connection issue,58
idursulfase,educational problem,58
idursulfase,gastrointestinal motility disorder,58
idursulfase,pollakiuria,58
idursulfase,product administration error,58
idursulfase,upper limb fracture,58
imatinib,neutropenia,58
inclisiran sodium,cough,58
inclisiran sodium,injection site rash,58
infliximab,cellulitis,58
infliximab,pericarditis,58
infliximab-dyyb,confusional state,58
infliximab-dyyb,cystitis,58
infliximab-dyyb,depression,58
infliximab-dyyb,neck pain,58
infliximab-dyyb,thrombosis,58
insulin glargine,gait disturbance,58
ipilimumab,diabetic ketoacidosis,58
isotretinoin,abortion spontaneous,58
isotretinoin,back pain,58
isotretinoin,dry eye,58
lacosamide,cardiac arrest,58
lacosamide,fall,58
lacosamide,status epilepticus,58
lanadelumab,intestinal obstruction,58
lanadelumab,upper respiratory tract infection,58
lapine t-lymphocyte immune globulin,pyrexia,58
lenalidomide,gastrooesophageal reflux disease,58
lenalidomide,pulmonary oedema,58
lenvatinib,pneumonia,58
letrozole,decreased appetite,58
letrozole,neutrophil count decreased,58
levonorgestrel,maternal exposure during pregnancy,58
levothyroxine sodium,neoplasm malignant,58
lisdexamfetamine dimesylate,condition aggravated,58
lorlatinib,cognitive disorder,58
lorlatinib,constipation,58
lorlatinib,dyslipidaemia,58
mepolizumab,abdominal pain,58
mepolizumab,gait disturbance,58
mepolizumab,therapeutic response shortened,58
mesalamine,rash,58
metformin hydrochloride,nasopharyngitis,58
metformin hydrochloride,pruritus,58
methotrexate,bone erosion,58
methotrexate,ear infection,58
methotrexate,hepatotoxicity,58
methotrexate,red blood cell sedimentation rate increased,58
methotrexate sodium,febrile neutropenia,58
methoxy polyethylene glycol-epoetin beta,blood creatinine increased,58
metoprolol,drug ineffective for unapproved indication,58
minoxidil,accidental exposure to product,58
minoxidil,hair growth abnormal,58
mirtazapine,condition aggravated,58
montelukast,asthma,58
morphine sulfate,somnolence,58
mycophenolate mofetil,klebsiella infection,58
mycophenolate mofetil,posterior reversible encephalopathy syndrome,58
mycophenolate mofetil,product prescribing issue,58
natalizumab,confusional state,58
natalizumab,gait inability,58
niraparib,blood pressure increased,58
nitroglycerin,off label use,58
obeticholic acid,product dose omission issue,58
ofatumumab,cognitive disorder,58
ofatumumab,lethargy,58
olanzapine,product use in unapproved indication,58
omalizumab,injection site reaction,58
omalizumab,lower respiratory tract congestion,58
omalizumab,respiratory rate increased,58
omalizumab,syncope,58
onabotulinumtoxina,multiple use of single-use product,58
oxaliplatin,anaphylactic reaction,58
oxycodone hydrochloride,learning disability,58
oxycodone hydrochloride,peripheral swelling,58
oxycodone hydrochloride,sleep disorder,58
oxycodone hydrochloride,synovitis,58
pancrelipase amylase\pancrelipase lipase\pancrelipase protease,sepsis,58
panitumumab,off label use,58
pantoprazole,hypokalaemia,58
parathyroid hormone,drug ineffective,58
pegloticase,gout,58
pembrolizumab,abdominal pain upper,58
perfluorohexyloctane,product knowledge deficit,58
pimavanserin tartrate,joint swelling,58
prednisone,asthma,58
prednisone,malignant neoplasm progression,58
prednisone,therapeutic product effect incomplete,58
pregabalin,abdominal pain upper,58
pregabalin,depressed mood,58
quetiapine,dizziness,58
quetiapine,poisoning deliberate,58
quetiapine fumarate,exposure during pregnancy,58
quetiapine fumarate,maternal exposure during pregnancy,58
relugolix,off label use,58
relugolix,prostatic operation,58
revumenib citrate,fatigue,58
ribociclib,myelosuppression,58
riociguat,diarrhoea,58
risankizumab-rzaa,blood pressure increased,58
risankizumab-rzaa,dyspepsia,58
risankizumab-rzaa,injection site reaction,58
risankizumab-rzaa,neuropathy peripheral,58
risankizumab-rzaa,respiratory disorder,58
rituximab,delirium,58
rituximab,dislocation of vertebra,58
rituximab-pvvr,drug effective for unapproved indication,58
romosozumab-aqqg,injection site swelling,58
rosuvastatin calcium,arthralgia,58
ruxolitinib,amnesia,58
ruxolitinib,heart rate increased,58
ruxolitinib,neutropenia,58
ruxolitinib,vertigo,58
sarilumab,inflammation,58
secukinumab,colitis ulcerative,58
selexipag,fatigue,58
sitagliptin phosphate,product use issue,58
sodium zirconium cyclosilicate,blood potassium increased,58
sonidegib,muscle spasms,58
sparsentan,urine abnormality,58
tacrolimus,escherichia infection,58
tacrolimus,maternal exposure during pregnancy,58
tacrolimus,weight decreased,58
tadalafil,pneumonia,58
tafamidis,fluid retention,58
teduglutide,blood magnesium increased,58
teduglutide,colorectal cancer,58
teduglutide,dermatitis contact,58
teduglutide,duodenitis,58
teduglutide,hypotonia,58
teduglutide,irritable bowel syndrome,58
teduglutide,lactose intolerance,58
teduglutide,prostatomegaly,58
teduglutide,tachycardia,58
teprotumumab-trbw,myalgia,58
teriparatide,device issue,58
testosterone enanthate,product dose omission issue,58
tezepelumab,chronic obstructive pulmonary disease,58
ticagrelor,haemorrhage,58
tigecycline,off label use,58
tioconazole,drug ineffective,58
tipiracil hydrochloride\trifluridine,inappropriate schedule of product administration,58
tirzepatide,aspartate aminotransferase increased,58
tirzepatide,food poisoning,58
tirzepatide,thrombosis,58
tocilizumab,hernia,58
tocilizumab,immunodeficiency,58
tocilizumab,loss of personal independence in daily activities,58
tofacitinib citrate,contusion,58
tofacitinib citrate,dry eye,58
tolvaptan,dry skin,58
tolvaptan,weight decreased,58
tramadol hydrochloride,off label use,58
tramadol hydrochloride,urticaria,58
treprostinil,dry eye,58
treprostinil,gingival bleeding,58
treprostinil,inflammation,58
treprostinil,rib fracture,58
treprostinil,scleroderma,58
upadacitinib,stoma creation,58
valganciclovir,drug resistance,58
vedolizumab,abscess oral,58
vedolizumab,appendicitis perforated,58
vedolizumab,blindness,58
vedolizumab,cystocele,58
vedolizumab,hypoaesthesia oral,58
vedolizumab,renal colic,58
vedolizumab,stoma site abscess,58
velaglucerase alfa,migraine,58
venlafaxine hydrochloride,cardiac failure,58
vonicog alfa,covid-19,58
vonoprazan fumarate,pain,58
zoledronic acid,chest pain,58
.alpha.1-proteinase inhibitor human,laryngitis,57
.alpha.1-proteinase inhibitor human,tooth disorder,57
abaloparatide,discomfort,57
abaloparatide,influenza,57
abatacept,crohn's disease,57
abatacept,inappropriate schedule of product administration,57
abatacept,injection site pain,57
acetaminophen\hydrocodone bitartrate,completed suicide,57
adalimumab,retinitis,57
adalimumab,skin cancer,57
adalimumab-aaty,dizziness,57
adalimumab-adaz,incorrect dose administered,57
adalimumab-adaz,rheumatoid arthritis,57
adalimumab-ryvk,crohn's disease,57
adapalene,condition aggravated,57
adapalene,hypersensitivity,57
alemtuzumab,urinary tract infection,57
alendronate sodium,exostosis,57
alendronic acid,drug intolerance,57
alendronic acid,pemphigus,57
alendronic acid,synovitis,57
alprazolam,pain,57
amifampridine phosphate,drug ineffective,57
amoxicillin,drug-induced liver injury,57
"antihemophilic factor, human recombinant",impaired healing,57
apixaban,thrombocytopenia,57
aripiprazole,underdose,57
atorvastatin,peripheral swelling,57
avapritinib,decreased appetite,57
avutometinib potassium\defactinib hydrochloride,fatigue,57
belimumab,dyspnoea,57
belimumab,pruritus,57
bendamustine,off label use,57
benralizumab,cardiac disorder,57
benralizumab,drug dose omission by device,57
benralizumab,gait disturbance,57
bimekizumab-bkzx,skin lesion,57
bortezomib,pyrexia,57
brexucabtagene autoleucel,squamous cell carcinoma of skin,57
buprenorphine hydrochloride\naloxone hydrochloride,drug abuse,57
bupropion hydrochloride,dizziness,57
bupropion hydrochloride\dextromethorphan hydrobromide,off label use,57
calcium carbonate,depression,57
calcium carbonate,dyspepsia,57
calcium carbonate,pain in extremity,57
calcium oxybate\magnesium oxybate\potassium oxybate\sodium oxybate,anaemia,57
calcium oxybate\magnesium oxybate\potassium oxybate\sodium oxybate,hypotension,57
calcium oxybate\magnesium oxybate\potassium oxybate\sodium oxybate,impaired gastric emptying,57
carbidopa\levodopa,device leakage,57
carbidopa\levodopa,femur fracture,57
carbidopa\levodopa,muscle spasms,57
carbidopa\levodopa,restlessness,57
carboplatin,hypersensitivity,57
celecoxib,adverse drug reaction,57
certolizumab pegol,adjustment disorder with depressed mood,57
certolizumab pegol,bone erosion,57
certolizumab pegol,joint stiffness,57
certolizumab pegol,lupus vulgaris,57
cetirizine hydrochloride,joint swelling,57
cetirizine hydrochloride,maternal exposure during pregnancy,57
cetirizine hydrochloride,muscular weakness,57
ciprofloxacin,condition aggravated,57
clozapine,acute kidney injury,57
collagenase clostridium histolyticum,condition aggravated,57
corticotropin,adverse drug reaction,57
corticotropin,alopecia,57
cyclosporine,renal failure,57
dabrafenib mesylate,nausea,57
dapagliflozin,drug ineffective,57
dapagliflozin,fungal infection,57
denosumab,diarrhoea,57
dexamethasone,respiratory failure,57
diazepam,tachycardia,57
diclofenac sodium,neck pain,57
dinutuximab,diarrhoea,57
dinutuximab,hypomagnesaemia,57
diroximel fumarate,illness,57
diroximel fumarate,urinary tract infection,57
docetaxel,febrile neutropenia,57
dolutegravir sodium\rilpivirine hydrochloride,product dose omission issue,57
dulaglutide,malaise,57
dupilumab,breast cancer female,57
dupilumab,decreased interest,57
dupilumab,emotional distress,57
dupilumab,feeling cold,57
dupilumab,fungal skin infection,57
dupilumab,hand-foot-and-mouth disease,57
durvalumab,febrile neutropenia,57
durvalumab,immune-mediated dermatitis,57
durvalumab,renal failure,57
elexacaftor\ivacaftor\tezacaftor,abdominal pain upper,57
empagliflozin,sepsis,57
erenumab-aooe,constipation,57
esomeprazole,anxiety,57
esomeprazole magnesium,chest pain,57
estradiol,adhesive tape use,57
estradiol,product administration error,57
estradiol\norethindrone acetate,product administered at inappropriate site,57
"estrogens, conjugated",drug ineffective,57
"estrogens, conjugated",memory impairment,57
etanercept,arthropathy,57
etanercept-szzs,nausea,57
etonogestrel,product prescribing issue,57
etrasimod arginine,diarrhoea,57
evolocumab,hypertension,57
evolocumab,injection site discolouration,57
evolocumab,urinary tract infection,57
fenfluramine,medical device battery replacement,57
fenfluramine hydrochloride,therapeutic response decreased,57
ferric maltol,abdominal discomfort,57
finasteride,disturbance in attention,57
fludarabine phosphate,off label use,57
fluticasone propionate,wrong technique in device usage process,57
foscarbidopa\foslevodopa,catheter site related reaction,57
fruquintinib,blister,57
gadobutrol,urticaria,57
givosiran sodium,intentional dose omission,57
guselkumab,liver disorder,57
human c1-esterase inhibitor,back pain,57
human c1-esterase inhibitor,swelling,57
human immunoglobulin g,alanine aminotransferase increased,57
human immunoglobulin g,bedridden,57
human immunoglobulin g,brain oedema,57
human immunoglobulin g,compression fracture,57
human immunoglobulin g,ear discomfort,57
human immunoglobulin g,pulmonary oedema,57
human immunoglobulin g\hyaluronidase (human recombinant),allergic sinusitis,57
human immunoglobulin g\hyaluronidase (human recombinant),conjunctivitis,57
human immunoglobulin g\hyaluronidase (human recombinant),device difficult to use,57
human immunoglobulin g\hyaluronidase (human recombinant),infusion site inflammation,57
human immunoglobulin g\hyaluronidase (human recombinant),pharyngitis,57
ibuprofen,stevens-johnson syndrome,57
icatibant acetate,accident at work,57
icatibant acetate,circumstance or information capable of leading to medication error,57
icatibant acetate,irritability,57
icatibant acetate,pulmonary thrombosis,57
idursulfase,adenovirus infection,57
idursulfase,incorrect drug administration rate,57
infliximab,erythema nodosum,57
infliximab-dyyb,diabetes mellitus,57
infliximab-dyyb,hot flush,57
insulin aspart,glycosylated haemoglobin increased,57
insulin glargine,memory impairment,57
insulin glargine,weight decreased,57
insulin lispro,skin reaction,57
interferon beta-1a,cerebrovascular accident,57
iopromide,oxygen saturation decreased,57
irinotecan,drug ineffective,57
ixekizumab,injection site haemorrhage,57
lanadelumab,contusion,57
lanadelumab,haemorrhage,57
lanadelumab,infusion related reaction,57
lansoprazole,dyspnoea,57
lecanemab-irmb,confusional state,57
leflunomide,peripheral swelling,57
lenalidomide,epistaxis,57
lenvatinib,cholecystitis,57
lenvatinib,pancreatitis,57
levetiracetam,hallucination,57
levofloxacin,pain,57
levonorgestrel,ectopic pregnancy with contraceptive device,57
levonorgestrel,pregnancy after post coital contraception,57
levonorgestrel,vaginal discharge,57
levothyroxine sodium,product dose omission issue,57
lidocaine,off label use,57
lisdexamfetamine dimesylate,off label use,57
lisdexamfetamine dimesylate,palpitations,57
lithium,toxicity to various agents,57
luspatercept-aamt,death,57
macitentan,hypotension,57
maribavir,cytomegalovirus infection,57
maribavir,viral load increased,57
medroxyprogesterone acetate,off label use,57
mepolizumab,dysphonia,57
metformin hydrochloride,blood pressure increased,57
metformin hydrochloride,medication error,57
methotrexate,intentional product misuse,57
methotrexate sodium,abdominal pain,57
methotrexate sodium,myelosuppression,57
methotrexate sodium,pruritus,57
methylphenidate,product ineffective,57
metoprolol,dizziness,57
metronidazole,toxic encephalopathy,57
mirtazapine,suicidal ideation,57
mycophenolate mofetil,bacteraemia,57
mycophenolate sodium,off label use,57
natalizumab,visual impairment,57
nintedanib,nervousness,57
niraparib,renal impairment,57
nivolumab,anaemia,57
ocrelizumab,somnolence,57
ofatumumab,abdominal discomfort,57
ofatumumab,breast cancer,57
ofatumumab,decreased appetite,57
ofatumumab,erythema,57
omalizumab,haemorrhage,57
omalizumab,memory impairment,57
osilodrostat phosphate,asthenia,57
osimertinib,lung neoplasm malignant,57
osimertinib,onychoclasis,57
oxycodone hydrochloride,asthenia,57
oxycodone hydrochloride,hepatic enzyme increased,57
oxycodone hydrochloride,hypoaesthesia,57
oxycodone hydrochloride,intentional product use issue,57
oxycodone hydrochloride,malaise,57
oxycodone hydrochloride,pemphigus,57
paclitaxel,myelosuppression,57
palbociclib,lymphocyte count decreased,57
pancrelipase amylase\pancrelipase lipase\pancrelipase protease,abdominal discomfort,57
pancrelipase amylase\pancrelipase lipase\pancrelipase protease,hernia,57
pancrelipase amylase\pancrelipase lipase\pancrelipase protease,pancreatitis acute,57
parathyroid hormone,incorrect dose administered,57
perfluorohexyloctane,intentional product use issue,57
pomalidomide,adverse drug reaction,57
ponatinib,incorrect dose administered,57
ponatinib,product distribution issue,57
ponatinib,skin discolouration,57
potassium nitrate\sodium fluoride,drug effective for unapproved indication,57
prednisolone,headache,57
prednisolone,neutropenia,57
prednisone,oedema peripheral,57
pregabalin,hallucination,57
pregabalin,lung disorder,57
pregabalin,multiple sclerosis,57
quetiapine,tremor,57
quetiapine fumarate,hypotension,57
quetiapine fumarate,intentional product misuse,57
ravulizumab-cwvz,abdominal pain,57
ravulizumab-cwvz,decreased appetite,57
ravulizumab-cwvz,haematocrit decreased,57
relugolix,blood pressure fluctuation,57
relugolix,rash pruritic,57
ribociclib succinate,hepatic enzyme increased,57
rimegepant sulfate,off label use,57
riociguat,fall,57
risankizumab-rzaa,gastrointestinal scarring,57
rituximab,b-lymphocyte count decreased,57
rituximab,fungal infection,57
rituximab,organising pneumonia,57
rituximab,sinus congestion,57
rituximab,thrombosis,57
rituximab,viral infection,57
rituximab-abbs,blood pressure increased,57
rituximab-pvvr,back pain,57
rituximab-pvvr,drug ineffective,57
romosozumab-aqqg,injection site erythema,57
ruxolitinib,chronic graft versus host disease,57
ruxolitinib,drug effective for unapproved indication,57
ruxolitinib,therapeutic response unexpected,57
ruxolitinib,viral infection,57
sacubitril\valsartan,atrial fibrillation,57
selexipag,cardiac failure,57
semaglutide,hiccups,57
semaglutide,injury associated with device,57
sertraline hydrochloride,fall,57
sertraline hydrochloride,tachycardia,57
sildenafil citrate,headache,57
sofosbuvir\velpatasvir,drug ineffective,57
somatropin,pain,57
somatropin,product administered at inappropriate site,57
sotatercept,pericardial effusion,57
sparsentan,weight decreased,57
tafamidis,weight decreased,57
teduglutide,colitis,57
teduglutide,injection site discolouration,57
teduglutide,nail bed inflammation,57
teduglutide,norovirus infection,57
teduglutide,post procedural haemorrhage,57
teduglutide,skin irritation,57
teduglutide,trismus,57
teduglutide,ulcer haemorrhage,57
teriparatide,injection site pain,57
tezepelumab,pyrexia,57
tirzepatide,amylase increased,57
tirzepatide,infection,57
tirzepatide,wrong patient received product,57
tislelizumab,pneumonia,57
tocilizumab,dental caries,57
tocilizumab,medication error,57
tocilizumab,needle issue,57
tocilizumab,product quality issue,57
tofacitinib citrate,joint stiffness,57
tolvaptan,renal transplant,57
trastuzumab,her2 positive breast cancer,57
treprostinil,acute kidney injury,57
treprostinil,musculoskeletal stiffness,57
treprostinil,pneumonia influenzal,57
treprostinil,septic shock,57
treprostinil sodium,illness,57
triamcinolone acetonide,adverse event,57
triptorelin pamoate,inappropriate schedule of product administration,57
trofinetide,viral infection,57
ublituximab,multiple sclerosis relapse,57
upadacitinib,meniscus injury,57
upadacitinib,oral herpes,57
upadacitinib,white blood cell count decreased,57
valbenazine ditosylate,somnolence,57
valproic acid,product use in unapproved indication,57
vedolizumab,anorectal disorder,57
vedolizumab,emotional disorder,57
vedolizumab,internal haemorrhage,57
vedolizumab,microcytic anaemia,57
vedolizumab,wound infection,57
velaglucerase alfa,anaemia,57
velaglucerase alfa,circumstance or information capable of leading to medication error,57
vibegron,urinary incontinence,57
vonicog alfa,asthenia,57
zuranolone,anxiety,57
.alpha.1-proteinase inhibitor human,intestinal obstruction,56
.alpha.1-proteinase inhibitor human,road traffic accident,56
abaloparatide,upper limb fracture,56
abatacept,rectal haemorrhage,56
acetaminophen,product administration error,56
acetaminophen,renal failure,56
adalimumab,abortion spontaneous,56
adalimumab,diplopia,56
adalimumab,haemoglobin decreased,56
adalimumab,joint injury,56
adalimumab-aaty,diarrhoea,56
adalimumab-aaty,hospitalisation,56
albuterol,drug intolerance,56
alendronic acid,hypoaesthesia,56
alendronic acid,nasopharyngitis,56
ambrisentan,adverse event,56
amifampridine phosphate,fall,56
anastrozole,vomiting,56
"antihemophilic factor, human recombinant",eye swelling,56
"antihemophilic factor, human recombinant",muscle injury,56
apixaban,illness,56
apixaban,myocardial infarction,56
aripiprazole,foetal exposure during pregnancy,56
asfotase alfa,feeling abnormal,56
atezolizumab,constipation,56
atezolizumab,hepatic function abnormal,56
atezolizumab,neuropathy peripheral,56
atezolizumab,pruritus,56
avatrombopag maleate,platelet count increased,56
benralizumab,peripheral swelling,56
benralizumab,thrombosis,56
bimekizumab,cellulitis,56
bimekizumab-bkzx,device leakage,56
brigatinib,non-small cell lung cancer,56
brigatinib,oral herpes,56
brodalumab,disease recurrence,56
budesonide,chest discomfort,56
budesonide\formoterol fumarate dihydrate,influenza,56
budesonide\formoterol\glycopyrrolate,chest discomfort,56
buprenorphine,wrong technique in product usage process,56
buprenorphine hydrochloride,overdose,56
bupropion,cardiogenic shock,56
bupropion hydrochloride\naltrexone hydrochloride,malaise,56
burosumab-twza,product dose omission issue,56
calcium carbonate,breast cancer stage iii,56
calcium carbonate,c-reactive protein increased,56
calcium carbonate,hypercholesterolaemia,56
calcium chloride\icodextrin\magnesium chloride\sodium chloride\sodium lactate,peritoneal cloudy effluent,56
calcium oxybate\magnesium oxybate\potassium oxybate\sodium oxybate,hallucination,56
carboplatin,anaphylactic shock,56
carboplatin,headache,56
carboplatin,malaise,56
celecoxib,pregnancy,56
cenegermin-bkbj,eyelid irritation,56
certolizumab pegol,gastrooesophageal reflux disease,56
certolizumab pegol,neck pain,56
cetirizine hydrochloride,confusional state,56
chlorhexidine gluconate\isopropyl alcohol,device breakage,56
cilastatin sodium\imipenem,epilepsy,56
ciprofloxacin,asthenia,56
ciprofloxacin,palpitations,56
cladribine,weight decreased,56
clascoterone,product dose omission issue,56
clopidogrel bisulfate,subdural haematoma,56
clozapine,abdominal pain,56
clozapine,pneumonia aspiration,56
corticotropin,skin discolouration,56
cyclosporine,bk virus infection,56
cyclosporine,posterior reversible encephalopathy syndrome,56
dapagliflozin,gait disturbance,56
daprodustat,haemoglobin decreased,56
deutetrabenazine,product dose omission issue,56
dextroamphetamine,application site pain,56
diazepam,hypotension,56
diclofenac,lip dry,56
diclofenac,oedema peripheral,56
diclofenac sodium,live birth,56
diclofenac sodium,migraine,56
dinutuximab,face oedema,56
diroximel fumarate,cognitive disorder,56
duloxetine hydrochloride,nausea,56
dupilumab,blood potassium decreased,56
dupilumab,diplopia,56
dupilumab,eructation,56
dupilumab,intervertebral disc protrusion,56
dupilumab,muscle strain,56
durvalumab,renal impairment,56
elacestrant,arthralgia,56
enzalutamide,pain,56
epcoritamab-bysp,hypogammaglobulinaemia,56
esomeprazole,drug interaction,56
estradiol,dizziness,56
evolocumab,muscular weakness,56
ezetimibe,dizziness,56
faricimab-svoa,vitritis,56
fenfluramine,pulmonary arterial pressure increased,56
fenfluramine,right ventricular dysfunction,56
fenfluramine,speech disorder,56
fentanyl,drug withdrawal syndrome,56
ferric maltol,diarrhoea,56
ferric maltol,nausea,56
fluorouracil,thrombocytopenia,56
fluoxetine hydrochloride,completed suicide,56
foscarbidopa\foslevodopa,mental disorder,56
gabapentin,depression,56
gabapentin,malaise,56
gabapentin,memory impairment,56
gabapentin,paraesthesia,56
gabapentin,peripheral swelling,56
gabapentin,rash,56
gadobutrol,pruritus,56
gilteritinib,pneumonia,56
golimumab,nausea,56
guselkumab,liquid product physical issue,56
guselkumab,product label issue,56
human immunoglobulin g,aphasia,56
human immunoglobulin g,coeliac disease,56
human immunoglobulin g,feeling jittery,56
human immunoglobulin g,incorrect dosage administered,56
human immunoglobulin g,red blood cell sedimentation rate increased,56
human immunoglobulin g,vaginal haemorrhage,56
human immunoglobulin g\hyaluronidase (human recombinant),application site erythema,56
human immunoglobulin g\hyaluronidase (human recombinant),eye pruritus,56
human immunoglobulin g\hyaluronidase (human recombinant),haemoglobin decreased,56
human immunoglobulin g\hyaluronidase (human recombinant),wheezing,56
ibrutinib,cataract,56
icatibant acetate,arthropod sting,56
icatibant acetate,cardiac disorder,56
icatibant acetate,feeling of despair,56
icatibant acetate,tooth abscess,56
idursulfase,adenoidal hypertrophy,56
idursulfase,rash papular,56
idursulfase,tooth avulsion,56
imatinib,vomiting,56
infliximab,drug specific antibody,56
infliximab,postoperative wound infection,56
infliximab,salmonellosis,56
infliximab,skin lesion,56
infliximab-dyyb,eye infection,56
infliximab-dyyb,tooth abscess,56
insulin aspart,death,56
insulin aspart,vomiting,56
insulin degludec,blood glucose decreased,56
insulin lispro,hyperglycaemia,56
insulin lispro,memory impairment,56
interferon beta-1a,pyrexia,56
iohexol,vomiting,56
ipilimumab,immune-mediated adrenal insufficiency,56
ipilimumab,immune-mediated myocarditis,56
irinotecan hydrochloride,abdominal pain,56
ixazomib,dry eye,56
ixazomib,thrombocytopenia,56
ixekizumab,illness,56
lamivudine,virologic failure,56
lamotrigine,asthenia,56
lanadelumab,infusion site pain,56
lanreotide acetate,flushing,56
lansoprazole,abdominal pain upper,56
lecanemab-irmb,fall,56
leflunomide,arthropathy,56
lenalidomide,toxicity to various agents,56
letrozole,metastases to liver,56
levetiracetam,balance disorder,56
levetiracetam,premature baby,56
levonorgestrel,abdominal pain upper,56
levonorgestrel,pain,56
levothyroxine sodium,drug hypersensitivity,56
lisdexamfetamine dimesylate,nausea,56
medroxyprogesterone acetate,needle issue,56
metformin hydrochloride,hepatic cytolysis,56
metformin hydrochloride,hypocalcaemia,56
metformin hydrochloride,maternal exposure during pregnancy,56
metformin hydrochloride,septic shock,56
metformin hydrochloride\sitagliptin phosphate,product dose omission issue,56
methotrexate,breast cancer stage iii,56
methotrexate,live birth,56
methotrexate,oxygen saturation decreased,56
methotrexate,renal impairment,56
methylprednisolone sodium succinate,drug ineffective for unapproved indication,56
metoprolol,foetal exposure during pregnancy,56
momelotinib,drug ineffective,56
mycophenolate mofetil,diabetes mellitus,56
nilotinib,vomiting,56
nintedanib,drug ineffective,56
nintedanib,memory impairment,56
obeticholic acid,hepatic fibrosis,56
ocrelizumab,sars-cov-2 test positive,56
ocrelizumab,urticaria,56
ofatumumab,viral infection,56
olanzapine,rhabdomyolysis,56
omalizumab,diabetes mellitus,56
omalizumab,oxygen saturation decreased,56
osimertinib,cardiac disorder,56
osimertinib,pericardial effusion,56
oxaliplatin,anaemia,56
oxycodone hydrochloride,alopecia,56
oxycodone hydrochloride,impaired healing,56
oxycodone hydrochloride,miosis,56
oxycodone hydrochloride,stomatitis,56
oxycodone hydrochloride,weight decreased,56
ozanimod hydrochloride,drug ineffective,56
paclitaxel,chest pain,56
palbociclib,dysphonia,56
palbociclib,white blood cell count abnormal,56
paliperidone palmitate,"hallucination, auditory",56
panitumumab,skin toxicity,56
pembrolizumab,aspartate aminotransferase increased,56
pemetrexed,thrombocytopenia,56
pexidartinib hydrochloride,constipation,56
pimavanserin tartrate,abdominal discomfort,56
pirfenidone,dyspnoea,56
pirfenidone,off label use,56
pomalidomide,hypotension,56
pomalidomide,oedema,56
ponatinib,cataract,56
ponatinib,thrombocytopenia,56
prednisone,colitis,56
prednisone,toxicity to various agents,56
propranolol hydrochloride,cough,56
quetiapine,agitation,56
quetiapine,insomnia,56
ravulizumab-cwvz,hypoaesthesia,56
regorafenib monohydrate,incorrect dose administered,56
relugolix,vision blurred,56
ribociclib,breast cancer metastatic,56
ribociclib,dizziness,56
ribociclib succinate,alanine aminotransferase increased,56
rilpivirine,blood hiv rna increased,56
risankizumab-rzaa,nerve compression,56
risankizumab-rzaa,small intestinal resection,56
risankizumab-rzaa,tendon rupture,56
risankizumab-rzaa,tooth extraction,56
risperidone,dystonia,56
rituximab,rheumatoid factor positive,56
rituximab-abbs,fatigue,56
rituximab-pvvr,heart rate decreased,56
rivaroxaban,nausea,56
romosozumab-aqqg,fatigue,56
romosozumab-aqqg,therapy interrupted,56
rosuvastatin,pneumonia,56
ruxolitinib,discomfort,56
ruxolitinib,white blood cell count abnormal,56
ruxolitinib phosphate,vitiligo,56
sacituzumab govitecan-hziy,neutrophil count decreased,56
sacubitril\valsartan,hypertension,56
sacubitril\valsartan,syncope,56
sarilumab,influenza,56
sarilumab,oropharyngeal pain,56
sarilumab,sinusitis,56
sarilumab,stomatitis,56
sarilumab,therapeutic product effect decreased,56
secukinumab,burning sensation,56
secukinumab,myalgia,56
semaglutide,blood cholesterol increased,56
semaglutide,bowel movement irregularity,56
semaglutide,gastroenteritis viral,56
semaglutide,hyperphagia,56
semaglutide,tachycardia,56
sertraline hydrochloride,dyspnoea,56
somatropin,illness,56
somatropin,pain in extremity,56
somatropin,pneumonia,56
sulfamethoxazole\trimethoprim,condition aggravated,56
suzetrigine,paraesthesia,56
tacrolimus,immunosuppressant drug level decreased,56
tadalafil,malaise,56
talquetamab-tgvs,immune effector cell-associated neurotoxicity syndrome,56
teduglutide,blood iron abnormal,56
teduglutide,dysbiosis,56
teduglutide,hydronephrosis,56
teduglutide,increased tendency to bruise,56
teduglutide,nutritional condition abnormal,56
teduglutide,product administered at inappropriate site,56
teduglutide,product physical issue,56
teduglutide,rectal discharge,56
teduglutide,skin induration,56
teduglutide,urethral stenosis,56
tenapanor hydrochloride,nausea,56
tenofovir disoproxil fumarate,osteopenia,56
tirzepatide,neoplasm malignant,56
tirzepatide,skin burning sensation,56
tocilizumab,autoimmune disorder,56
tocilizumab,blood iron decreased,56
tocilizumab,hyperhidrosis,56
tocilizumab,investigation abnormal,56
tralokinumab-ldrm,dry skin,56
tramadol,tachycardia,56
tramadol hydrochloride,fatigue,56
treprostinil,exposure via skin contact,56
treprostinil,hypoaesthesia oral,56
treprostinil,lacrimation increased,56
treprostinil,mouth haemorrhage,56
treprostinil,muscle strain,56
treprostinil,night sweats,56
treprostinil,osteoporosis,56
treprostinil,pulmonary thrombosis,56
treprostinil,walking distance test abnormal,56
treprostinil sodium,back pain,56
treprostinil sodium,heart rate increased,56
trofinetide,nausea,56
tucatinib,death,56
upadacitinib,kidney infection,56
upadacitinib,spinal fusion surgery,56
valbenazine ditosylate,drooling,56
valganciclovir hydrochloride,off label use,56
vamorolone,asthenia,56
vedolizumab,animal bite,56
vedolizumab,atypical pneumonia,56
vedolizumab,hepatic infection,56
vedolizumab,immune-mediated enterocolitis,56
vedolizumab,large intestine infection,56
vedolizumab,ophthalmic migraine,56
vedolizumab,squamous cell carcinoma of skin,56
vedolizumab,tuberculosis,56
vedolizumab,weight gain poor,56
velaglucerase alfa,body height decreased,56
velaglucerase alfa,constipation,56
venetoclax,acute myeloid leukaemia recurrent,56
venetoclax,blood creatinine increased,56
venetoclax,neoplasm malignant,56
venetoclax,pain in extremity,56
venlafaxine hydrochloride,poisoning deliberate,56
vibegron,pollakiuria,56
vigabatrin,vomiting,56
vimseltinib,periorbital swelling,56
vonicog alfa,off label use,56
vonoprazan fumarate,abdominal distension,56
zanubrutinib,rash,56
zolbetuximab-clzb,neutrophil count decreased,56
zoledronic acid,product use in unapproved indication,56
.alpha.1-proteinase inhibitor human,pneumonia bacterial,55
.alpha.1-proteinase inhibitor human,product use in unapproved indication,55
abaloparatide,erythema,55
abaloparatide,gastrooesophageal reflux disease,55
abemaciclib,haemoglobin decreased,55
acalabrutinib,cardiac disorder,55
acalabrutinib,rash,55
acetaminophen,cholestasis,55
acetaminophen,hyperhidrosis,55
acyclovir,condition aggravated,55
adalimumab,burning sensation,55
adalimumab,inflammatory bowel disease,55
adalimumab,polyarthritis,55
adalimumab,renal disorder,55
adalimumab,spinal fusion surgery,55
adalimumab,tendon rupture,55
adalimumab-fkjp,circumstance or information capable of leading to medication error,55
alendronate sodium,liver function test increased,55
alendronic acid,arthropathy,55
alendronic acid,musculoskeletal stiffness,55
amikacin,chest pain,55
amlodipine besylate,confusional state,55
amphetamine aspartate\amphetamine sulfate\dextroamphetamine saccharate\dextroamphetamine sulfate,product availability issue,55
anastrozole,drug ineffective,55
antihemophilic factor human,muscle injury,55
"antihemophilic factor, human recombinant",dehydration,55
"antihemophilic factor, human recombinant",procedural pain,55
"antihemophilic factor, human recombinant",skin discolouration,55
apixaban,acute kidney injury,55
atogepant,nausea,55
atorvastatin,gastrooesophageal reflux disease,55
atorvastatin calcium,off label use,55
avacopan,covid-19,55
baricitinib,off label use,55
belatacept,product storage error,55
benralizumab,urticaria,55
bevacizumab,arthralgia,55
bevacizumab,endophthalmitis,55
bimekizumab,product distribution issue,55
bremelanotide acetate,headache,55
brigatinib,dehydration,55
brigatinib,gastrointestinal disorder,55
brigatinib,haemoptysis,55
brigatinib,urticaria,55
budesonide,alopecia,55
budesonide\formoterol fumarate dihydrate,visual impairment,55
bupropion hydrochloride\naltrexone hydrochloride,abdominal discomfort,55
cabotegravir\rilpivirine,viral mutation identified,55
calcium carbonate,migraine,55
calcium carbonate,muscular weakness,55
calcium oxybate\magnesium oxybate\potassium oxybate\sodium oxybate,diabetes mellitus,55
calcium oxybate\magnesium oxybate\potassium oxybate\sodium oxybate,myalgia,55
calcium oxybate\magnesium oxybate\potassium oxybate\sodium oxybate,sinusitis,55
cannabidiol,atonic seizures,55
cannabidiol,lethargy,55
carbamazepine,condition aggravated,55
carboplatin,pleural effusion,55
cariprazine,tardive dyskinesia,55
cetirizine hydrochloride,glossodynia,55
cetirizine hydrochloride,nasopharyngitis,55
ciltacabtagene autoleucel,bell's palsy,55
clopidogrel bisulfate,dizziness,55
clopidogrel bisulfate,gastrooesophageal reflux disease,55
clozapine,agitation,55
clozapine,cardiac failure,55
clozapine,dementia,55
clozapine,inflammation,55
clozapine,pericardial effusion,55
colchicine,drug ineffective for unapproved indication,55
collagenase clostridium histolyticum,penile contusion,55
conestat alfa,vascular access site complication,55
cyclosporine,platelet count decreased,55
cytarabine\daunorubicin,death,55
dapagliflozin,urinary retention,55
dapagliflozin propanediol,pollakiuria,55
dapsone,no adverse event,55
darolutamide,neuropathy peripheral,55
denosumab,bone giant cell tumour,55
dexamethasone,constipation,55
diclofenac,rheumatoid factor positive,55
diclofenac,weight decreased,55
diclofenac sodium,memory impairment,55
diclofenac sodium,product dose omission issue,55
diroximel fumarate,depression,55
donanemab-azbt,chills,55
dupilumab,blood iron decreased,55
dupilumab,device malfunction,55
dupilumab,eyelid exfoliation,55
dupilumab,glycosylated haemoglobin increased,55
dupilumab,norovirus infection,55
dupilumab,papule,55
dupilumab,periorbital irritation,55
dupilumab,poor quality product administered,55
dupilumab,skin hypertrophy,55
dupilumab,tendonitis,55
dupilumab,transient ischaemic attack,55
durvalumab,drug ineffective,55
durvalumab,pulmonary toxicity,55
elacestrant,asthenia,55
elexacaftor\ivacaftor\tezacaftor,lower respiratory tract infection,55
emicizumab-kxwh,joint swelling,55
enfortumab vedotin-ejfv,blood pressure systolic increased,55
enfortumab vedotin-ejfv,oedema peripheral,55
epcoritamab,diffuse large b-cell lymphoma,55
eptinezumab-jjmr,hypersensitivity,55
erenumab-aooe,injury associated with device,55
erenumab-aooe,maternal exposure during pregnancy,55
esomeprazole magnesium,intentional product use issue,55
"estrogens, conjugated",feeling abnormal,55
etanercept,device malfunction,55
ethinyl estradiol\norelgestromin,wrong technique in product usage process,55
ezetimibe,pain in extremity,55
fam-trastuzumab deruxtecan-nxki,drug ineffective,55
fam-trastuzumab deruxtecan-nxki,pneumonia,55
fenfluramine,abdominal pain upper,55
fenfluramine,heart rate increased,55
fenfluramine,hypotension,55
fenfluramine,muscle spasms,55
fingolimod hydrochloride,headache,55
fingolimod hydrochloride,multiple sclerosis,55
fluoxetine hydrochloride,depression,55
fluticasone furoate\vilanterol trifenatate,off label use,55
fluticasone propionate,wrong technique in product usage process,55
fluticasone propionate\salmeterol xinafoate,incorrect dose administered,55
fluticasone propionate\salmeterol xinafoate,pneumonia,55
foscarbidopa\foslevodopa,cellulitis,55
gabapentin,abdominal pain,55
gabapentin,balance disorder,55
gabapentin,neuropathy peripheral,55
gabapentin,respiratory depression,55
galcanezumab-gnlm,fatigue,55
galcanezumab-gnlm,therapeutic response shortened,55
gilteritinib,platelet count decreased,55
glatiramer acetate,device difficult to use,55
glatiramer acetate,injection site bruising,55
glycopyrrolate,stress cardiomyopathy,55
golimumab,hypertension,55
guselkumab,dizziness,55
human immunoglobulin g,clostridium difficile colitis,55
human immunoglobulin g,dermatomyositis,55
human immunoglobulin g,electrocardiogram abnormal,55
human immunoglobulin g,gastric ulcer,55
human immunoglobulin g,glaucoma,55
human immunoglobulin g,hepatic mass,55
human immunoglobulin g,mycotic allergy,55
human immunoglobulin g,skin burning sensation,55
human immunoglobulin g,smoke sensitivity,55
human immunoglobulin g,squamous cell carcinoma of skin,55
human immunoglobulin g\hyaluronidase (human recombinant),confusional state,55
human immunoglobulin g\hyaluronidase (human recombinant),dysuria,55
human immunoglobulin g\hyaluronidase (human recombinant),haematological infection,55
human immunoglobulin g\hyaluronidase (human recombinant),infusion site irritation,55
human immunoglobulin g\hyaluronidase (human recombinant),product supply issue,55
human immunoglobulin g\hyaluronidase (human recombinant),rash pruritic,55
hydrocortisone acetate\pramoxine hydrochloride,device delivery system issue,55
ibuprofen,duodenal ulcer,55
icatibant acetate,menopausal symptoms,55
icatibant acetate,tooth disorder,55
idursulfase,ankle fracture,55
idursulfase,catheter site vesicles,55
idursulfase,deafness neurosensory,55
idursulfase,dental fistula,55
idursulfase,enteritis,55
idursulfase,extra dose administered,55
idursulfase,food intolerance,55
idursulfase,panic attack,55
idursulfase,tissue infiltration,55
iloprost,death,55
imatinib,chronic myeloid leukaemia,55
inclisiran sodium,diarrhoea,55
inclisiran sodium,injection site erythema,55
inclisiran sodium,muscle spasms,55
infliximab,impaired healing,55
infliximab,mobility decreased,55
infliximab-abda,fatigue,55
insulin detemir,blood glucose increased,55
insulin glargine,discomfort,55
insulin lispro,hyperhidrosis,55
interferon beta-1a,death,55
iopromide,erythema,55
ipilimumab,immune-mediated hepatitis,55
irinotecan hydrochloride,decreased appetite,55
irinotecan hydrochloride,neutropenia,55
ixazomib,blood pressure decreased,55
ixazomib,brain fog,55
ixazomib,chills,55
ixazomib,herpes zoster,55
lanadelumab,wrong technique in product usage process,55
lanreotide acetate,abdominal discomfort,55
lansoprazole,drug interaction,55
lenalidomide,dysphagia,55
lenalidomide,sleep disorder,55
lenvatinib,hepatic enzyme increased,55
letrozole,urinary tract infection,55
leuprolide acetate,decreased appetite,55
levetiracetam,petit mal epilepsy,55
levetiracetam,thrombocytopenia,55
levodopa,cough,55
levonorgestrel,post procedural haemorrhage,55
levothyroxine sodium,fall,55
levothyroxine sodium,hypertension,55
liraglutide,blood glucose increased,55
liraglutide,impaired gastric emptying,55
lisinopril,drug ineffective,55
lorazepam,intentional overdose,55
lorlatinib,dizziness,55
meropenem,off label use,55
metformin hydrochloride,ketoacidosis,55
metformin hydrochloride,product use in unapproved indication,55
methotrexate,oral herpes,55
methotrexate,staphylococcal infection,55
methotrexate,uveitis,55
metronidazole,product use in unapproved indication,55
mirtazapine,confusional state,55
montelukast,nightmare,55
naltrexone,injection site mass,55
naproxen,abdominal pain upper,55
natalizumab,muscle spasms,55
natalizumab,pyrexia,55
nemolizumab-ilto,nausea,55
nicotine,dizziness,55
norgestrel,adverse drug reaction,55
norgestrel,weight increased,55
obeticholic acid,death,55
obeticholic acid,drug ineffective,55
ocrelizumab,blood pressure increased,55
ocrelizumab,neck pain,55
ofatumumab,urticaria,55
olanzapine,insomnia,55
olanzapine,pneumonia,55
omadacycline,off label use,55
omalizumab,ear infection,55
omalizumab,nasal polyps,55
omalizumab,thrombosis,55
osimertinib,deep vein thrombosis,55
osimertinib,dementia,55
osimertinib,pneumonitis,55
osimertinib,pulmonary embolism,55
oxycodone hydrochloride,decreased appetite,55
oxycodone hydrochloride,pericarditis,55
oxycodone hydrochloride,victim of homicide,55
paclitaxel,dizziness,55
paclitaxel,hepatic cytolysis,55
palbociclib,hepatic steatosis,55
palovarotene,condition aggravated,55
pantoprazole sodium,drug ineffective,55
peanut,vomiting,55
pegfilgrastim,needle issue,55
pembrolizumab,alanine aminotransferase increased,55
pembrolizumab,altered state of consciousness,55
pexidartinib hydrochloride,headache,55
polatuzumab vedotin,pyrexia,55
pomalidomide,anaemia,55
pomalidomide,chills,55
pomalidomide,swelling,55
pomalidomide,weight increased,55
prednisone,wheezing,55
pregabalin,delirium,55
quetiapine fumarate,hypersensitivity,55
ravulizumab-cwvz,chest pain,55
relugolix,ageusia,55
relugolix,oropharyngeal pain,55
relugolix,sciatica,55
relugolix,urine flow decreased,55
resmetirom,vomiting,55
revumenib citrate,vomiting,55
ribociclib,haemoglobin decreased,55
rilpivirine,exposure during pregnancy,55
rilpivirine,product complaint,55
ripretinib,disease progression,55
ripretinib,extra dose administered,55
ripretinib,neoplasm progression,55
risankizumab-rzaa,disability,55
risankizumab-rzaa,foot fracture,55
risankizumab-rzaa,rash pruritic,55
risdiplam,pyrexia,55
risperidone,incorrect dose administered,55
risperidone,insomnia,55
rituximab,breast cancer stage iii,55
rituximab,hot flush,55
rituximab,joint stiffness,55
rituximab,post transplant lymphoproliferative disorder,55
romosozumab-aqqg,fracture,55
rotigotine,therapy interrupted,55
ruxolitinib,blood urine present,55
ruxolitinib,oedema peripheral,55
ruxolitinib,tooth disorder,55
sarilumab,contraindicated product administered,55
sarilumab,urticaria,55
secukinumab,oedema peripheral,55
secukinumab,visual impairment,55
selinexor,dizziness,55
selumetinib,off label use,55
semaglutide,deep vein thrombosis,55
semaglutide,depressed mood,55
semaglutide,influenza like illness,55
semaglutide,overdose,55
sodium oxybate,abnormal sleep-related event,55
sodium oxybate,confusional state,55
somatropin,nausea,55
sotorasib,death,55
spironolactone,hyponatraemia,55
tacrolimus,therapy non-responder,55
teduglutide,intestinal ulcer,55
teduglutide,lip swelling,55
teduglutide,muscle atrophy,55
teduglutide,urine output fluctuation,55
tezepelumab,chest discomfort,55
tezepelumab,product dose omission issue,55
tirzepatide,cardiac disorder,55
tirzepatide,intercepted product prescribing error,55
tofacitinib citrate,fibromyalgia,55
tofacitinib citrate,sleep disorder,55
tolvaptan,therapy interrupted,55
tramadol hydrochloride,wheezing,55
treprostinil,irritability,55
treprostinil,maternal exposure during pregnancy,55
treprostinil,n-terminal prohormone brain natriuretic peptide increased,55
treprostinil,product adhesion issue,55
treprostinil,staphylococcal infection,55
upadacitinib,intestinal perforation,55
upadacitinib,neck surgery,55
upadacitinib,spinal fracture,55
upadacitinib,vitreous floaters,55
ustekinumab,dyspnoea,55
valsartan,pain,55
vancomycin,nephropathy toxic,55
vedolizumab,blood electrolytes abnormal,55
vedolizumab,c-reactive protein increased,55
vedolizumab,cardiac valve disease,55
vedolizumab,delirium,55
vedolizumab,intestinal metaplasia,55
vedolizumab,menstruation irregular,55
vedolizumab,mood altered,55
vedolizumab,oesophageal candidiasis,55
vedolizumab,pulmonary fibrosis,55
vedolizumab,renal mass,55
vedolizumab,seasonal allergy,55
vedolizumab,vitamin b12 deficiency,55
velaglucerase alfa,peripheral swelling,55
venetoclax,chronic lymphocytic leukaemia,55
venlafaxine hydrochloride,intentional product misuse,55
.alpha.1-proteinase inhibitor human,feeding disorder,54
.alpha.1-proteinase inhibitor human,pleural effusion,54
abaloparatide,hypoacusis,54
abaloparatide,injection site pruritus,54
abaloparatide,paraesthesia,54
abatacept,hepatitis,54
abatacept,injection site bruising,54
abatacept,injection site haemorrhage,54
abatacept,skin burning sensation,54
aceclidine hydrochloride,visual impairment,54
acetaminophen,anaemia,54
acetaminophen,mental status changes,54
adalimumab,adverse reaction,54
adalimumab,ear pain,54
adalimumab,skin lesion,54
adalimumab-adaz,back pain,54
adalimumab-adaz,circumstance or information capable of leading to device use error,54
adalimumab-adaz,illness,54
adalimumab-adaz,psoriatic arthropathy,54
adalimumab-atto,device difficult to use,54
alendronate sodium,incorrect route of product administration,54
alendronate sodium,retinitis,54
alendronic acid,folliculitis,54
alendronic acid,general physical health deterioration,54
alendronic acid,peripheral swelling,54
alendronic acid,wound,54
ambrisentan,fall,54
ambrisentan,product dose omission issue,54
amifampridine phosphate,paraesthesia oral,54
amikacin,insurance issue,54
amlodipine besylate,arthralgia,54
amlodipine besylate,inappropriate schedule of product administration,54
amlodipine besylate,medication error,54
amlodipine besylate,syncope,54
"antihemophilic factor, human recombinant",viral infection,54
apixaban,haematochezia,54
apixaban,haematoma,54
apixaban,medication error,54
apremilast,decreased appetite,54
aripiprazole,constipation,54
asfotase alfa,injection site mass,54
asfotase alfa,vitamin b6 decreased,54
atezolizumab,febrile neutropenia,54
atogepant,fatigue,54
atorvastatin,chest pain,54
avacopan,diarrhoea,54
azithromycin,drug resistance,54
belimumab,sinusitis,54
belimumab,stress,54
benralizumab,device issue,54
benralizumab,eosinophilic granulomatosis with polyangiitis,54
benralizumab,feeling abnormal,54
benralizumab,rash,54
benzonatate,toxicity to various agents,54
bimatoprost,no adverse event,54
bimekizumab-bkzx,eczema,54
bimekizumab-bkzx,peripheral swelling,54
bisoprolol,bradycardia,54
bortezomib,product use in unapproved indication,54
brentuximab vedotin,neuropathy peripheral,54
brimonidine tartrate,product quality issue,54
budesonide,productive cough,54
budesonide\formoterol\glycopyrrolate,covid-19,54
bupropion hydrochloride\naltrexone hydrochloride,drug ineffective,54
busulfan,mucosal inflammation,54
cabotegravir,drug ineffective,54
cabozantinib s-malate,oropharyngeal pain,54
calcium carbonate,autoimmune disorder,54
calcium carbonate,facet joint syndrome,54
calcium carbonate,sciatica,54
calcium chloride\dextrose\magnesium chloride\sodium chloride\sodium lactate,inadequate peritoneal dialysis,54
calcium oxybate\magnesium oxybate\potassium oxybate\sodium oxybate,amnesia,54
canakinumab,inappropriate schedule of product administration,54
capivasertib,dehydration,54
capsaicin,feeling hot,54
carbidopa\levodopa,respiratory tract infection,54
carbidopa\levodopa,stoma site hypergranulation,54
carboplatin,haematotoxicity,54
carboplatin,skin toxicity,54
cedazuridine\decitabine,inappropriate schedule of product administration,54
certolizumab pegol,red blood cell sedimentation rate increased,54
certolizumab pegol,visual impairment,54
cetirizine hydrochloride,hypertension,54
ciclesonide,wheezing,54
cisplatin,product use in unapproved indication,54
cladribine,fall,54
cladribine,nasopharyngitis,54
clopidogrel bisulfate,nausea,54
clozapine,intentional product misuse,54
copper,laparotomy,54
corticotropin,heart rate increased,54
corticotropin,hyperhidrosis,54
cyclophosphamide,dysphagia,54
cyclosporine,septic shock,54
dabrafenib,pyrexia,54
dapagliflozin,fournier's gangrene,54
dapagliflozin propanediol,asthenia,54
dapagliflozin propanediol,pruritus,54
denosumab,myelosuppression,54
dexamethasone,cytokine release syndrome,54
diazepam,suicide attempt,54
diclofenac sodium,abdominal pain,54
docetaxel,erythema,54
docetaxel,pyrexia,54
doxazosin mesylate,syncope,54
dulaglutide,headache,54
dupilumab,cardiac operation,54
dupilumab,hip arthroplasty,54
dupilumab,macular degeneration,54
dupilumab,mouth ulceration,54
dupilumab,nerve compression,54
dupilumab,quality of life decreased,54
dupilumab,tenderness,54
dupilumab,unintentional use for unapproved indication,54
efmoroctocog alfa,arthralgia,54
elafibranor,pruritus,54
elexacaftor\ivacaftor\tezacaftor,productive cough,54
encorafenib,blood creatine phosphokinase increased,54
encorafenib,vomiting,54
enfortumab vedotin-ejfv,febrile neutropenia,54
epinephrine,product colour issue,54
esketamine,oxygen saturation abnormal,54
esketamine,seizure,54
esomeprazole magnesium,rash,54
"estrogens, conjugated",fatigue,54
etanercept-szzs,asthenia,54
etanercept-szzs,nasopharyngitis,54
etonogestrel,dysmenorrhoea,54
everolimus,diarrhoea,54
fenfluramine,abnormal behaviour,54
fenfluramine,bronchitis,54
fenfluramine hydrochloride,dizziness,54
ferric carboxymaltose,maternal exposure during pregnancy,54
ferric maltol,treatment noncompliance,54
fexofenadine hydrochloride,urticaria,54
fluoxetine hydrochloride,drug abuse,54
fluticasone furoate\umeclidinium bromide\vilanterol trifenatate,hospitalisation,54
foscarbidopa\foslevodopa,muscle spasms,54
fulvestrant,urinary tract infection,54
fulvestrant,white blood cell count decreased,54
givosiran sodium,hospitalisation,54
human immunoglobulin g,addison's disease,54
human immunoglobulin g,aspartate aminotransferase increased,54
human immunoglobulin g,bone disorder,54
human immunoglobulin g,craniocerebral injury,54
human immunoglobulin g,meningitis,54
human immunoglobulin g\hyaluronidase (human recombinant),cardiac failure congestive,54
human immunoglobulin g\hyaluronidase (human recombinant),chronic sinusitis,54
human immunoglobulin g\hyaluronidase (human recombinant),panic attack,54
ibrutinib,cardiac disorder,54
ibrutinib,dyspnoea,54
ibrutinib,platelet count decreased,54
ibuprofen,haematemesis,54
icatibant acetate,bedridden,54
icatibant acetate,ear infection,54
idursulfase,animal bite,54
idursulfase,food poisoning,54
idursulfase,lip swelling,54
idursulfase,road traffic accident,54
incobotulinumtoxina,overdose,54
infliximab-abda,crohn's disease,54
infliximab-dyyb,throat irritation,54
infliximab-dyyb,tooth extraction,54
insulin degludec,fall,54
interferon beta-1a,illness,54
ipilimumab,type 1 diabetes mellitus,54
irinotecan hydrochloride,neuropathy peripheral,54
ixazomib,swelling,54
ixazomib,vision blurred,54
ixekizumab,nasopharyngitis,54
lamotrigine,coma,54
lamotrigine,memory impairment,54
lanadelumab,injury,54
lanadelumab,kidney infection,54
lanreotide acetate,insomnia,54
lansoprazole,acute kidney injury,54
leflunomide,exposure during pregnancy,54
lenalidomide,limb discomfort,54
lenalidomide,weight increased,54
lenvatinib,abdominal pain upper,54
letrozole,back pain,54
leuprolide acetate,gait disturbance,54
levetiracetam,cardiac arrest,54
levetiracetam,inappropriate schedule of product administration,54
levothyroxine,dyspnoea,54
lidocaine,overdose,54
lisdexamfetamine dimesylate,inappropriate schedule of product administration,54
lisdexamfetamine dimesylate,no adverse event,54
lorlatinib,metastases to central nervous system,54
lutetium lu-177 vipivotide tetraxetan,drug ineffective,54
maribavir,drug resistance,54
mavacamten,adverse drug reaction,54
mesalamine,product use in unapproved indication,54
mesalamine,rectal haemorrhage,54
metformin hydrochloride,abdominal distension,54
metformin hydrochloride,depression,54
metformin hydrochloride,syncope,54
metformin hydrochloride,vitamin b12 deficiency,54
methotrexate,dislocation of vertebra,54
methotrexate,hypertransaminasaemia,54
methotrexate,therapeutic response decreased,54
methotrexate sodium,inappropriate schedule of product administration,54
miconazole nitrate,vulvovaginal pruritus,54
montelukast,drug ineffective,54
montelukast,dyspnoea,54
nicotine,application site pruritus,54
nintedanib,cardiac disorder,54
niraparib,dyspnoea,54
nirmatrelvir\ritonavir,cough,54
nirsevimab-alip,cough,54
nirsevimab-alip,pyrexia,54
nivolumab,stomatitis,54
nivolumab,toxic epidermal necrolysis,54
obeticholic acid,hospitalisation,54
obeticholic acid,therapy interrupted,54
ocrelizumab,contusion,54
ocrelizumab,death,54
ocrelizumab,peripheral swelling,54
ocrelizumab,sensory disturbance,54
octreotide acetate,malaise,54
ofatumumab,foetal exposure during pregnancy,54
ofatumumab,herpes zoster,54
ofatumumab,neuropathy peripheral,54
olanzapine,nausea,54
onabotulinumtoxina,product quality issue,54
osimertinib,metastases to liver,54
osimertinib,urinary tract infection,54
oxycodone hydrochloride,glossodynia,54
oxycodone hydrochloride,infusion related reaction,54
oxycodone hydrochloride,nasopharyngitis,54
oxycodone hydrochloride,rheumatoid arthritis,54
paclitaxel,loss of consciousness,54
paclitaxel,product use in unapproved indication,54
pacritinib,death,54
palbociclib,depression,54
palbociclib,paraesthesia,54
paliperidone palmitate,incorrect dose administered,54
pancrelipase amylase\pancrelipase lipase\pancrelipase protease,hypophagia,54
peanut,abdominal pain upper,54
pembrolizumab,cholecystitis,54
pembrolizumab,hepatitis,54
pemetrexed,diarrhoea,54
pexidartinib hydrochloride,rash,54
phentermine hydrochloride\topiramate,headache,54
pimavanserin tartrate,headache,54
polyethylene glycol 3350,abdominal pain upper,54
ponatinib,product use complaint,54
ponatinib,white blood cell count increased,54
potassium nitrate\sodium fluoride,product use in unapproved indication,54
prednisolone,sepsis,54
prednisone,kidney transplant rejection,54
pregabalin,respiratory depression,54
quetiapine,rhabdomyolysis,54
quetiapine fumarate,hepatic enzyme increased,54
quetiapine fumarate,infusion related reaction,54
quetiapine fumarate,pyrexia,54
quetiapine fumarate,rheumatoid arthritis,54
relugolix,burning sensation,54
relugolix,incontinence,54
relugolix,limb injury,54
relugolix,restless legs syndrome,54
relugolix,syncope,54
ribociclib,metastases to lung,54
ripretinib,abdominal pain upper,54
risankizumab-rzaa,amnesia,54
risankizumab-rzaa,medical procedure,54
risankizumab-rzaa,osteoporosis,54
rituximab,blepharospasm,54
rituximab,pneumocystis jirovecii pneumonia,54
rituximab,vision blurred,54
rituximab-pvvr,urinary tract infection,54
rivaroxaban,asthenia,54
rivaroxaban,atrial fibrillation,54
rivaroxaban,cerebral haemorrhage,54
rosuvastatin,constipation,54
rosuvastatin calcium,cough,54
rosuvastatin calcium,malaise,54
ruxolitinib,fluid retention,54
ruxolitinib,squamous cell carcinoma of skin,54
ruxolitinib,vision blurred,54
sacituzumab govitecan-hziy,thrombocytopenia,54
sarilumab,nasal congestion,54
sarilumab,swelling,54
secukinumab,prescribed underdose,54
selumetinib,diarrhoea,54
semaglutide,blood glucose fluctuation,54
semaglutide,neck pain,54
semaglutide,neoplasm malignant,54
sertraline hydrochloride,poisoning deliberate,54
sildenafil citrate,diarrhoea,54
sodium chloride,pyrexia,54
sodium oxybate,gait disturbance,54
sparsentan,anaemia,54
tacrolimus,leukopenia,54
tafamidis,cardiac failure chronic,54
tafamidis,diarrhoea,54
tazemetostat hydrobromide,nausea,54
teduglutide,application site discolouration,54
teduglutide,blood creatinine abnormal,54
teduglutide,gingival pain,54
teduglutide,incorrect product administration duration,54
teduglutide,intestinal stenosis,54
teduglutide,paronychia,54
teduglutide,urine analysis abnormal,54
teplizumab-mzwv,rash,54
teriflunomide,multiple sclerosis relapse,54
teriparatide,device defective,54
teriparatide,product use issue,54
tezepelumab,inappropriate schedule of product administration,54
tezepelumab,lower respiratory tract infection,54
tirzepatide,anaphylactic shock,54
tirzepatide,herpes zoster,54
tirzepatide,hot flush,54
tirzepatide,pancreatic carcinoma,54
tivozanib hydrochloride,fatigue,54
tofacitinib citrate,atrial fibrillation,54
tofacitinib citrate,lower limb fracture,54
tofacitinib citrate,nephrolithiasis,54
tramadol,withdrawal syndrome,54
tranexamic acid,generalised tonic-clonic seizure,54
treprostinil,angina pectoris,54
treprostinil,cardiomegaly,54
treprostinil,cognitive disorder,54
treprostinil,injection site discharge,54
treprostinil,intentional medical device removal by patient,54
treprostinil sodium,pneumonia,54
treprostinil sodium,throat irritation,54
trofinetide,weight increased,54
upadacitinib,ankylosing spondylitis,54
upadacitinib,deep vein thrombosis,54
upadacitinib,malignant melanoma,54
upadacitinib,upper limb fracture,54
ustekinumab,device malfunction,54
valganciclovir,neutropenia,54
valsartan,hiatus hernia,54
vedolizumab,arthritis enteropathic,54
vedolizumab,blood creatinine decreased,54
vedolizumab,bronchospasm,54
vedolizumab,coccydynia,54
vedolizumab,colonic abscess,54
vedolizumab,ectopic pregnancy,54
vedolizumab,infectious mononucleosis,54
vedolizumab,parkinson's disease,54
vedolizumab,pharyngeal paraesthesia,54
vedolizumab,stoma site discharge,54
vedolizumab,urine odour abnormal,54
velaglucerase alfa,contusion,54
velaglucerase alfa,oedema peripheral,54
venlafaxine hydrochloride,dry mouth,54
venlafaxine hydrochloride,tachycardia,54
verapamil hydrochloride,drug ineffective,54
vimseltinib,pruritus,54
voclosporin,urinary tract infection,54
zoledronic acid,renal tubular necrosis,54
.alpha.1-proteinase inhibitor human,arthropod bite,53
.alpha.1-proteinase inhibitor human,vertigo,53
abatacept,onychomycosis,53
abemaciclib,insomnia,53
abemaciclib,muscle spasms,53
acalabrutinib,atrial fibrillation,53
acalabrutinib,renal impairment,53
acalabrutinib,urinary tract infection,53
acetaminophen,drug intolerance,53
acetaminophen,drug use disorder,53
acetaminophen,hyperbilirubinaemia,53
acetaminophen,mobility decreased,53
acetaminophen,thrombocytopenia,53
adalimumab,breast cancer stage ii,53
adalimumab,eye operation,53
adalimumab,macular oedema,53
adalimumab,skin exfoliation,53
adalimumab,spinal fracture,53
adalimumab,walking aid user,53
adalimumab-adaz,pruritus,53
adalimumab-adaz,wrong technique in device usage process,53
alendronate sodium,bone erosion,53
alendronate sodium,hepatic cirrhosis,53
alendronic acid,alopecia,53
alendronic acid,blister,53
alendronic acid,bursitis,53
alendronic acid,dizziness,53
alendronic acid,nausea,53
alglucosidase alfa,inappropriate schedule of product administration,53
alprazolam,drug diversion,53
alprazolam,insomnia,53
ambrisentan,illness,53
amivantamab-vmjw,fatigue,53
amlodipine besylate,circulatory collapse,53
amoxicillin,angioedema,53
"antihemophilic factor, human recombinant",obstruction,53
"antihemophilic factor, human recombinant",pneumonia,53
"antihemophilic factor, human recombinant",product container issue,53
aripiprazole,diarrhoea,53
aripiprazole,parkinsonism,53
asfotase alfa,illness,53
atogepant,headache,53
atorvastatin,autoimmune myositis,53
atorvastatin,condition aggravated,53
avapritinib,malaise,53
axicabtagene ciloleucel,neutrophil count decreased,53
belimumab,surgery,53
benralizumab,infection,53
benralizumab,memory impairment,53
bevacizumab,febrile neutropenia,53
bevacizumab,leukopenia,53
bimekizumab,injection site bruising,53
bimekizumab,product availability issue,53
bosutinib monohydrate,vomiting,53
brexucabtagene autoleucel,death,53
budesonide,covid-19,53
budesonide,pruritus,53
budesonide\formoterol,device delivery system issue,53
budesonide\formoterol,drug ineffective,53
budesonide\formoterol fumarate dihydrate,dizziness,53
budesonide\formoterol\glycopyrrolate,extra dose administered,53
burosumab-twza,pain,53
cabotegravir,hiv infection,53
cabozantinib,hepatic cytolysis,53
cabozantinib s-malate,cough,53
calcium carbonate,dry mouth,53
calcium carbonate,ill-defined disorder,53
calcium oxybate\magnesium oxybate\potassium oxybate\sodium oxybate,drug titration error,53
cannabidiol,generalised tonic-clonic seizure,53
carbidopa\levodopa,cardio-respiratory arrest,53
carboplatin,immune-mediated lung disease,53
carfilzomib,plasma cell myeloma refractory,53
cariprazine,weight increased,53
celecoxib,osteoporosis,53
celecoxib,respiratory disorder,53
certolizumab pegol,dislocation of vertebra,53
certolizumab pegol,injection site pruritus,53
certolizumab pegol,laryngitis,53
certolizumab pegol,lupus-like syndrome,53
certolizumab pegol,upper respiratory tract infection,53
cetirizine hydrochloride,discomfort,53
cetirizine hydrochloride,dry mouth,53
cetirizine hydrochloride,systemic lupus erythematosus,53
ciltacabtagene autoleucel,infection,53
ciprofloxacin,joint swelling,53
clopidogrel bisulfate,arthralgia,53
clozapine,loss of consciousness,53
coagulation factor ix recombinant human,muscle haemorrhage,53
conestat alfa,weight increased,53
copper,coital bleeding,53
corticotropin,therapeutic product effect incomplete,53
cyclosporine,anaemia,53
cyclosporine,disease recurrence,53
cyclosporine,multiple organ dysfunction syndrome,53
cyclosporine,therapy non-responder,53
cytarabine\daunorubicin,pneumonia,53
cytarabine\daunorubicin,rash,53
dapagliflozin,dysuria,53
daratumumab,thrombocytopenia,53
denosumab,rash,53
denosumab,urinary tract infection,53
dexamethasone,decreased appetite,53
dexamethasone,rash,53
dexamethasone sodium phosphate,product use in unapproved indication,53
diclofenac,c-reactive protein increased,53
diclofenac sodium,lung disorder,53
diclofenac sodium,underdose,53
dimethyl fumarate,gait disturbance,53
diroximel fumarate,erythema,53
docetaxel,flushing,53
donanemab-azbt,blood pressure increased,53
doxylamine succinate,somnolence,53
dupilumab,cheilitis,53
dupilumab,cyst,53
dupilumab,haematochezia,53
dupilumab,paraesthesia oral,53
dupilumab,restlessness,53
dupilumab,seborrhoeic dermatitis,53
dupilumab,skin cancer,53
elexacaftor\ivacaftor\tezacaftor,memory impairment,53
elexacaftor\ivacaftor\tezacaftor,nasopharyngitis,53
elexacaftor\ivacaftor\tezacaftor,weight decreased,53
epcoritamab-bysp,cytomegalovirus infection reactivation,53
escitalopram oxalate,anhedonia,53
esketamine,completed suicide,53
esomeprazole magnesium,constipation,53
esomeprazole magnesium,hemiparesis,53
estradiol,product packaging quantity issue,53
estradiol,vulvovaginal burning sensation,53
etanercept,cerebrovascular accident,53
etanercept,drug intolerance,53
etanercept-szzs,malaise,53
etanercept-szzs,peripheral swelling,53
etanercept-szzs,product use issue,53
everolimus,death,53
evolocumab,inappropriate schedule of product administration,53
ezetimibe,drug ineffective,53
fentanyl,completed suicide,53
fluticasone propionate\salmeterol xinafoate,device issue,53
fluticasone propionate\salmeterol xinafoate,headache,53
foscarbidopa\foslevodopa,suicidal ideation,53
fremanezumab-vfrm,fatigue,53
fulvestrant,breast cancer,53
gabapentin,death,53
gabapentin,gait disturbance,53
gabapentin,medication error,53
gemcitabine,neuropathy peripheral,53
glatiramer acetate,device breakage,53
golimumab,kidney infection,53
human c1-esterase inhibitor,rash,53
human immunoglobulin g,abdominal rigidity,53
human immunoglobulin g,administration site pain,53
human immunoglobulin g,aphthous ulcer,53
human immunoglobulin g,eye haemorrhage,53
human immunoglobulin g,femur fracture,53
human immunoglobulin g,frequent bowel movements,53
human immunoglobulin g,mastoiditis,53
human immunoglobulin g,menopause,53
human immunoglobulin g,nasal ulcer,53
human immunoglobulin g,pneumonia fungal,53
human immunoglobulin g,respiratory distress,53
human immunoglobulin g\hyaluronidase (human recombinant),autoimmune disorder,53
hydrocortisone,condition aggravated,53
ibuprofen,arthralgia,53
icatibant acetate,oropharyngeal discomfort,53
icatibant acetate,palpitations,53
icatibant acetate,prescription drug used without a prescription,53
icatibant acetate,scratch,53
idursulfase,ear congestion,53
idursulfase,fear of injection,53
idursulfase,gastrointestinal infection,53
infliximab,acne,53
infliximab,loss of therapeutic response,53
infliximab,stomatitis,53
infliximab-dyyb,infusion related reaction,53
infliximab-dyyb,joint injury,53
infliximab-dyyb,road traffic accident,53
insulin lispro,pruritus,53
iopromide,nausea,53
isotretinoin,circumstance or information capable of leading to medication error,53
ixazomib,balance disorder,53
ixazomib,platelet count abnormal,53
lacosamide,product use issue,53
lamotrigine,suicidal ideation,53
lamotrigine,tremor,53
lanadelumab,joint injury,53
leflunomide,hepatic enzyme increased,53
leflunomide,musculoskeletal stiffness,53
leflunomide,vomiting,53
lenalidomide,diverticulitis,53
lenalidomide,rash erythematous,53
lenalidomide,seizure,53
lenvatinib,dyspnoea,53
letibotulinumtoxina-wlbg,drug effect less than expected,53
leuprolide acetate,device defective,53
leuprolide acetate,general physical health deterioration,53
leuprolide acetate,injection site reaction,53
levetiracetam,drug-induced liver injury,53
levetiracetam,exposure during pregnancy,53
lifitegrast,burning sensation,53
lifitegrast,product use complaint,53
mavacamten,adverse event,53
menthol,pain,53
mepolizumab,feeling abnormal,53
mepolizumab,myalgia,53
mepolizumab,oedema peripheral,53
metformin hydrochloride,foetal exposure during pregnancy,53
metformin hydrochloride,muscular weakness,53
methotrexate,adjustment disorder with depressed mood,53
methotrexate,pneumocystis jirovecii pneumonia,53
methotrexate sodium,anaemia,53
methotrexate sodium,illness,53
methotrexate sodium,mucosal inflammation,53
methylphenidate hydrochloride,insomnia,53
montelukast,aggression,53
morphine sulfate,respiratory depression,53
mycophenolate mofetil,adenovirus infection,53
mycophenolate mofetil,bacterial infection,53
mycophenolate mofetil,viral infection,53
naproxen,pain,53
nivolumab,acute kidney injury,53
nivolumab,general physical health deterioration,53
norepinephrine,drug ineffective,53
nusinersen,scoliosis,53
ocrelizumab,neutropenia,53
ofatumumab,bronchitis,53
ofatumumab,wrong technique in device usage process,53
olanzapine,white blood cell count decreased,53
olaparib,neutropenia,53
olaparib,paraesthesia,53
olopatadine hydrochloride,vision blurred,53
omalizumab,pulmonary congestion,53
omalizumab,sars-cov-2 test positive,53
omalizumab,sinus congestion,53
onabotulinumtoxina,fatigue,53
ondansetron,nausea,53
oxaliplatin,hypersensitivity,53
oxaliplatin,loss of consciousness,53
oxaliplatin,palmar-plantar erythrodysaesthesia syndrome,53
oxaliplatin,polyneuropathy,53
oxycodone hydrochloride,hand deformity,53
oxycodone hydrochloride,helicobacter infection,53
oxycodone hydrochloride,product use in unapproved indication,53
palbociclib,pancytopenia,53
paliperidone palmitate,insomnia,53
pancrelipase amylase\pancrelipase lipase\pancrelipase protease,arthralgia,53
panitumumab,erythema,53
panitumumab,skin lesion,53
pantoprazole,hypersensitivity,53
pantoprazole,pain,53
pegcetacoplan,off label use,53
pegvaliase-pqpz,injection site pruritus,53
pembrolizumab,pneumonia aspiration,53
pembrolizumab,surgery,53
pimavanserin tartrate,hypertension,53
pomalidomide,cataract,53
pomalidomide,myalgia,53
pomalidomide,rhinorrhoea,53
ponatinib,drug hypersensitivity,53
ponatinib,hip fracture,53
ponatinib,product prescribing error,53
prednisone,pulmonary embolism,53
prednisone,renal impairment,53
prednisone,transplant rejection,53
pregabalin,gastrointestinal disorder,53
pregabalin,restlessness,53
protein c,off label use,53
quetiapine fumarate,rash,53
ramipril,fatigue,53
ravulizumab-cwvz,insomnia,53
relugolix,abnormal dreams,53
relugolix,mobility decreased,53
relugolix,stent placement,53
relugolix,visual impairment,53
ribociclib succinate,dysphagia,53
ribociclib succinate,visual impairment,53
riociguat,syncope,53
risankizumab-rzaa,brain fog,53
risankizumab-rzaa,skin laceration,53
risankizumab-rzaa,upper respiratory tract infection,53
risankizumab-rzaa,white blood cell count increased,53
risperidone,sedation,53
rituximab,clostridium difficile infection,53
rituximab,multiple sclerosis relapse,53
rituximab-pvvr,infection,53
rivaroxaban,peripheral swelling,53
rosuvastatin,drug ineffective,53
rurioctocog alfa pegol,haemorrhage,53
ruxolitinib,haematuria,53
sacituzumab govitecan-hziy,asthenia,53
sarilumab,liver injury,53
secukinumab,hepatitis,53
selumetinib,vomiting,53
semaglutide,eye disorder,53
semaglutide,hypophagia,53
sertraline hydrochloride,amnesia,53
sertraline hydrochloride,myalgia,53
sildenafil,coma,53
siponimod,headache,53
sodium citrate,pain,53
sodium citrate,tetany,53
sodium oxybate,balance disorder,53
somatropin,fear of injection,53
sulfur hexafluoride,dyspnoea,53
sumatriptan succinate,drug ineffective,53
suvorexant,drug ineffective,53
suzetrigine,nausea,53
tadalafil,dyspnoea exertional,53
tafamidis,illness,53
taliglucerase alfa,inappropriate schedule of product administration,53
teduglutide,blood pressure fluctuation,53
teduglutide,device related bacteraemia,53
teduglutide,emotional distress,53
teduglutide,full blood count decreased,53
teduglutide,hepatomegaly,53
teduglutide,musculoskeletal discomfort,53
teduglutide,spinal cord infection,53
testosterone,off label use,53
tezepelumab-ekko,myalgia,53
tezepelumab-ekko,wheezing,53
tirzepatide,injection site discolouration,53
tirzepatide,injection site paraesthesia,53
tislelizumab,myocardial necrosis marker increased,53
tocilizumab,fluid retention,53
tocilizumab,sciatica,53
tofacitinib citrate,back disorder,53
tofacitinib citrate,blindness,53
tramadol hydrochloride,hypersensitivity,53
tramadol hydrochloride,weight increased,53
treprostinil,hepatic cirrhosis,53
treprostinil,hernia,53
treprostinil,renal disorder,53
treprostinil,skin abrasion,53
ublituximab,illness,53
upadacitinib,chronic obstructive pulmonary disease,53
upadacitinib,joint injury,53
upadacitinib,lung disorder,53
upadacitinib,somnolence,53
ustekinumab,abdominal pain upper,53
valacyclovir hydrochloride,neurotoxicity,53
valsartan,emotional distress,53
valsartan,malaise,53
valsartan,osteochondrosis,53
vamorolone,increased appetite,53
vedolizumab,fistula of small intestine,53
vedolizumab,gastrointestinal polyp,53
vedolizumab,hyperthyroidism,53
vedolizumab,infected skin ulcer,53
vedolizumab,medical device site infection,53
vedolizumab,muscle rupture,53
vedolizumab,phlebitis,53
vedolizumab,skin disorder,53
vedolizumab,small intestine ulcer,53
vedolizumab,urosepsis,53
vedolizumab,vaginal discharge,53
velaglucerase alfa,intentional dose omission,53
velaglucerase alfa,pleural effusion,53
venlafaxine hydrochloride,paraesthesia,53
voclosporin,urine protein/creatinine ratio increased,53
vonicog alfa,melaena,53
voriconazole,"hallucination, visual",53
zanubrutinib,fatigue,53
zilucoplan,weight increased,53
zoledronic acid,peripheral swelling,53
.alpha.1-proteinase inhibitor human,catheter site pain,52
.alpha.1-proteinase inhibitor human,sputum discoloured,52
abaloparatide,arthritis,52
abaloparatide,hot flush,52
acalabrutinib,nausea,52
acetaminophen,expired product administered,52
acetaminophen,general physical health deterioration,52
"acetylleucine, l-",off label use,52
adalimumab,acute kidney injury,52
adalimumab,hiatus hernia,52
adalimumab,rhinorrhoea,52
adalimumab-aaty,nausea,52
adalimumab-adaz,covid-19,52
adalimumab-ryvk,inappropriate schedule of product administration,52
adapalene,pruritus,52
albuterol,hypertension,52
albuterol sulfate,productive cough,52
alectinib hydrochloride,off label use,52
alendronate sodium,lupus-like syndrome,52
alendronic acid,muscle injury,52
alendronic acid,pericarditis,52
alendronic acid,psoriatic arthropathy,52
alirocumab,injection site haemorrhage,52
ambrisentan,product use issue,52
amifampridine phosphate,myasthenic syndrome,52
amifampridine phosphate,off label use,52
amlodipine besylate,balance disorder,52
amlodipine besylate,nasopharyngitis,52
amlodipine besylate,palpitations,52
amlodipine besylate,urticaria,52
amphetamine aspartate\amphetamine sulfate\dextroamphetamine saccharate\dextroamphetamine sulfate,therapeutic response decreased,52
anastrozole,diarrhoea,52
anastrozole,malignant neoplasm progression,52
anastrozole,memory impairment,52
"antihemophilic factor, human recombinant",injection site bruising,52
"antihemophilic factor, human recombinant",movement disorder,52
"antihemophilic factor, human recombinant",product distribution issue,52
"antihemophilic factor, human recombinant",productive cough,52
"antihemophilic factor, human recombinant",sensitivity to weather change,52
apixaban,abdominal pain upper,52
apixaban,covid-19,52
apixaban,oedema peripheral,52
asciminib hydrochloride,fatigue,52
atezolizumab,alanine aminotransferase increased,52
atezolizumab,aspartate aminotransferase increased,52
atezolizumab,hepatitis,52
atorvastatin,abdominal pain,52
avacopan,underdose,52
avapritinib,back pain,52
avapritinib,fall,52
avapritinib,haemoglobin decreased,52
axitinib,nausea,52
azacitidine,vomiting,52
belimumab,lupus nephritis,52
bimekizumab,rash,52
bimekizumab-bkzx,product dispensing error,52
brentuximab vedotin,weight decreased,52
brimonidine tartrate,drug ineffective,52
budesonide,frequent bowel movements,52
budesonide,increased appetite,52
budesonide\formoterol,pneumonia,52
budesonide\formoterol fumarate dihydrate,oropharyngeal pain,52
budesonide\formoterol fumarate dihydrate,sensation of foreign body,52
buprenorphine,application site pruritus,52
bupropion hydrochloride,drug interaction,52
bupropion hydrochloride\naltrexone hydrochloride,rash,52
cabozantinib s-malate,ageusia,52
cabozantinib s-malate,glossodynia,52
cabozantinib s-malate,insomnia,52
cabozantinib s-malate,myalgia,52
calcium carbonate,deep vein thrombosis postoperative,52
calcium chloride\dextrose\magnesium chloride\sodium chloride\sodium lactate,pyrexia,52
calcium chloride\icodextrin\magnesium chloride\sodium chloride\sodium lactate,abdominal pain,52
calcium oxybate\magnesium oxybate\potassium oxybate\sodium oxybate,agitation,52
calcium oxybate\magnesium oxybate\potassium oxybate\sodium oxybate,feeling jittery,52
calcium oxybate\magnesium oxybate\potassium oxybate\sodium oxybate,gastrointestinal disorder,52
calcium oxybate\magnesium oxybate\potassium oxybate\sodium oxybate,sleep apnoea syndrome,52
canakinumab,product storage error,52
cannabidiol,illness,52
cannabidiol,nausea,52
capecitabine,pancytopenia,52
carbidopa\levodopa,depression,52
celecoxib,adverse event,52
celecoxib,liver function test increased,52
celecoxib,medication error,52
celecoxib,x-ray abnormal,52
cemiplimab-rwlc,disease progression,52
certolizumab pegol,delirium,52
certolizumab pegol,injection site haemorrhage,52
cetirizine hydrochloride,contusion,52
cetirizine hydrochloride,hand deformity,52
ciprofloxacin,rash,52
citalopram,drug interaction,52
cladribine,influenza,52
clopidogrel bisulfate,decreased appetite,52
clopidogrel bisulfate,upper gastrointestinal haemorrhage,52
clozapine,antipsychotic drug level decreased,52
copper,endometriosis,52
copper,psychological trauma,52
copper,uterine polyp,52
corticotropin,musculoskeletal stiffness,52
corticotropin,systemic lupus erythematosus,52
cyclosporine,dyspnoea,52
cyclosporine,neutropenia,52
cyclosporine,product quality issue,52
cytarabine,white blood cell count decreased,52
dabrafenib mesylate,chills,52
dapagliflozin,chest pain,52
dapagliflozin,constipation,52
dapagliflozin,palpitations,52
dapagliflozin propanediol,weight decreased,52
denosumab,anaemia,52
denosumab,osteomyelitis,52
deutetrabenazine,loss of personal independence in daily activities,52
dextroamphetamine,application site pruritus,52
diclofenac sodium,breast cancer stage iii,52
diclofenac sodium,musculoskeletal pain,52
dimethyl fumarate,fatigue,52
dinutuximab,eosinophil count increased,52
donor human stool spores (ethanol treated),clostridium test positive,52
dupilumab,aphthous ulcer,52
dupilumab,dysgeusia,52
dupilumab,intentional product use issue,52
dupilumab,limb operation,52
dupilumab,musculoskeletal chest pain,52
dupilumab,shoulder operation,52
dupilumab,tooth extraction,52
elacestrant,abdominal discomfort,52
encorafenib,rash,52
enfortumab vedotin-ejfv,paraesthesia,52
enfortumab vedotin-ejfv,toxic epidermal necrolysis,52
erenumab-aooe,alopecia,52
erenumab-aooe,fatigue,52
escitalopram oxalate,hypoaesthesia,52
esketamine,insomnia,52
eslicarbazepine acetate,underdose,52
esomeprazole,pruritus,52
esomeprazole magnesium,eating disorder,52
esomeprazole magnesium,hypertension,52
etanercept,injection site pruritus,52
etanercept-szzs,drug intolerance,52
etonogestrel,headache,52
etrasimod arginine,fatigue,52
fam-trastuzumab deruxtecan-nxki,neutrophil count decreased,52
fenfluramine,face injury,52
fentanyl,cardio-respiratory arrest,52
filgrastim,plasma cell myeloma,52
finasteride,gynaecomastia,52
finerenone,death,52
fluoxetine hydrochloride,nausea,52
fluoxetine hydrochloride,overdose,52
fluticasone propionate\salmeterol xinafoate,drug hypersensitivity,52
fluticasone propionate\salmeterol xinafoate,hypertension,52
fluticasone propionate\salmeterol xinafoate,product use in unapproved indication,52
foscarbidopa\foslevodopa,cerebrovascular accident,52
foscarbidopa\foslevodopa,delirium,52
foscarbidopa\foslevodopa,disorientation,52
foscarbidopa\foslevodopa,femoral neck fracture,52
foscarbidopa\foslevodopa,pain in extremity,52
foscarbidopa\foslevodopa,unresponsive to stimuli,52
gabapentin,mania,52
gabapentin,suicide attempt,52
glatiramer acetate,wrong technique in device usage process,52
golimumab,tuberculosis,52
guaifenesin,wrong technique in product usage process,52
guselkumab,device failure,52
guselkumab,exposure during pregnancy,52
human c1-esterase inhibitor,device issue,52
human c1-esterase inhibitor,prescribed overdose,52
human immunoglobulin g,acne,52
human immunoglobulin g,allergy to arthropod sting,52
human immunoglobulin g,blood disorder,52
human immunoglobulin g,cardiac arrest,52
human immunoglobulin g,greater trochanteric pain syndrome,52
human immunoglobulin g,hepatic cirrhosis,52
human immunoglobulin g,infusion related hypersensitivity reaction,52
human immunoglobulin g,infusion site inflammation,52
human immunoglobulin g,injection site oedema,52
human immunoglobulin g,restlessness,52
human immunoglobulin g,skin injury,52
human immunoglobulin g\hyaluronidase (human recombinant),bone pain,52
human immunoglobulin g\hyaluronidase (human recombinant),discouragement,52
human immunoglobulin g\hyaluronidase (human recombinant),dyspepsia,52
human immunoglobulin g\hyaluronidase (human recombinant),respiratory tract congestion,52
human immunoglobulin g\hyaluronidase (human recombinant),wound infection,52
icatibant acetate,asthma,52
icatibant acetate,kidney infection,52
icatibant acetate,pulpitis dental,52
idursulfase,abnormal faeces,52
idursulfase,altered state of consciousness,52
idursulfase,faeces soft,52
infliximab,fibromyalgia,52
infliximab,gastrointestinal inflammation,52
infliximab,gastrointestinal pain,52
infliximab,pallor,52
infliximab,type 2 diabetes mellitus,52
infliximab-abda,diarrhoea,52
infliximab-dyyb,hepatic enzyme increased,52
insulin degludec,visual impairment,52
insulin glargine\lixisenatide,product storage error,52
ixazomib,spinal fracture,52
lanadelumab,inflammation,52
lanadelumab,loss of consciousness,52
lansoprazole,asthenia,52
laronidase,cough,52
latanoprost\netarsudil mesylate,ocular hyperaemia,52
leflunomide,abdominal discomfort,52
lenalidomide,back disorder,52
lenalidomide,blood pressure decreased,52
lenalidomide,burning sensation,52
lenvatinib,colitis,52
lenvatinib,myocardial infarction,52
lenvatinib,renal impairment,52
lenvatinib,thrombocytopenia,52
lidocaine,hypotension,52
lisdexamfetamine dimesylate,drug effect less than expected,52
lisinopril,intestinal angioedema,52
loperamide hydrochloride,incorrect dose administered,52
loratadine,expired product administered,52
lorlatinib,hypercholesterolaemia,52
lorlatinib,hyperlipidaemia,52
lorlatinib,hypertriglyceridaemia,52
macitentan,therapy interrupted,52
macitentan\tadalafil,dyspnoea,52
mavacamten,therapy interrupted,52
mepolizumab,memory impairment,52
mesalamine,abdominal discomfort,52
methadone hydrochloride,toxicity to various agents,52
methotrexate,bone marrow failure,52
methotrexate,seizure,52
methotrexate sodium,neutropenia,52
methylphenidate,no adverse event,52
methylprednisolone acetate,off label use,52
molnupiravir,no adverse event,52
momelotinib,myelofibrosis,52
mycophenolate mofetil,infection reactivation,52
naproxen,arthralgia,52
naproxen,nausea,52
naproxen sodium,nausea,52
natalizumab,abortion spontaneous,52
nintedanib,haemorrhage,52
nirmatrelvir\ritonavir,inappropriate schedule of product administration,52
nivolumab,liver disorder,52
obeticholic acid,blood alkaline phosphatase increased,52
ocrelizumab,colitis,52
ocrelizumab,cystitis noninfective,52
ocrelizumab,myalgia,52
ofatumumab,abdominal pain,52
ofatumumab,dysstasia,52
ofatumumab,off label use,52
olanzapine,psychotic disorder,52
olaparib,dehydration,52
olaparib,prostatic specific antigen increased,52
omalizumab,brain fog,52
omalizumab,injection site haemorrhage,52
omaveloxolone,alanine aminotransferase increased,52
omaveloxolone,hepatic enzyme increased,52
omeprazole,rash,52
onabotulinumtoxina,nausea,52
osimertinib,cataract,52
osimertinib,hypoaesthesia,52
osimertinib,illness,52
osimertinib,thrombocytopenia,52
oxycodone hydrochloride,disability,52
oxycodone hydrochloride,drug intolerance,52
oxycodone hydrochloride,irritable bowel syndrome,52
oxycodone hydrochloride,loss of personal independence in daily activities,52
oxymetazoline hydrochloride,vision blurred,52
ozanimod hydrochloride,headache,52
paclitaxel,abdominal pain,52
paclitaxel,anaphylactic shock,52
palbociclib,thrombosis,52
pantoprazole,anaemia,52
pantoprazole,pyrexia,52
pegvaliase-pqpz,dizziness,52
pembrolizumab,arthritis,52
pembrolizumab,blood creatinine increased,52
pembrolizumab,hypoaesthesia,52
perflutren,dizziness,52
pimavanserin tartrate,bradykinesia,52
pimavanserin tartrate,rash,52
ponatinib,contusion,52
ponatinib,wrong technique in product usage process,52
prednisone,anxiety,52
prednisone,steroid diabetes,52
pregabalin,hepatic enzyme increased,52
pregabalin,oedema,52
pregabalin,vision blurred,52
protein c,abdominal pain,52
protein c,asthenia,52
protein c,back pain,52
protein c,chest pain,52
protein c,cholelithiasis,52
protein c,cough,52
protein c,covid-19,52
protein c,craniofacial fracture,52
protein c,deep vein thrombosis,52
protein c,dermatitis allergic,52
protein c,dry skin,52
protein c,dysmenorrhoea,52
protein c,epistaxis,52
protein c,erythema,52
protein c,eyelid skin dryness,52
protein c,fall,52
protein c,fatigue,52
protein c,gait disturbance,52
protein c,gastritis,52
protein c,headache,52
protein c,influenza,52
protein c,influenza like illness,52
protein c,injection site pain,52
protein c,insomnia,52
protein c,nasopharyngitis,52
protein c,nausea,52
protein c,oropharyngeal pain,52
protein c,poor venous access,52
protein c,protein c deficiency,52
protein c,pruritus,52
protein c,pruritus allergic,52
protein c,pyrexia,52
protein c,rhinorrhoea,52
protein c,skin tightness,52
protein c,vitamin d deficiency,52
protein c,vomiting,52
protein c,wrong technique in product usage process,52
quetiapine,constipation,52
quetiapine fumarate,infection,52
quetiapine fumarate,joint swelling,52
ramipril,dizziness,52
ramipril,drug ineffective,52
ravulizumab-cwvz,somnolence,52
relugolix,blood testosterone decreased,52
relugolix,cold flash,52
relugolix,laboratory test abnormal,52
relugolix,osteoporosis,52
ribociclib succinate,anxiety,52
ribociclib succinate,product storage error,52
rifaximin,product use in unapproved indication,52
riociguat,chest pain,52
risankizumab-rzaa,accident,52
risankizumab-rzaa,kidney infection,52
risankizumab-rzaa,macular degeneration,52
rituximab,haemorrhage,52
rituximab,lymphopenia,52
rituximab-abbs,malaise,52
rituximab-pvvr,infusion related reaction,52
rosuvastatin,abdominal pain,52
ruxolitinib,sinusitis,52
sacituzumab govitecan-hziy,anaemia,52
sacubitril\valsartan,ejection fraction decreased,52
sarilumab,asthenia,52
secukinumab,chills,52
secukinumab,product label confusion,52
secukinumab,viral infection,52
selexipag,off label use,52
semaglutide,allodynia,52
semaglutide,balance disorder,52
semaglutide,chest discomfort,52
semaglutide,fear of injection,52
semaglutide,glycosylated haemoglobin decreased,52
semaglutide,renal failure,52
sertraline hydrochloride,apathy,52
setmelanotide,off label use,52
simvastatin,dyspnoea,52
simvastatin,nausea,52
siponimod,dizziness,52
siponimod,fall,52
sodium oxybate,asthenia,52
somatropin,injury associated with device,52
sparsentan,insomnia,52
sparsentan,protein urine present,52
sulfamethoxazole\trimethoprim,drug reaction with eosinophilia and systemic symptoms,52
tafamidis,oedema peripheral,52
talquetamab-tgvs,ageusia,52
talquetamab-tgvs,skin exfoliation,52
teduglutide,abdominal tenderness,52
teduglutide,early satiety,52
teduglutide,injection site induration,52
teduglutide,obsessive-compulsive disorder,52
teduglutide,staphylococcal bacteraemia,52
teplizumab-mzwv,nausea,52
tezepelumab,dizziness,52
tirzepatide,biliary colic,52
tirzepatide,cholecystitis acute,52
tirzepatide,liver injury,52
tirzepatide,weight fluctuation,52
tisagenlecleucel,hypogammaglobulinaemia,52
tocilizumab,amnesia,52
tocilizumab,gingivitis,52
tocilizumab,paranasal sinus hypersecretion,52
tocilizumab,swollen joint count increased,52
tofacitinib citrate,hand deformity,52
tofacitinib citrate,nervousness,52
tolvaptan,urinary tract infection,52
trastuzumab,hepatic function abnormal,52
trastuzumab,palmar-plantar erythrodysaesthesia syndrome,52
trastuzumab,weight decreased,52
tremelimumab,death,52
treprostinil,infusion site abscess,52
treprostinil,irritable bowel syndrome,52
treprostinil,respiratory distress,52
treprostinil sodium,general physical health deterioration,52
trospium chloride\xanomeline,hyperhidrosis,52
tuberculin purified protein derivative,poor quality product administered,52
upadacitinib,blood pressure increased,52
upadacitinib,dyspepsia,52
upadacitinib,eye operation,52
upadacitinib,palpitations,52
upadacitinib,pelvic fracture,52
valsartan,drug interaction,52
valsartan,hypertension,52
vedolizumab,depressive symptom,52
vedolizumab,disorientation,52
vedolizumab,herpes ophthalmic,52
vedolizumab,throat tightness,52
vedolizumab,urinary tract infection bacterial,52
velaglucerase alfa,rheumatoid arthritis,52
velaglucerase alfa,skin infection,52
vibegron,nocturia,52
vibegron,product use issue,52
vigabatrin,death,52
voriconazole,treatment failure,52
zoledronic acid,hypoaesthesia,52
.alpha.1-proteinase inhibitor human,arthritis,51
.alpha.1-proteinase inhibitor human,skin infection,51
.alpha.1-proteinase inhibitor human,swelling of eyelid,51
.alpha.1-proteinase inhibitor human,tachycardia,51
abemaciclib,drug ineffective,51
abemaciclib,drug intolerance,51
abemaciclib,illness,51
abemaciclib,interstitial lung disease,51
abemaciclib,pneumonia,51
abrocitinib,rash,51
acetaminophen,no adverse event,51
acetaminophen,prothrombin time ratio decreased,51
adalimumab,diverticulitis,51
adalimumab,dysgeusia,51
adalimumab,dysphagia,51
adalimumab,haemophagocytic lymphohistiocytosis,51
adalimumab-aaty,psoriatic arthropathy,51
adalimumab-adaz,exposure via skin contact,51
adalimumab-adaz,musculoskeletal stiffness,51
adalimumab-afzb,drug dose omission by device,51
adalimumab-fkjp,arthralgia,51
adalimumab-fkjp,diarrhoea,51
afatinib,malignant neoplasm progression,51
albuterol,overdose,51
albuterol sulfate,product quality issue,51
alirocumab,product delivery mechanism issue,51
ambrisentan,joint swelling,51
amikacin,deafness,51
amoxicillin\clavulanate potassium,diarrhoea,51
amoxicillin\clavulanic acid,pruritus,51
anti-inhibitor coagulant complex,treatment failure,51
"antihemophilic factor, human recombinant",ankle fracture,51
"antihemophilic factor, human recombinant",bone contusion,51
"antihemophilic factor, human recombinant",cataract,51
"antihemophilic factor, human recombinant",renal haemorrhage,51
"antihemophilic factor, human recombinant",scab,51
apixaban,haemoptysis,51
apremilast,pneumonia,51
aripiprazole,feeling abnormal,51
aripiprazole,paranoia,51
asfotase alfa,seizure,51
atogepant,constipation,51
atorvastatin calcium,arthralgia,51
avapritinib,gastrointestinal disorder,51
azithromycin,drug ineffective for unapproved indication,51
azithromycin,product use in unapproved indication,51
azithromycin,treatment failure,51
belimumab,vomiting,51
benralizumab,diarrhoea,51
benralizumab,incorrect dose administered by device,51
benralizumab,sepsis,51
bevacizumab,acute kidney injury,51
binimetinib,death,51
blinatumomab,b-cell type acute leukaemia,51
bortezomib,stem cell transplant,51
brigatinib,drug intolerance,51
brigatinib,neuropathy peripheral,51
bupropion,hypotension,51
bupropion hydrochloride\naltrexone hydrochloride,drug titration error,51
calcium carbonate,grip strength decreased,51
calcium carbonate,insomnia,51
calcium carbonate,lung disorder,51
calcium carbonate,product use issue,51
calcium chloride\dextrose\magnesium chloride\sodium chloride\sodium lactate,abdominal distension,51
calcium oxybate\magnesium oxybate\potassium oxybate\sodium oxybate,arthritis,51
calcium oxybate\magnesium oxybate\potassium oxybate\sodium oxybate,limb injury,51
capecitabine,hypertriglyceridaemia,51
caplacizumab-yhdp,adamts13 activity decreased,51
carbamazepine,nausea,51
carbidopa\levodopa,back pain,51
carbidopa\levodopa,dystonia,51
carbidopa\levodopa,illness,51
celecoxib,joint dislocation,51
celecoxib,joint stiffness,51
cenobamate,balance disorder,51
cenobamate,generalised tonic-clonic seizure,51
certolizumab pegol,nail disorder,51
certolizumab pegol,wrong technique in product usage process,51
cetirizine hydrochloride,impaired healing,51
cetirizine hydrochloride,pemphigus,51
chlorhexidine gluconate\isopropyl alcohol,device defective,51
ciltacabtagene autoleucel,asthenia,51
ciltacabtagene autoleucel,neutropenia,51
ciprofloxacin,tendon disorder,51
clopidogrel bisulfate,constipation,51
clozapine,red cell distribution width increased,51
clozapine,withdrawal catatonia,51
collagenase clostridium histolyticum,penile pain,51
copper,cervical dysplasia,51
corticotropin,adverse event,51
corticotropin,blood potassium decreased,51
corticotropin,brain fog,51
corticotropin,incorrect dose administered,51
corticotropin,laboratory test abnormal,51
cyclosporine,abdominal pain,51
cyclosporine,graft versus host disease in gastrointestinal tract,51
cyclosporine,visual impairment,51
dapagliflozin,candida infection,51
dapagliflozin,metabolic acidosis,51
dapagliflozin propanediol,dyspnoea,51
dapsone,drug reaction with eosinophilia and systemic symptoms,51
daptomycin,drug ineffective,51
darbepoetin alfa,no adverse event,51
dasatinib,product dose omission issue,51
dexamethasone,malaise,51
dextromethorphan hydrobromide\guaifenesin,diarrhoea,51
diclofenac,exposure during pregnancy,51
diclofenac,liver function test increased,51
diclofenac sodium,fall,51
diclofenac sodium,night sweats,51
doxorubicin,pancytopenia,51
doxycycline,headache,51
doxycycline,treatment failure,51
dulaglutide,abdominal discomfort,51
dulaglutide,blood glucose decreased,51
duloxetine hydrochloride,dizziness,51
dupilumab,nasal discharge discolouration,51
dupilumab,oxygen consumption increased,51
dupilumab,presyncope,51
dupilumab,prostate cancer,51
dupilumab,skin hypopigmentation,51
duvelisib,product use in unapproved indication,51
eftrenonacog alfa,epistaxis,51
eftrenonacog alfa,fall,51
elacestrant,tumour marker increased,51
elranatamab-bcmm,cytomegalovirus infection reactivation,51
enfortumab vedotin-ejfv,blood pressure increased,51
enfortumab vedotin-ejfv,interstitial lung disease,51
escitalopram oxalate,cognitive disorder,51
estradiol,malaise,51
estradiol,menopausal symptoms,51
estradiol,night sweats,51
estradiol,vulvovaginal discomfort,51
etanercept,abdominal discomfort,51
etanercept,alopecia,51
etanercept,myocardial infarction,51
etanercept,psoriatic arthropathy,51
etanercept,vomiting,51
etomidate,drug abuse,51
evolocumab,injection site rash,51
evolocumab,rubber sensitivity,51
fam-trastuzumab deruxtecan-nxki,malaise,51
fenfluramine,mood swings,51
fenfluramine,platelet count decreased,51
fenfluramine,tachycardia,51
fluorouracil,acute kidney injury,51
fluticasone furoate\umeclidinium bromide\vilanterol trifenatate,illness,51
fluticasone propionate\salmeterol xinafoate,pain,51
foscarbidopa\foslevodopa,product storage error,51
fremanezumab-vfrm,nausea,51
fulvestrant,abdominal pain upper,51
guaifenesin,incorrect product administration duration,51
human immunoglobulin g,affective disorder,51
human immunoglobulin g,arterial disorder,51
human immunoglobulin g,blood alkaline phosphatase increased,51
human immunoglobulin g,cervical vertebral fracture,51
human immunoglobulin g,dysstasia,51
human immunoglobulin g,emphysema,51
human immunoglobulin g,face oedema,51
human immunoglobulin g,glucose tolerance impaired,51
human immunoglobulin g,injection site urticaria,51
human immunoglobulin g,nasal septum deviation,51
human immunoglobulin g,t-lymphocyte count decreased,51
human immunoglobulin g,therapy cessation,51
human immunoglobulin g\hyaluronidase (human recombinant),musculoskeletal chest pain,51
human immunoglobulin g\hyaluronidase (human recombinant),musculoskeletal discomfort,51
human immunoglobulin g\hyaluronidase (human recombinant),poor quality sleep,51
human immunoglobulin g\hyaluronidase (human recombinant),pruritus allergic,51
icatibant acetate,cerebrovascular accident,51
icatibant acetate,choking,51
icatibant acetate,maternal exposure during breast feeding,51
icatibant acetate,paraesthesia,51
idursulfase,lip haemorrhage,51
idursulfase,musculoskeletal discomfort,51
idursulfase,respiratory arrest,51
idursulfase,vein collapse,51
inclisiran sodium,blood cholesterol increased,51
incobotulinumtoxina,product preparation issue,51
infliximab,basal cell carcinoma,51
infliximab,blood pressure diastolic decreased,51
infliximab,injection site pain,51
infliximab,surgery,51
infliximab-abda,abdominal pain,51
infliximab-dyyb,abortion spontaneous,51
infliximab-dyyb,disease recurrence,51
infliximab-dyyb,kidney infection,51
infliximab-dyyb,product use issue,51
insulin lispro,tremor,51
interferon beta-1a,malaise,51
iohexol,erythema,51
ipilimumab,hypothyroidism,51
irinotecan,disease progression,51
ixazomib,dehydration,51
ixazomib,dyspepsia,51
ixazomib,visual impairment,51
lacosamide,foetal exposure during pregnancy,51
lamotrigine,urticaria,51
lanadelumab,gait inability,51
lanreotide acetate,product supply issue,51
lebrikizumab-lbkz,drug ineffective,51
lenalidomide,cardiac failure congestive,51
letrozole,hepatotoxicity,51
leuprolide acetate,prostatic specific antigen abnormal,51
levetiracetam,adverse drug reaction,51
levetiracetam,ataxia,51
levetiracetam,electrocardiogram qt prolonged,51
levetiracetam,mood swings,51
levetiracetam,stevens-johnson syndrome,51
levonorgestrel,weight increased,51
levothyroxine,headache,51
levothyroxine sodium,constipation,51
linaclotide,product storage error,51
lisdexamfetamine dimesylate,dizziness,51
lorlatinib,abdominal distension,51
lotilaner,lacrimation increased,51
macitentan,pulmonary hypertension,51
mavacamten,palpitations,51
mepolizumab,viral infection,51
methotrexate,gastrointestinal infection,51
methotrexate,renal failure,51
methotrexate,x-ray abnormal,51
methotrexate sodium,weight increased,51
methylprednisolone sodium succinate,condition aggravated,51
metoprolol,fatigue,51
minoxidil,hair colour changes,51
mirabegron,dizziness,51
mitotane,nausea,51
montelukast sodium,vomiting,51
mupirocin,recalled product administered,51
mycophenolate mofetil,kidney transplant rejection,51
natalizumab,immune reconstitution inflammatory syndrome,51
natalizumab,migraine,51
natalizumab,musculoskeletal disorder,51
natalizumab,seizure,51
natalizumab,tremor,51
nemolizumab-ilto,skin burning sensation,51
nilotinib,diarrhoea,51
nilotinib,pyrexia,51
nintedanib,pulmonary function test abnormal,51
nivolumab,immune-mediated myositis,51
norgestrel,product dose omission issue,51
ocrelizumab,cognitive disorder,51
ocrelizumab,febrile neutropenia,51
ocrelizumab,hypotension,51
ocrelizumab,immunodeficiency,51
octreotide acetate,nausea,51
octreotide acetate,pain,51
ofatumumab,movement disorder,51
olanzapine,"hallucination, auditory",51
olaparib,neutrophil count decreased,51
olaparib,tumour marker increased,51
omalizumab,frustration tolerance decreased,51
omalizumab,rash erythematous,51
omalizumab,rash pruritic,51
omalizumab,tachycardia,51
omalizumab,therapeutic response decreased,51
omeprazole,condition aggravated,51
omeprazole magnesium,drug ineffective,51
osimertinib,renal failure,51
oxaliplatin,mucosal inflammation,51
oxaliplatin,therapy partial responder,51
oxycodone hydrochloride,amnesia,51
oxycodone hydrochloride,developmental delay,51
oxycodone hydrochloride,memory impairment,51
oxycodone hydrochloride,pain in extremity,51
palbociclib,dehydration,51
palbociclib,metastases to liver,51
paliperidone palmitate,treatment noncompliance,51
pancrelipase amylase\pancrelipase lipase\pancrelipase protease,headache,51
pancrelipase amylase\pancrelipase lipase\pancrelipase protease,loss of consciousness,51
pantoprazole,vomiting,51
parathyroid hormone,paraesthesia,51
paroxetine,drug interaction,51
patiromer,hospitalisation,51
patiromer,off label use,51
pegfilgrastim,pyrexia,51
peginterferon beta-1a,injection site erythema,51
pembrolizumab,covid-19,51
pembrolizumab,ill-defined disorder,51
pembrolizumab,pain in extremity,51
pembrolizumab,rash pruritic,51
perfluorohexyloctane,visual impairment,51
pimavanserin tartrate,abnormal dreams,51
pimavanserin tartrate,anger,51
pimavanserin tartrate,drug intolerance,51
pimavanserin tartrate,pain,51
pirfenidone,fatigue,51
polyethylene glycol 3350,nausea,51
ponatinib,sinusitis,51
prednisolone,dyspnoea,51
prednisolone,insomnia,51
prednisone,blood immunoglobulin g decreased,51
prednisone,gastrointestinal disorder,51
prednisone,malaise,51
prednisone,nocardiosis,51
pregabalin,multiple sclerosis relapse,51
propranolol hydrochloride,nausea,51
quetiapine,altered state of consciousness,51
ramipril,blood pressure increased,51
ranibizumab,off label use,51
ravulizumab,fatigue,51
ravulizumab-cwvz,peripheral swelling,51
relugolix,dyspnoea exertional,51
relugolix,epistaxis,51
relugolix,faeces soft,51
relugolix,stress,51
ribociclib,hypertension,51
ribociclib succinate,somnolence,51
ribociclib succinate,urinary tract infection,51
rifampin,drug intolerance,51
risankizumab-rzaa,ankle fracture,51
risankizumab-rzaa,back disorder,51
risankizumab-rzaa,confusional state,51
risankizumab-rzaa,foot operation,51
risankizumab-rzaa,gastrointestinal obstruction,51
risankizumab-rzaa,heart rate increased,51
risankizumab-rzaa,lymphadenopathy,51
risankizumab-rzaa,somnolence,51
risankizumab-rzaa,stenosis,51
risdiplam,death,51
risperidone,hospitalisation,51
rituximab,acute myeloid leukaemia,51
rituximab,balance disorder,51
rituximab,lymphocyte count decreased,51
rituximab,product quality issue,51
rituximab-pvvr,influenza,51
rivaroxaban,off label use,51
ruxolitinib,lethargy,51
ruxolitinib,mass,51
ruxolitinib,prescribed overdose,51
ruxolitinib,stomatitis,51
sacubitril\valsartan,myocardial infarction,51
sarilumab,lower respiratory tract infection,51
sarilumab,rheumatic fever,51
secukinumab,product distribution issue,51
semaglutide,extra dose administered,51
semaglutide,injection site erythema,51
semaglutide,thirst,51
sildenafil citrate,dyspnoea,51
somatropin,pyrexia,51
sotatercept,diarrhoea,51
tacrolimus,kaposi's sarcoma,51
tacrolimus,kidney transplant rejection,51
tacrolimus,treatment failure,51
tadalafil,arthralgia,51
talquetamab-tgvs,dry mouth,51
teduglutide,anal incontinence,51
teduglutide,chronic obstructive pulmonary disease,51
teduglutide,cyanosis,51
teduglutide,gastrointestinal bacterial infection,51
teduglutide,heart rate abnormal,51
teduglutide,lower limb fracture,51
teduglutide,skin warm,51
teriparatide,bone pain,51
teriparatide,injection site haemorrhage,51
testosterone enanthate,injection site pain,51
tezepelumab,productive cough,51
tirzepatide,bowel movement irregularity,51
tirzepatide,breast cancer,51
tirzepatide,haematochezia,51
tirzepatide,liver function test abnormal,51
tirzepatide,renal pain,51
tirzepatide,stress,51
tirzepatide,viral infection,51
tocilizumab,constipation,51
tocilizumab,epilepsy,51
tocilizumab,injection site reaction,51
tocilizumab,lupus-like syndrome,51
tocilizumab,respiratory disorder,51
tocilizumab,throat tightness,51
tofacitinib citrate,blood cholesterol abnormal,51
tofacitinib citrate,road traffic accident,51
tofacitinib citrate,speech disorder,51
tolvaptan,alanine aminotransferase increased,51
tramadol,miosis,51
tramadol hydrochloride,wound,51
trastuzumab,chills,51
trastuzumab,headache,51
treprostinil,abnormal loss of weight,51
treprostinil,eructation,51
treprostinil,mental status changes,51
trofinetide,malaise,51
ublituximab,malaise,51
upadacitinib,confusional state,51
upadacitinib,joint dislocation,51
upadacitinib,scar,51
upadacitinib,tremor,51
ustekinumab,infection,51
ustekinumab,nasopharyngitis,51
valsartan,hypotension,51
vancomycin,drug ineffective for unapproved indication,51
vedolizumab,atrial flutter,51
vedolizumab,diarrhoea infectious,51
vedolizumab,ear disorder,51
vedolizumab,eye contusion,51
vedolizumab,goitre,51
vedolizumab,menstrual disorder,51
vedolizumab,myocarditis,51
vedolizumab,pain in jaw,51
vedolizumab,pancreatic failure,51
vedolizumab,pericardial effusion,51
vedolizumab,sensation of foreign body,51
vedolizumab,swelling of eyelid,51
vedolizumab,thyroid cancer,51
velaglucerase alfa,death,51
velaglucerase alfa,product prescribing issue,51
venetoclax,hypotension,51
venlafaxine hydrochloride,seizure,51
zolbetuximab-clzb,malaise,51
zoledronic acid,renal impairment,51
zoledronic acid,weight decreased,51
.alpha.1-proteinase inhibitor human,breath sounds abnormal,50
.alpha.1-proteinase inhibitor human,drug ineffective,50
.alpha.1-proteinase inhibitor human,dysuria,50
.alpha.1-proteinase inhibitor human,heart rate irregular,50
.alpha.1-proteinase inhibitor human,loss of consciousness,50
.alpha.1-proteinase inhibitor human,oedema,50
.alpha.1-proteinase inhibitor human,therapy interrupted,50
abaloparatide,cough,50
abaloparatide,rib fracture,50
abaloparatide,urticaria,50
abatacept,abdominal distension,50
abatacept,bone erosion,50
abatacept,bronchitis,50
abatacept,device issue,50
abatacept,fluid retention,50
abatacept,rash pruritic,50
abemaciclib,malaise,50
abemaciclib,stomatitis,50
acalabrutinib,myalgia,50
acarbose,abdominal distension,50
acetaminophen,anxiety,50
acetaminophen,drug dependence,50
acetaminophen,premature baby,50
acetaminophen,shock,50
acetazolamide,off label use,50
adalimumab,anal abscess,50
adalimumab,anaphylactic reaction,50
adalimumab,intestinal stenosis,50
adalimumab-adaz,ankylosing spondylitis,50
adalimumab-adaz,pneumonia,50
adalimumab-adaz,uveitis,50
adalimumab-afzb,therapeutic response shortened,50
adalimumab-fkjp,illness,50
aflibercept,death,50
albuterol,lung disorder,50
albuterol sulfate\ipratropium bromide,dyspnoea,50
alendronate sodium,joint stiffness,50
alendronate sodium,sleep disorder due to a general medical condition,50
alendronic acid,anti-cyclic citrullinated peptide antibody positive,50
alendronic acid,hepatic enzyme increased,50
alendronic acid,hypersensitivity,50
alendronic acid,malaise,50
alendronic acid,weight increased,50
ambrisentan,nasopharyngitis,50
amikacin,hypoacusis,50
amivantamab-vmjw,skin toxicity,50
amoxicillin,vomiting,50
amphetamine aspartate\amphetamine sulfate\dextroamphetamine saccharate\dextroamphetamine sulfate,dizziness,50
amphetamine aspartate\amphetamine sulfate\dextroamphetamine saccharate\dextroamphetamine sulfate,irritability,50
anakinra,haemophagocytic lymphohistiocytosis,50
anakinra,injection site pain,50
apalutamide,decreased appetite,50
apixaban,palpitations,50
apixaban,urinary tract infection,50
apomorphine hydrochloride,infusion site erythema,50
apremilast,intentional product misuse,50
atezolizumab,pain,50
atogepant,drug ineffective,50
axitinib,blood pressure increased,50
azacitidine,cytopenia,50
baclofen,hypotension,50
benralizumab,incorrect dose administered,50
bevacizumab,retinal haemorrhage,50
bimekizumab,sinusitis,50
bimekizumab-bkzx,blister,50
bimekizumab-bkzx,feeling abnormal,50
bimekizumab-bkzx,oral herpes,50
blinatumomab,off label use,50
bortezomib,fatigue,50
brentuximab vedotin,pneumonia,50
brigatinib,abdominal distension,50
brigatinib,blood glucose abnormal,50
brigatinib,blood pressure decreased,50
budesonide,contusion,50
budesonide,swelling,50
bupivacaine,labelled drug-drug interaction medication error,50
buprenorphine,substance use disorder,50
buprenorphine hydrochloride,product adhesion issue,50
bupropion,completed suicide,50
bupropion,drug ineffective,50
bupropion hydrochloride,off label use,50
bupropion hydrochloride\dextromethorphan hydrobromide,therapy interrupted,50
bupropion hydrochloride\naltrexone hydrochloride,dry mouth,50
cabazitaxel,haematuria,50
cabozantinib,fatigue,50
calcium carbonate,muscle spasms,50
calcium carbonate,treatment failure,50
calcium chloride\dextrose\magnesium chloride\sodium chloride\sodium lactate,infection,50
calcium oxybate\magnesium oxybate\potassium oxybate\sodium oxybate,feeling hot,50
calcium oxybate\magnesium oxybate\potassium oxybate\sodium oxybate,head injury,50
calcium oxybate\magnesium oxybate\potassium oxybate\sodium oxybate,hepatic steatosis,50
canakinumab,condition aggravated,50
capecitabine,decreased appetite,50
capecitabine,mucosal inflammation,50
capivasertib,diabetes mellitus,50
carbamazepine,drug abuse,50
carboplatin,chest discomfort,50
carboplatin,neutropenic sepsis,50
carboplatin,toxicity to various agents,50
carboplatin,tumour lysis syndrome,50
celecoxib,retinitis,50
certolizumab pegol,abdominal distension,50
certolizumab pegol,injection site rash,50
cetirizine hydrochloride,anti-cyclic citrullinated peptide antibody positive,50
cetirizine hydrochloride,arthropathy,50
cetirizine hydrochloride,helicobacter infection,50
chlorhexidine gluconate\isopropyl alcohol,device issue,50
ciclesonide,therapeutic product effect incomplete,50
ciprofloxacin,confusional state,50
clopidogrel bisulfate,hypoglycaemia,50
clozapine,suicide attempt,50
cyclophosphamide,acute kidney injury,50
cyclosporine,erythema,50
dapagliflozin,abdominal pain,50
dapagliflozin,inability to afford medication,50
dapsone,methaemoglobinaemia,50
daptomycin,eosinophilia,50
datopotamab deruxtecan-dlnk,off label use,50
denosumab,thoracic vertebral fracture,50
dexamethasone sodium phosphate,off label use,50
dexamethasone sodium phosphate,plasma cell myeloma,50
dextromethorphan hydrobromide\guaifenesin,incorrect product administration duration,50
diclofenac,obesity,50
diclofenac,road traffic accident,50
diclofenac,"sleep disorder due to general medical condition, insomnia type",50
diclofenac sodium,lip dry,50
diclofenac sodium,liver function test increased,50
diclofenac sodium,lower limb fracture,50
dimethyl fumarate,dizziness,50
dimethyl fumarate,fall,50
dimethyl fumarate,vomiting,50
dolutegravir\lamivudine\tenofovir disoproxil fumarate,foetal exposure during pregnancy,50
doxycycline,arthralgia,50
doxycycline,pruritus,50
drospirenone,intentional dose omission,50
drospirenone,product dose omission issue,50
duloxetine hydrochloride,drug ineffective,50
dupilumab,dandruff,50
dupilumab,eczema nummular,50
dupilumab,hysterectomy,50
dupilumab,immunodeficiency,50
dupilumab,movement disorder,50
dupilumab,skin papilloma,50
dupilumab,treatment noncompliance,50
durvalumab,weight decreased,50
eculizumab,breakthrough haemolysis,50
eculizumab,general physical health deterioration,50
eculizumab,influenza,50
efanesoctocog alfa,fall,50
elapegademase-lvlr,headache,50
elapegademase-lvlr,neutropenia,50
elapegademase-lvlr,seborrhoeic dermatitis,50
elexacaftor\ivacaftor\tezacaftor,depressed mood,50
elexacaftor\ivacaftor\tezacaftor,hepatic enzyme increased,50
elexacaftor\ivacaftor\tezacaftor,liver function test increased,50
emicizumab-kxwh,ligament sprain,50
enasidenib mesylate,death,50
ensifentrine,back pain,50
eptinezumab-jjmr,cough,50
erenumab-aooe,rash,50
esomeprazole magnesium,arthralgia,50
esomeprazole magnesium,dysarthria,50
estradiol,feeling abnormal,50
estradiol,hyperhidrosis,50
estradiol\norethindrone acetate,vaginal haemorrhage,50
etanercept,intentional product misuse,50
etanercept-szzs,alopecia,50
etanercept-szzs,pericarditis,50
evolocumab,peripheral swelling,50
exemestane,arthralgia,50
exenatide,blood glucose increased,50
fam-trastuzumab deruxtecan-nxki,pain,50
faricimab-svoa,iridocyclitis,50
fenfluramine,feeding disorder,50
fenfluramine,hypersensitivity,50
fenfluramine,left atrial dilatation,50
finasteride,asthenia,50
flutemetamol f-18,back pain,50
fluticasone propionate\salmeterol xinafoate,fatigue,50
foscarbidopa\foslevodopa,insomnia,50
fruquintinib,metastases to lung,50
fulvestrant,abdominal pain,50
fulvestrant,metastases to lymph nodes,50
gabapentin,hypoaesthesia,50
gabapentin,weight increased,50
ganaxolone,product dose omission issue,50
gilteritinib,product use issue,50
givinostat,blood triglycerides increased,50
glatiramer acetate,chills,50
glatiramer acetate,pain,50
golimumab,breast cancer,50
guselkumab,device occlusion,50
human immunoglobulin g,dental caries,50
human immunoglobulin g,ear haemorrhage,50
human immunoglobulin g,ecchymosis,50
human immunoglobulin g,fear,50
human immunoglobulin g,fibrin d dimer increased,50
human immunoglobulin g,infusion site hypersensitivity,50
human immunoglobulin g,iron deficiency,50
human immunoglobulin g,non-hodgkin's lymphoma,50
human immunoglobulin g,oesophagitis,50
human immunoglobulin g,partial seizures,50
human immunoglobulin g,peroneal nerve palsy,50
human immunoglobulin g,tonsillitis,50
human immunoglobulin g,urinary tract disorder,50
human immunoglobulin g,urine output decreased,50
human immunoglobulin g,vasculitis,50
human immunoglobulin g\hyaluronidase (human recombinant),clostridium difficile infection,50
human immunoglobulin g\hyaluronidase (human recombinant),fibromyalgia,50
human immunoglobulin g\hyaluronidase (human recombinant),injection site discomfort,50
human immunoglobulin g\hyaluronidase (human recombinant),pneumothorax,50
human immunoglobulin g\hyaluronidase (human recombinant),spinal pain,50
hydroxychloroquine,rash,50
ibrutinib,hospitalisation,50
ibuprofen,gastritis,50
ibuprofen,meningitis aseptic,50
icatibant acetate,acne,50
icatibant acetate,cholelithiasis,50
icatibant acetate,prostate cancer,50
icatibant acetate,seasonal allergy,50
idursulfase,aneurysm ruptured,50
idursulfase,anuria,50
idursulfase,apathy,50
idursulfase,blindness unilateral,50
idursulfase,catheter site extravasation,50
idursulfase,drooling,50
idursulfase,gastrointestinal bacterial infection,50
idursulfase,haemorrhagic stroke,50
idursulfase,ischaemic stroke,50
idursulfase,mesenteric lymphadenitis,50
idursulfase,overweight,50
idursulfase,peritonsillar abscess,50
idursulfase,pharyngotonsillitis,50
idursulfase,poor peripheral circulation,50
idursulfase,pulmonary arterial pressure abnormal,50
idursulfase,puncture site pain,50
idursulfase,spontaneous penile erection,50
idursulfase,toothache,50
idursulfase,vasoconstriction,50
idursulfase,vocal cord disorder,50
infliximab,arthropathy,50
infliximab,pharyngitis streptococcal,50
infliximab,visual impairment,50
infliximab,wound infection,50
insulin glargine,device operational issue,50
insulin human,hyperglycaemia,50
isatuximab,hepatic function abnormal,50
istradefylline,drug ineffective,50
ixazomib,chest pain,50
ixazomib,feeling abnormal,50
ixazomib,weight decreased,50
lamotrigine,malaise,50
lanadelumab,syncope,50
lanreotide acetate,gait disturbance,50
lansoprazole,hyponatraemia,50
laronidase,condition aggravated,50
leflunomide,pruritus,50
leflunomide,therapeutic product effect incomplete,50
lenalidomide,amnesia,50
lenalidomide,gastroenteritis viral,50
lenalidomide,leukopenia,50
lenalidomide,white blood cell count abnormal,50
lenvatinib,hyperthyroidism,50
lenvatinib,immune-mediated lung disease,50
lenvatinib,type 1 diabetes mellitus,50
letrozole,pneumonia,50
leuprolide acetate,depression,50
leuprolide acetate,needle issue,50
levofloxacin,asthenia,50
levonorgestrel,abdominal discomfort,50
levothyroxine,pain,50
lidocaine,product adhesion issue,50
lidocaine hydrochloride,local anaesthetic systemic toxicity,50
linezolid,myelosuppression,50
lisdexamfetamine,recalled product administered,50
loperamide,drug ineffective,50
lorlatinib,insomnia,50
lotilaner,product prescribing issue,50
luspatercept-aamt,product storage error,50
mepolizumab,multiple allergies,50
metformin hydrochloride,back pain,50
metformin hydrochloride,contraindicated product administered,50
metformin hydrochloride,loss of consciousness,50
metformin hydrochloride,suicide attempt,50
methotrexate,exostosis,50
methotrexate,hepatic steatosis,50
methotrexate,hypotension,50
methotrexate,laryngitis,50
methotrexate,product dose omission issue,50
methotrexate sodium,lymphoproliferative disorder,50
methotrexate sodium,therapeutic product effect incomplete,50
metoprolol,bradycardia,50
metronidazole,neuropathy peripheral,50
mirabegron,headache,50
mirvetuximab soravtansine-gynx,neuropathy peripheral,50
montelukast sodium,drug ineffective,50
montelukast sodium,headache,50
mupirocin,product prescribing issue,50
mycophenolate mofetil,graft versus host disease,50
mycophenolate mofetil,therapy partial responder,50
mycophenolate mofetil,transplant dysfunction,50
naproxen,diarrhoea,50
natalizumab,breast cancer female,50
nemolizumab-ilto,fall,50
nintedanib,diarrhoea haemorrhagic,50
nintedanib,heart rate increased,50
niraparib,dizziness,50
niraparib,thrombocytopenia,50
nirmatrelvir\ritonavir,prescription drug used without a prescription,50
nivolumab,hepatitis,50
norepinephrine bitartrate,drug ineffective,50
ocrelizumab,abdominal pain upper,50
ocrelizumab,intervertebral disc protrusion,50
ocrelizumab,throat tightness,50
octreotide acetate,headache,50
ofatumumab,hemiparesis,50
ofatumumab,neck pain,50
ofatumumab,syncope,50
olanzapine,catatonia,50
olaparib,drug intolerance,50
olaparib,myalgia,50
olmesartan,sprue-like enteropathy,50
omeprazole,tubulointerstitial nephritis,50
osimertinib,hypotension,50
oxaliplatin,drug hypersensitivity,50
oxaliplatin,tachycardia,50
oxycodone hydrochloride,abdominal pain upper,50
oxycodone hydrochloride,blister,50
oxycodone hydrochloride,folliculitis,50
paclitaxel,hyperhidrosis,50
paclitaxel,paraesthesia,50
palbociclib,vision blurred,50
paliperidone palmitate,syringe issue,50
pancrelipase amylase\pancrelipase lipase\pancrelipase protease,dyspnoea,50
pancrelipase amylase\pancrelipase lipase\pancrelipase protease,hip fracture,50
pantoprazole,dizziness,50
parathyroid hormone,covid-19,50
peanut,nausea,50
pegfilgrastim,device leakage,50
pembrolizumab,back pain,50
pembrolizumab,haemoglobin decreased,50
pembrolizumab,incorrect dose administered,50
pembrolizumab,rheumatoid arthritis,50
pemetrexed,off label use,50
perfluorohexyloctane,product container issue,50
pexidartinib,fatigue,50
pimavanserin tartrate,weight decreased,50
polatuzumab vedotin,alanine aminotransferase increased,50
polyethylene glycol 3350,drug effect less than expected,50
pomalidomide,anxiety,50
pomalidomide,bronchitis,50
pomalidomide,visual impairment,50
ponatinib,cerebral disorder,50
prednisolone,maternal exposure during pregnancy,50
prednisone,atrial fibrillation,50
prednisone,exposure during pregnancy,50
prednisone,hypotension,50
prednisone,interstitial lung disease,50
prednisone,myasthenia gravis,50
prednisone,pruritus,50
pregabalin,abdominal discomfort,50
pregabalin,amnesia,50
pregabalin,mental disorder,50
pregabalin,oropharyngeal pain,50
pregabalin,therapeutic product effect incomplete,50
quetiapine,malaise,50
ravulizumab-cwvz,haptoglobin decreased,50
ravulizumab-cwvz,white blood cell count decreased,50
relugolix,gastrointestinal disorder,50
relugolix,product distribution issue,50
relugolix,tooth infection,50
ribociclib succinate,urticaria,50
rilonacept,product dose omission issue,50
rimegepant sulfate,therapeutic product effect incomplete,50
riociguat,vomiting,50
risankizumab-rzaa,deep vein thrombosis,50
risankizumab-rzaa,dysstasia,50
risankizumab-rzaa,shoulder arthroplasty,50
risankizumab-rzaa,suicidal ideation,50
risankizumab-rzaa,wound,50
risdiplam,product dose omission issue,50
risperidone,dyskinesia,50
risperidone,increased appetite,50
rituximab,x-ray abnormal,50
rituximab-abbs,pain,50
rituximab-pvvr,therapeutic response shortened,50
rituximab-pvvr,tremor,50
rosuvastatin,pruritus,50
rosuvastatin calcium,drug hypersensitivity,50
rosuvastatin calcium,fatigue,50
ruxolitinib,blood creatinine increased,50
ruxolitinib,blood lactate dehydrogenase increased,50
ruxolitinib,pulmonary embolism,50
sacubitril\valsartan,cerebrovascular accident,50
secukinumab,delirium,50
secukinumab,dislocation of vertebra,50
selexipag,malaise,50
semaglutide,amnesia,50
semaglutide,erectile dysfunction,50
sertraline hydrochloride,akathisia,50
sildenafil,cardiac failure,50
sofpironium bromide,vision blurred,50
somatropin,seizure,50
sotatercept,fatigue,50
sulfur hexafluoride,anaphylactic reaction,50
tacrolimus,fungal infection,50
tacrolimus,neutropenia,50
technetium tc-99m tetrofosmin,no adverse event,50
teduglutide,c-reactive protein increased,50
teduglutide,calcium deficiency,50
teduglutide,cholecystitis,50
teduglutide,device related thrombosis,50
teduglutide,energy increased,50
teduglutide,gastric polyps,50
teduglutide,gastrointestinal motility disorder,50
teduglutide,lyme disease,50
teduglutide,multiple use of single-use product,50
teduglutide,oral candidiasis,50
teduglutide,skin reaction,50
teduglutide,stoma site dermatitis,50
tezepelumab,arthralgia,50
tezepelumab-ekko,accidental exposure to product,50
tezepelumab-ekko,hypersensitivity,50
tiotropium bromide,drug dose omission by device,50
tirzepatide,incorrect route of product administration,50
tirzepatide,injection site induration,50
tirzepatide,jaundice,50
tivozanib hydrochloride,disease progression,50
tocilizumab,breast cancer stage iii,50
tofacitinib citrate,vertigo,50
tolvaptan,polydipsia,50
tramadol,suicide attempt,50
tramadol hydrochloride,pain,50
treprostinil,arthropathy,50
treprostinil,device kink,50
treprostinil,drug interaction,50
treprostinil,generalised oedema,50
treprostinil,injection site irritation,50
treprostinil,pulmonary congestion,50
treprostinil,toothache,50
treprostinil,unevaluable device issue,50
trofinetide,aggression,50
trospium chloride\xanomeline,vision blurred,50
umeclidinium bromide\vilanterol trifenatate,dyspnoea,50
upadacitinib,burning sensation,50
upadacitinib,interstitial lung disease,50
upadacitinib,retinal detachment,50
upadacitinib,transient ischaemic attack,50
upadacitinib,viral infection,50
vedolizumab,autoimmune disorder,50
vedolizumab,campylobacter gastroenteritis,50
vedolizumab,clavicle fracture,50
vedolizumab,dementia alzheimer's type,50
vedolizumab,gingival bleeding,50
vedolizumab,ocular discomfort,50
vedolizumab,postoperative abscess,50
velaglucerase alfa,paraesthesia,50
velaglucerase alfa,skin laceration,50
velaglucerase alfa,tendon disorder,50
venlafaxine hydrochloride,mydriasis,50
vonoprazan fumarate,illness,50
vutrisiran,fall,50
zilucoplan,diarrhoea,50
zuranolone,tremor,50
